conversation,domain,pattern,attempt,primary_valid,source_view,window,phase,turn,ordinal,arc_id,arc_age,arc_pivot,semantic_coverage,semantic_unavailable_reason,source_word_count,response_capped,context_activation_total,context_positive_coverage,context_hhi,opening_text_jaccard,recent_participant_text_jaccard,opening_participant_concept_jaccard,recent_participant_concept_jaccard,recent_participant_relationship_jaccard,history_hhi,history_top_mass,history_entropy_nats,history_context_tv,history_rank_displacement,history_candidate_count,history_effective_count,saa_candidate_count,saa_entropy_nats,saa_effective_candidate_count,saa_max_mass,background_candidate_count,background_mass,background_unselected_count,selected_landing,selected_landing_rolling_repeat,active_neighborhood_count,candidates_adjacent_jaccard,neighborhood_adjacent_jaccard,routes_adjacent_jaccard,route_count,concept_count,relationship_count,concept_rolling_novelty_mean,relationship_rolling_novelty_mean,concept_rolling_saturation,relationship_rolling_saturation,concept_new_count,relationship_new_count,structure_new_count,concept_new_per_100_words,relationship_new_per_100_words,structure_new_per_100_words,concept_rolling_new_per_turn,relationship_rolling_new_per_turn,evidence_new_count,evidence_new_per_100_words,evidence_rolling_novelty_mean,word3_recent_max_jaccard,char5_recent_max_jaccard,c1_concept_persistence_proxy,c2_structure_persistence_proxy,c3_context_persistence_proxy,structure_repeat_raw,structure_repeat_age_conditioned,evidence_aware_repeat_raw,evidence_aware_repeat_age_conditioned,surface_repeat_raw,surface_repeat_age_conditioned
c001,network,F-new,main-network-F-new-r0,False,participant,3,early1-3,1,1,conversation:c001:0,1,False,True,,30,False,4941661.0,0.015022860875244938,0.07308717654071288,1.0,,,,,0.041883455013650116,0.06622538485226773,3.5127557830002067,0.0050366537869331015,0.013277428371767994,54,33.540571077198265,54,3.5185245414082225,33.73461769450448,0.065887,52,0.978407,51,edge:62d966570215e4adc4841dcdfe206d2ea4d777d33bafee50983ccbd6ca60f181,,3,,,,2,0,0,,,,,,,,,,,,,,,,,,,,,,,,,,
c001,network,F-new,main-network-F-new-r0,False,participant,5,early1-3,1,1,conversation:c001:0,1,False,True,,30,False,4941661.0,0.015022860875244938,0.07308717654071288,1.0,,,,,0.041883455013650116,0.06622538485226773,3.5127557830002067,0.0050366537869331015,0.013277428371767994,54,33.540571077198265,54,3.5185245414082225,33.73461769450448,0.065887,52,0.978407,51,edge:62d966570215e4adc4841dcdfe206d2ea4d777d33bafee50983ccbd6ca60f181,,3,,,,2,0,0,,,,,,,,,,,,,,,,,,,,,,,,,,
c001,network,F-new,main-network-F-new-r0,False,gemma,3,early1-3,1,1,conversation:c001:0,1,False,False,incomplete_or_mismatched_source_coverage,445,False,4941661.0,0.015022860875244938,0.07308717654071288,0.10493827160493827,,,,,0.041883455013650116,0.06622538485226773,3.5127557830002067,0.0050366537869331015,0.013277428371767994,54,33.540571077198265,54,3.5185245414082225,33.73461769450448,0.065887,52,0.978407,51,edge:62d966570215e4adc4841dcdfe206d2ea4d777d33bafee50983ccbd6ca60f181,,3,,,,2,,,,,,,,,,,,,,,,,,,,,,,,,,,,
c001,network,F-new,main-network-F-new-r0,False,gemma,5,early1-3,1,1,conversation:c001:0,1,False,False,incomplete_or_mismatched_source_coverage,445,False,4941661.0,0.015022860875244938,0.07308717654071288,0.10493827160493827,,,,,0.041883455013650116,0.06622538485226773,3.5127557830002067,0.0050366537869331015,0.013277428371767994,54,33.540571077198265,54,3.5185245414082225,33.73461769450448,0.065887,52,0.978407,51,edge:62d966570215e4adc4841dcdfe206d2ea4d777d33bafee50983ccbd6ca60f181,,3,,,,2,,,,,,,,,,,,,,,,,,,,,,,,,,,,
c001,network,F-new,main-network-F-new-r0,False,combined,3,early1-3,1,1,conversation:c001:0,1,False,False,incomplete_or_mismatched_source_coverage,475,False,4941661.0,0.015022860875244938,0.07308717654071288,0.1728395061728395,,,,,0.041883455013650116,0.06622538485226773,3.5127557830002067,0.0050366537869331015,0.013277428371767994,54,33.540571077198265,54,3.5185245414082225,33.73461769450448,0.065887,52,0.978407,51,edge:62d966570215e4adc4841dcdfe206d2ea4d777d33bafee50983ccbd6ca60f181,,3,,,,2,,,,,,,,,,,,,,,,,,,,,,,,,,,,
c001,network,F-new,main-network-F-new-r0,False,combined,5,early1-3,1,1,conversation:c001:0,1,False,False,incomplete_or_mismatched_source_coverage,475,False,4941661.0,0.015022860875244938,0.07308717654071288,0.1728395061728395,,,,,0.041883455013650116,0.06622538485226773,3.5127557830002067,0.0050366537869331015,0.013277428371767994,54,33.540571077198265,54,3.5185245414082225,33.73461769450448,0.065887,52,0.978407,51,edge:62d966570215e4adc4841dcdfe206d2ea4d777d33bafee50983ccbd6ca60f181,,3,,,,2,,,,,,,,,,,,,,,,,,,,,,,,,,,,
c001,network,F-new,main-network-F-new-r0,False,participant,3,early1-3,2,2,conversation:c001:0,2,False,False,incomplete_or_mismatched_source_coverage,23,False,3100000.0,0.0045721750489875895,0.2351716961498439,0.11627906976744186,0.11627906976744186,,,,0.041883455013650116,0.06622538485226773,3.5127557830002067,0.00191182689346654,0.008735150244584208,54,33.540571077198265,54,3.514988994626735,33.61555797012406,0.066098,53,0.9898100000000001,52,edge:e65a5e961a6bbf3e20dadabc05b3e6f3b24d709ce4f61f9de3994befdb262b30,,2,1.0,0.0,0.0,1,,,,,,,,,,,,,,,,,,0.0,0.05190311418685121,,,,,,,,0.025951557093425604,0.005190311418685121
c001,network,F-new,main-network-F-new-r0,False,participant,5,early1-3,2,2,conversation:c001:0,2,False,False,incomplete_or_mismatched_source_coverage,23,False,3100000.0,0.0045721750489875895,0.2351716961498439,0.11627906976744186,0.11627906976744186,,,,0.041883455013650116,0.06622538485226773,3.5127557830002067,0.00191182689346654,0.008735150244584208,54,33.540571077198265,54,3.514988994626735,33.61555797012406,0.066098,53,0.9898100000000001,52,edge:e65a5e961a6bbf3e20dadabc05b3e6f3b24d709ce4f61f9de3994befdb262b30,,2,1.0,0.0,0.0,1,,,,,,,,,,,,,,,,,,0.0,0.05190311418685121,,,,,,,,0.025951557093425604,0.005190311418685121
c001,network,F-new,main-network-F-new-r0,False,gemma,3,early1-3,2,2,conversation:c001:0,2,False,False,incomplete_or_mismatched_source_coverage,247,False,3100000.0,0.0045721750489875895,0.2351716961498439,0.11206896551724138,0.11206896551724138,,,,0.041883455013650116,0.06622538485226773,3.5127557830002067,0.00191182689346654,0.008735150244584208,54,33.540571077198265,54,3.514988994626735,33.61555797012406,0.066098,53,0.9898100000000001,52,edge:e65a5e961a6bbf3e20dadabc05b3e6f3b24d709ce4f61f9de3994befdb262b30,,2,1.0,0.0,0.0,1,,,,,,,,,,,,,,,,,,0.008130081300813009,0.09129511677282377,,,,,,,,0.04971259903681839,0.00994251980736368
c001,network,F-new,main-network-F-new-r0,False,gemma,5,early1-3,2,2,conversation:c001:0,2,False,False,incomplete_or_mismatched_source_coverage,247,False,3100000.0,0.0045721750489875895,0.2351716961498439,0.11206896551724138,0.11206896551724138,,,,0.041883455013650116,0.06622538485226773,3.5127557830002067,0.00191182689346654,0.008735150244584208,54,33.540571077198265,54,3.514988994626735,33.61555797012406,0.066098,53,0.9898100000000001,52,edge:e65a5e961a6bbf3e20dadabc05b3e6f3b24d709ce4f61f9de3994befdb262b30,,2,1.0,0.0,0.0,1,,,,,,,,,,,,,,,,,,0.008130081300813009,0.09129511677282377,,,,,,,,0.04971259903681839,0.00994251980736368
c001,network,F-new,main-network-F-new-r0,False,combined,3,early1-3,2,2,conversation:c001:0,2,False,False,incomplete_or_mismatched_source_coverage,270,False,3100000.0,0.0045721750489875895,0.2351716961498439,0.1111111111111111,0.1111111111111111,,,,0.041883455013650116,0.06622538485226773,3.5127557830002067,0.00191182689346654,0.008735150244584208,54,33.540571077198265,54,3.514988994626735,33.61555797012406,0.066098,53,0.9898100000000001,52,edge:e65a5e961a6bbf3e20dadabc05b3e6f3b24d709ce4f61f9de3994befdb262b30,,2,1.0,0.0,0.0,1,,,,,,,,,,,,,,,,,,0.008995502248875561,0.0952006294256491,,,,,,,,0.05209806583726233,0.010419613167452466
c001,network,F-new,main-network-F-new-r0,False,combined,5,early1-3,2,2,conversation:c001:0,2,False,False,incomplete_or_mismatched_source_coverage,270,False,3100000.0,0.0045721750489875895,0.2351716961498439,0.1111111111111111,0.1111111111111111,,,,0.041883455013650116,0.06622538485226773,3.5127557830002067,0.00191182689346654,0.008735150244584208,54,33.540571077198265,54,3.514988994626735,33.61555797012406,0.066098,53,0.9898100000000001,52,edge:e65a5e961a6bbf3e20dadabc05b3e6f3b24d709ce4f61f9de3994befdb262b30,,2,1.0,0.0,0.0,1,,,,,,,,,,,,,,,,,,0.008995502248875561,0.0952006294256491,,,,,,,,0.05209806583726233,0.010419613167452466
c001,network,F-new,main-network-F-new-r0,False,participant,3,early1-3,3,3,conversation:c001:0,3,False,True,,21,False,4199998.0,0.010450685826257348,0.09797813564060583,0.06818181818181818,0.06896551724137931,,,,0.041883455013650116,0.06622538485226773,3.5127557830002067,0.006603653786933064,0.013277428371767994,54,33.540571077198265,54,3.519963300918717,33.78318862911379,0.065781,52,0.97684,51,edge:f5675b97565707f8b6039f6b4605f4a748ecac2b757cdd38f9b26eb7a630e8a8,0.0,3,1.0,0.0,0.0,2,0,0,,,,,,,,,,,,,,,,0.0,0.043478260869565216,,,,,,,,0.021739130434782608,0.008695652173913044
c001,network,F-new,main-network-F-new-r0,False,participant,5,early1-3,3,3,conversation:c001:0,3,False,True,,21,False,4199998.0,0.010450685826257348,0.09797813564060583,0.06818181818181818,0.06896551724137931,,,,0.041883455013650116,0.06622538485226773,3.5127557830002067,0.006603653786933064,0.013277428371767994,54,33.540571077198265,54,3.519963300918717,33.78318862911379,0.065781,52,0.97684,51,edge:f5675b97565707f8b6039f6b4605f4a748ecac2b757cdd38f9b26eb7a630e8a8,,3,1.0,0.0,0.0,2,0,0,,,,,,,,,,,,,,,,0.0,0.043478260869565216,,,,,,,,0.021739130434782608,0.008695652173913044
c001,network,F-new,main-network-F-new-r0,False,gemma,3,early1-3,3,3,conversation:c001:0,3,False,False,incomplete_or_mismatched_source_coverage,298,False,4199998.0,0.010450685826257348,0.09797813564060583,0.09565217391304348,0.08461538461538462,,,,0.041883455013650116,0.06622538485226773,3.5127557830002067,0.006603653786933064,0.013277428371767994,54,33.540571077198265,54,3.519963300918717,33.78318862911379,0.065781,52,0.97684,51,edge:f5675b97565707f8b6039f6b4605f4a748ecac2b757cdd38f9b26eb7a630e8a8,0.0,3,1.0,0.0,0.0,2,,,,,,,,,,,,,,,,,,0.03307086614173228,0.16973506960035922,,,,,,,,0.10140296787104575,0.040561187148418304
c001,network,F-new,main-network-F-new-r0,False,gemma,5,early1-3,3,3,conversation:c001:0,3,False,False,incomplete_or_mismatched_source_coverage,298,False,4199998.0,0.010450685826257348,0.09797813564060583,0.09565217391304348,0.08461538461538462,,,,0.041883455013650116,0.06622538485226773,3.5127557830002067,0.006603653786933064,0.013277428371767994,54,33.540571077198265,54,3.519963300918717,33.78318862911379,0.065781,52,0.97684,51,edge:f5675b97565707f8b6039f6b4605f4a748ecac2b757cdd38f9b26eb7a630e8a8,,3,1.0,0.0,0.0,2,,,,,,,,,,,,,,,,,,0.03307086614173228,0.16973506960035922,,,,,,,,0.10140296787104575,0.040561187148418304
c001,network,F-new,main-network-F-new-r0,False,combined,3,early1-3,3,3,conversation:c001:0,3,False,False,incomplete_or_mismatched_source_coverage,319,False,4199998.0,0.010450685826257348,0.09797813564060583,0.09243697478991597,0.09022556390977443,,,,0.041883455013650116,0.06622538485226773,3.5127557830002067,0.006603653786933064,0.013277428371767994,54,33.540571077198265,54,3.519963300918717,33.78318862911379,0.065781,52,0.97684,51,edge:f5675b97565707f8b6039f6b4605f4a748ecac2b757cdd38f9b26eb7a630e8a8,0.0,3,1.0,0.0,0.0,2,,,,,,,,,,,,,,,,,,0.030656934306569343,0.16314454775993237,,,,,,,,0.09690074103325086,0.038760296413300345
c001,network,F-new,main-network-F-new-r0,False,combined,5,early1-3,3,3,conversation:c001:0,3,False,False,incomplete_or_mismatched_source_coverage,319,False,4199998.0,0.010450685826257348,0.09797813564060583,0.09243697478991597,0.09022556390977443,,,,0.041883455013650116,0.06622538485226773,3.5127557830002067,0.006603653786933064,0.013277428371767994,54,33.540571077198265,54,3.519963300918717,33.78318862911379,0.065781,52,0.97684,51,edge:f5675b97565707f8b6039f6b4605f4a748ecac2b757cdd38f9b26eb7a630e8a8,,3,1.0,0.0,0.0,2,,,,,,,,,,,,,,,,,,0.030656934306569343,0.16314454775993237,,,,,,,,0.09690074103325086,0.038760296413300345
c001,network,F-new,main-network-F-new-r0,False,participant,3,middle4-5,4,4,conversation:c001:0,4,False,False,incomplete_or_mismatched_source_coverage,25,False,1350000.0,0.001959503592423253,0.5884773662551439,0.08695652173913043,0.19402985074626866,,,,0.041883455013650116,0.06622538485226773,3.5127557830002067,2.3190116523512383e-05,0.0034940600978336828,54,33.540571077198265,54,3.5127280865554336,33.539642135488016,0.066226,54,1.0,53,edge:1d226b8ebd700c5afbfecfd6944ffb9095b4b1a79329e89684443f19b38d0a8b,0.0,2,1.0,0.0,0.0,1,,,,,,,,,,,,,,,,,,0.024390243902439025,0.07630522088353414,,,,,,,,0.05034773239298658,0.030208639435791947
c001,network,F-new,main-network-F-new-r0,False,participant,5,middle4-5,4,4,conversation:c001:0,4,False,False,incomplete_or_mismatched_source_coverage,25,False,1350000.0,0.001959503592423253,0.5884773662551439,0.08695652173913043,0.19402985074626866,,,,0.041883455013650116,0.06622538485226773,3.5127557830002067,2.3190116523512383e-05,0.0034940600978336828,54,33.540571077198265,54,3.5127280865554336,33.539642135488016,0.066226,54,1.0,53,edge:1d226b8ebd700c5afbfecfd6944ffb9095b4b1a79329e89684443f19b38d0a8b,,2,1.0,0.0,0.0,1,,,,,,,,,,,,,,,,,,0.024390243902439025,0.07630522088353414,,,,,,,,0.05034773239298658,0.030208639435791947
c001,network,F-new,main-network-F-new-r0,False,gemma,3,middle4-5,4,4,conversation:c001:0,4,False,False,incomplete_or_mismatched_source_coverage,229,False,1350000.0,0.001959503592423253,0.5884773662551439,0.07086614173228346,0.136986301369863,,,,0.041883455013650116,0.06622538485226773,3.5127557830002067,2.3190116523512383e-05,0.0034940600978336828,54,33.540571077198265,54,3.5127280865554336,33.539642135488016,0.066226,54,1.0,53,edge:1d226b8ebd700c5afbfecfd6944ffb9095b4b1a79329e89684443f19b38d0a8b,0.0,2,1.0,0.0,0.0,1,,,,,,,,,,,,,,,,,,0.02159827213822894,0.13325930038867295,,,,,,,,0.07742878626345094,0.046457271758070566
c001,network,F-new,main-network-F-new-r0,False,gemma,5,middle4-5,4,4,conversation:c001:0,4,False,False,incomplete_or_mismatched_source_coverage,229,False,1350000.0,0.001959503592423253,0.5884773662551439,0.07086614173228346,0.136986301369863,,,,0.041883455013650116,0.06622538485226773,3.5127557830002067,2.3190116523512383e-05,0.0034940600978336828,54,33.540571077198265,54,3.5127280865554336,33.539642135488016,0.066226,54,1.0,53,edge:1d226b8ebd700c5afbfecfd6944ffb9095b4b1a79329e89684443f19b38d0a8b,,2,1.0,0.0,0.0,1,,,,,,,,,,,,,,,,,,0.02159827213822894,0.13325930038867295,,,,,,,,0.07742878626345094,0.046457271758070566
c001,network,F-new,main-network-F-new-r0,False,combined,3,middle4-5,4,4,conversation:c001:0,4,False,False,incomplete_or_mismatched_source_coverage,254,False,1350000.0,0.001959503592423253,0.5884773662551439,0.06818181818181818,0.16326530612244897,,,,0.041883455013650116,0.06622538485226773,3.5127557830002067,2.3190116523512383e-05,0.0034940600978336828,54,33.540571077198265,54,3.5127280865554336,33.539642135488016,0.066226,54,1.0,53,edge:1d226b8ebd700c5afbfecfd6944ffb9095b4b1a79329e89684443f19b38d0a8b,0.0,2,1.0,0.0,0.0,1,,,,,,,,,,,,,,,,,,0.024193548387096774,0.13752665245202558,,,,,,,,0.08086010041956118,0.04851606025173671
c001,network,F-new,main-network-F-new-r0,False,combined,5,middle4-5,4,4,conversation:c001:0,4,False,False,incomplete_or_mismatched_source_coverage,254,False,1350000.0,0.001959503592423253,0.5884773662551439,0.06818181818181818,0.16326530612244897,,,,0.041883455013650116,0.06622538485226773,3.5127557830002067,2.3190116523512383e-05,0.0034940600978336828,54,33.540571077198265,54,3.5127280865554336,33.539642135488016,0.066226,54,1.0,53,edge:1d226b8ebd700c5afbfecfd6944ffb9095b4b1a79329e89684443f19b38d0a8b,,2,1.0,0.0,0.0,1,,,,,,,,,,,,,,,,,,0.024193548387096774,0.13752665245202558,,,,,,,,0.08086010041956118,0.04851606025173671
c001,network,F-new,main-network-F-new-r0,False,participant,3,middle4-5,5,5,conversation:c001:0,5,False,True,,20,False,2366666.0,0.007184846505551927,0.09779807136419034,0.09302325581395349,0.1,,,,0.041883455013650116,0.06622538485226773,3.5127557830002067,0.009735518703704345,0.0143256464011181,54,33.540571077198265,54,3.505017361039201,33.28202165787077,0.07078,50,0.842913,49,edge:4277c1b9cf38f6fe4d18d855232b0457d86ee215f1af70ac67d1ceb3d6cbb1c3,0.0,5,1.0,0.0,0.0,4,0,0,,,,,,,,,,,,,,,,0.0,0.04819277108433735,,,,,,,,0.024096385542168676,0.01927710843373494
c001,network,F-new,main-network-F-new-r0,False,participant,5,middle4-5,5,5,conversation:c001:0,5,False,True,,20,False,2366666.0,0.007184846505551927,0.09779807136419034,0.09302325581395349,0.075,,,,0.041883455013650116,0.06622538485226773,3.5127557830002067,0.009735518703704345,0.0143256464011181,54,33.540571077198265,54,3.505017361039201,33.28202165787077,0.07078,50,0.842913,49,edge:4277c1b9cf38f6fe4d18d855232b0457d86ee215f1af70ac67d1ceb3d6cbb1c3,0.0,5,1.0,0.0,0.0,4,0,0,,,,,,,,,,,,,,,,0.0,0.04819277108433735,,,,,,,,0.024096385542168676,0.01927710843373494
c001,network,F-new,main-network-F-new-r0,False,gemma,3,middle4-5,5,5,conversation:c001:0,5,False,False,incomplete_or_mismatched_source_coverage,328,False,2366666.0,0.007184846505551927,0.09779807136419034,0.0661764705882353,0.05806451612903226,,,,0.041883455013650116,0.06622538485226773,3.5127557830002067,0.009735518703704345,0.0143256464011181,54,33.540571077198265,54,3.505017361039201,33.28202165787077,0.07078,50,0.842913,49,edge:4277c1b9cf38f6fe4d18d855232b0457d86ee215f1af70ac67d1ceb3d6cbb1c3,0.0,5,1.0,0.0,0.0,4,,,,,,,,,,,,,,,,,,0.009174311926605505,0.09947643979057591,,,,,,,,0.05432537585859071,0.043460300686872566
c001,network,F-new,main-network-F-new-r0,False,gemma,5,middle4-5,5,5,conversation:c001:0,5,False,False,incomplete_or_mismatched_source_coverage,328,False,2366666.0,0.007184846505551927,0.09779807136419034,0.0661764705882353,0.07602339181286549,,,,0.041883455013650116,0.06622538485226773,3.5127557830002067,0.009735518703704345,0.0143256464011181,54,33.540571077198265,54,3.505017361039201,33.28202165787077,0.07078,50,0.842913,49,edge:4277c1b9cf38f6fe4d18d855232b0457d86ee215f1af70ac67d1ceb3d6cbb1c3,0.0,5,1.0,0.0,0.0,4,,,,,,,,,,,,,,,,,,0.009174311926605505,0.09947643979057591,,,,,,,,0.05432537585859071,0.043460300686872566
c001,network,F-new,main-network-F-new-r0,False,combined,3,middle4-5,5,5,conversation:c001:0,5,False,False,incomplete_or_mismatched_source_coverage,348,False,2366666.0,0.007184846505551927,0.09779807136419034,0.06428571428571428,0.06329113924050633,,,,0.041883455013650116,0.06622538485226773,3.5127557830002067,0.009735518703704345,0.0143256464011181,54,33.540571077198265,54,3.505017361039201,33.28202165787077,0.07078,50,0.842913,49,edge:4277c1b9cf38f6fe4d18d855232b0457d86ee215f1af70ac67d1ceb3d6cbb1c3,0.0,5,1.0,0.0,0.0,4,,,,,,,,,,,,,,,,,,0.00865051903114187,0.09880514705882353,,,,,,,,0.0537278330449827,0.04298226643598616
c001,network,F-new,main-network-F-new-r0,False,combined,5,middle4-5,5,5,conversation:c001:0,5,False,False,incomplete_or_mismatched_source_coverage,348,False,2366666.0,0.007184846505551927,0.09779807136419034,0.06428571428571428,0.08045977011494253,,,,0.041883455013650116,0.06622538485226773,3.5127557830002067,0.009735518703704345,0.0143256464011181,54,33.540571077198265,54,3.505017361039201,33.28202165787077,0.07078,50,0.842913,49,edge:4277c1b9cf38f6fe4d18d855232b0457d86ee215f1af70ac67d1ceb3d6cbb1c3,0.0,5,1.0,0.0,0.0,4,,,,,,,,,,,,,,,,,,0.00865051903114187,0.09880514705882353,,,,,,,,0.0537278330449827,0.04298226643598616
c001,network,F-new,main-network-F-new-r0,False,participant,3,mature6-10,6,6,conversation:c001:0,6,False,True,,17,False,5171428.0,0.010450685826257348,0.10339277337578333,0.022727272727272728,0.08196721311475409,,,,0.041883455013650116,0.06622538485226773,3.5127557830002067,0.06460269181023783,0.02026554856743536,54,33.540571077198265,54,3.4454812129864645,31.35836987130296,0.096989,51,0.7963239999999999,50,edge:0c2ebba1e4ea2c9344038e6ba01b958336320087df44d08e33bfc09da70f172e,0.0,2,1.0,0.0,0.0,1,0,0,,,,,,,,,,,,,,,,0.0,0.046610169491525424,,,,,,,,0.023305084745762712,0.023305084745762712
c001,network,F-new,main-network-F-new-r0,False,participant,5,mature6-10,6,6,conversation:c001:0,6,False,True,,17,False,5171428.0,0.010450685826257348,0.10339277337578333,0.022727272727272728,0.05434782608695652,,,,0.041883455013650116,0.06622538485226773,3.5127557830002067,0.06460269181023783,0.02026554856743536,54,33.540571077198265,54,3.4454812129864645,31.35836987130296,0.096989,51,0.7963239999999999,50,edge:0c2ebba1e4ea2c9344038e6ba01b958336320087df44d08e33bfc09da70f172e,0.0,2,1.0,0.0,0.0,1,0,0,,,,,,,,,,,,,,,,0.0,0.046610169491525424,,,,,,,,0.023305084745762712,0.023305084745762712
c001,network,F-new,main-network-F-new-r0,False,gemma,3,mature6-10,6,6,conversation:c001:0,6,False,False,incomplete_or_mismatched_source_coverage,334,False,5171428.0,0.010450685826257348,0.10339277337578333,0.09917355371900827,0.1323529411764706,,,,0.041883455013650116,0.06622538485226773,3.5127557830002067,0.06460269181023783,0.02026554856743536,54,33.540571077198265,54,3.4454812129864645,31.35836987130296,0.096989,51,0.7963239999999999,50,edge:0c2ebba1e4ea2c9344038e6ba01b958336320087df44d08e33bfc09da70f172e,0.0,2,1.0,0.0,0.0,1,,,,,,,,,,,,,,,,,,0.025878003696857672,0.15062560153994226,,,,,,,,0.08825180261839996,0.08825180261839996
c001,network,F-new,main-network-F-new-r0,False,gemma,5,mature6-10,6,6,conversation:c001:0,6,False,False,incomplete_or_mismatched_source_coverage,334,False,5171428.0,0.010450685826257348,0.10339277337578333,0.09917355371900827,0.1419753086419753,,,,0.041883455013650116,0.06622538485226773,3.5127557830002067,0.06460269181023783,0.02026554856743536,54,33.540571077198265,54,3.4454812129864645,31.35836987130296,0.096989,51,0.7963239999999999,50,edge:0c2ebba1e4ea2c9344038e6ba01b958336320087df44d08e33bfc09da70f172e,0.0,2,1.0,0.0,0.0,1,,,,,,,,,,,,,,,,,,0.025878003696857672,0.15062560153994226,,,,,,,,0.08825180261839996,0.08825180261839996
c001,network,F-new,main-network-F-new-r0,False,combined,3,mature6-10,6,6,conversation:c001:0,6,False,False,incomplete_or_mismatched_source_coverage,351,False,5171428.0,0.010450685826257348,0.10339277337578333,0.09375,0.14184397163120568,,,,0.041883455013650116,0.06622538485226773,3.5127557830002067,0.06460269181023783,0.02026554856743536,54,33.540571077198265,54,3.4454812129864645,31.35836987130296,0.096989,51,0.7963239999999999,50,edge:0c2ebba1e4ea2c9344038e6ba01b958336320087df44d08e33bfc09da70f172e,0.0,2,1.0,0.0,0.0,1,,,,,,,,,,,,,,,,,,0.02464788732394366,0.150184842883549,,,,,,,,0.08741636510374633,0.08741636510374633
c001,network,F-new,main-network-F-new-r0,False,combined,5,mature6-10,6,6,conversation:c001:0,6,False,False,incomplete_or_mismatched_source_coverage,351,False,5171428.0,0.010450685826257348,0.10339277337578333,0.09375,0.1497005988023952,,,,0.041883455013650116,0.06622538485226773,3.5127557830002067,0.06460269181023783,0.02026554856743536,54,33.540571077198265,54,3.4454812129864645,31.35836987130296,0.096989,51,0.7963239999999999,50,edge:0c2ebba1e4ea2c9344038e6ba01b958336320087df44d08e33bfc09da70f172e,0.0,2,1.0,0.0,0.0,1,,,,,,,,,,,,,,,,,,0.02464788732394366,0.150184842883549,,,,,,,,0.08741636510374633,0.08741636510374633
c001,network,F-new,main-network-F-new-r0,False,participant,3,mature6-10,7,7,conversation:c001:0,7,False,True,,20,False,6433330.0,0.015022860875244938,0.07230735834694378,0.09523809523809523,0.06060606060606061,,,,0.041883455013650116,0.06622538485226773,3.5127557830002067,2.3190116523512383e-05,0.0034940600978336828,54,33.540571077198265,54,3.5127280865554336,33.539642135488016,0.066226,54,1.0,53,edge:a7468b5a9d50db332ab36faaf59090d68d5a4156a8e2f137dc5fcfadba7a5809,0.0,2,1.0,0.0,0.0,1,0,0,,,,,,,,,,,,,,,,0.02857142857142857,0.05752212389380531,,,,,,,,0.04304677623261694,0.04304677623261694
c001,network,F-new,main-network-F-new-r0,False,participant,5,mature6-10,7,7,conversation:c001:0,7,False,True,,20,False,6433330.0,0.015022860875244938,0.07230735834694378,0.09523809523809523,0.046511627906976744,,,,0.041883455013650116,0.06622538485226773,3.5127557830002067,2.3190116523512383e-05,0.0034940600978336828,54,33.540571077198265,54,3.5127280865554336,33.539642135488016,0.066226,54,1.0,53,edge:a7468b5a9d50db332ab36faaf59090d68d5a4156a8e2f137dc5fcfadba7a5809,0.0,2,1.0,0.0,0.0,1,0,0,,,,,,,,,,,,,,,,0.02857142857142857,0.05752212389380531,,,,,,,,0.04304677623261694,0.04304677623261694
c001,network,F-new,main-network-F-new-r0,False,gemma,3,mature6-10,7,7,conversation:c001:0,7,False,False,incomplete_or_mismatched_source_coverage,439,False,6433330.0,0.015022860875244938,0.07230735834694378,0.0728476821192053,0.06896551724137931,,,,0.041883455013650116,0.06622538485226773,3.5127557830002067,2.3190116523512383e-05,0.0034940600978336828,54,33.540571077198265,54,3.5127280865554336,33.539642135488016,0.066226,54,1.0,53,edge:a7468b5a9d50db332ab36faaf59090d68d5a4156a8e2f137dc5fcfadba7a5809,0.0,2,1.0,0.0,0.0,1,,,,,,,,,,,,,,,,,,0.025252525252525252,0.1391304347826087,,,,,,,,0.08219148001756697,0.08219148001756697
c001,network,F-new,main-network-F-new-r0,False,gemma,5,mature6-10,7,7,conversation:c001:0,7,False,False,incomplete_or_mismatched_source_coverage,439,False,6433330.0,0.015022860875244938,0.07230735834694378,0.0728476821192053,0.08421052631578947,,,,0.041883455013650116,0.06622538485226773,3.5127557830002067,2.3190116523512383e-05,0.0034940600978336828,54,33.540571077198265,54,3.5127280865554336,33.539642135488016,0.066226,54,1.0,53,edge:a7468b5a9d50db332ab36faaf59090d68d5a4156a8e2f137dc5fcfadba7a5809,0.0,2,1.0,0.0,0.0,1,,,,,,,,,,,,,,,,,,0.025252525252525252,0.1391304347826087,,,,,,,,0.08219148001756697,0.08219148001756697
c001,network,F-new,main-network-F-new-r0,False,combined,3,mature6-10,7,7,conversation:c001:0,7,False,False,incomplete_or_mismatched_source_coverage,459,False,6433330.0,0.015022860875244938,0.07230735834694378,0.0718954248366013,0.07428571428571429,,,,0.041883455013650116,0.06622538485226773,3.5127557830002067,2.3190116523512383e-05,0.0034940600978336828,54,33.540571077198265,54,3.5127280865554336,33.539642135488016,0.066226,54,1.0,53,edge:a7468b5a9d50db332ab36faaf59090d68d5a4156a8e2f137dc5fcfadba7a5809,0.0,2,1.0,0.0,0.0,1,,,,,,,,,,,,,,,,,,0.024350649350649352,0.13857203210815378,,,,,,,,0.08146134072940156,0.08146134072940156
c001,network,F-new,main-network-F-new-r0,False,combined,5,mature6-10,7,7,conversation:c001:0,7,False,False,incomplete_or_mismatched_source_coverage,459,False,6433330.0,0.015022860875244938,0.07230735834694378,0.0718954248366013,0.08900523560209424,,,,0.041883455013650116,0.06622538485226773,3.5127557830002067,2.3190116523512383e-05,0.0034940600978336828,54,33.540571077198265,54,3.5127280865554336,33.539642135488016,0.066226,54,1.0,53,edge:a7468b5a9d50db332ab36faaf59090d68d5a4156a8e2f137dc5fcfadba7a5809,0.0,2,1.0,0.0,0.0,1,,,,,,,,,,,,,,,,,,0.024350649350649352,0.13857203210815378,,,,,,,,0.08146134072940156,0.08146134072940156
c001,network,F-new,main-network-F-new-r0,False,participant,3,mature6-10,8,8,conversation:c001:0,8,False,True,,18,False,850000.0,0.002612671456564337,0.27335640138408307,0.075,0.10909090909090909,,,,0.041883455013650116,0.06622538485226773,3.5127557830002067,0.0009333075738661746,0.013277428371767994,54,33.540571077198265,54,3.513916637912306,33.57952942200585,0.066163,52,0.982522,51,edge:639599cd7bde5879390cd5b23b8a7c2929561a29cdd26102b77e277da4ca0913,0.0,2,1.0,0.0,0.0,1,0,0,,,,,,,,,,,,,,,,0.030303030303030304,0.07881773399014778,,,,,,,,0.054560382146589044,0.054560382146589044
c001,network,F-new,main-network-F-new-r0,False,participant,5,mature6-10,8,8,conversation:c001:0,8,False,True,,18,False,850000.0,0.002612671456564337,0.27335640138408307,0.075,0.07142857142857142,,,,0.041883455013650116,0.06622538485226773,3.5127557830002067,0.0009333075738661746,0.013277428371767994,54,33.540571077198265,54,3.513916637912306,33.57952942200585,0.066163,52,0.982522,51,edge:639599cd7bde5879390cd5b23b8a7c2929561a29cdd26102b77e277da4ca0913,0.0,2,1.0,0.0,0.0,1,0,0,,,,,,,,,,,,,,,,0.030303030303030304,0.09230769230769231,,,,,,,,0.06130536130536131,0.06130536130536131
c001,network,F-new,main-network-F-new-r0,False,gemma,3,mature6-10,8,8,conversation:c001:0,8,False,False,incomplete_or_mismatched_source_coverage,422,False,850000.0,0.002612671456564337,0.27335640138408307,0.06870229007633588,0.0821917808219178,,,,0.041883455013650116,0.06622538485226773,3.5127557830002067,0.0009333075738661746,0.013277428371767994,54,33.540571077198265,54,3.513916637912306,33.57952942200585,0.066163,52,0.982522,51,edge:639599cd7bde5879390cd5b23b8a7c2929561a29cdd26102b77e277da4ca0913,0.0,2,1.0,0.0,0.0,1,,,,,,,,,,,,,,,,,,0.08818635607321132,0.20309145556032632,,,,,,,,0.1456389058167688,0.1456389058167688
c001,network,F-new,main-network-F-new-r0,False,gemma,5,mature6-10,8,8,conversation:c001:0,8,False,False,incomplete_or_mismatched_source_coverage,422,False,850000.0,0.002612671456564337,0.27335640138408307,0.06870229007633588,0.0935672514619883,,,,0.041883455013650116,0.06622538485226773,3.5127557830002067,0.0009333075738661746,0.013277428371767994,54,33.540571077198265,54,3.513916637912306,33.57952942200585,0.066163,52,0.982522,51,edge:639599cd7bde5879390cd5b23b8a7c2929561a29cdd26102b77e277da4ca0913,0.0,2,1.0,0.0,0.0,1,,,,,,,,,,,,,,,,,,0.08818635607321132,0.20309145556032632,,,,,,,,0.1456389058167688,0.1456389058167688
c001,network,F-new,main-network-F-new-r0,False,combined,3,mature6-10,8,8,conversation:c001:0,8,False,False,incomplete_or_mismatched_source_coverage,440,False,850000.0,0.002612671456564337,0.27335640138408307,0.06818181818181818,0.08904109589041095,,,,0.041883455013650116,0.06622538485226773,3.5127557830002067,0.0009333075738661746,0.013277428371767994,54,33.540571077198265,54,3.513916637912306,33.57952942200585,0.066163,52,0.982522,51,edge:639599cd7bde5879390cd5b23b8a7c2929561a29cdd26102b77e277da4ca0913,0.0,2,1.0,0.0,0.0,1,,,,,,,,,,,,,,,,,,0.08809135399673736,0.20364870598218074,,,,,,,,0.14587002998945905,0.14587002998945905
c001,network,F-new,main-network-F-new-r0,False,combined,5,mature6-10,8,8,conversation:c001:0,8,False,False,incomplete_or_mismatched_source_coverage,440,False,850000.0,0.002612671456564337,0.27335640138408307,0.06818181818181818,0.09941520467836257,,,,0.041883455013650116,0.06622538485226773,3.5127557830002067,0.0009333075738661746,0.013277428371767994,54,33.540571077198265,54,3.513916637912306,33.57952942200585,0.066163,52,0.982522,51,edge:639599cd7bde5879390cd5b23b8a7c2929561a29cdd26102b77e277da4ca0913,0.0,2,1.0,0.0,0.0,1,,,,,,,,,,,,,,,,,,0.08809135399673736,0.20364870598218074,,,,,,,,0.14587002998945905,0.14587002998945905
c001,network,F-new,main-network-F-new-r0,False,participant,3,mature6-10,9,9,conversation:c001:0,9,False,True,,25,False,4333332.0,0.005878510777269758,0.17603558761956387,0.041666666666666664,0.04838709677419355,,,,0.041883455013650116,0.06622538485226773,3.5127557830002067,2.3190116523512383e-05,0.0034940600978336828,54,33.540571077198265,54,3.5127280865554336,33.539642135488016,0.066226,54,1.0,53,edge:d4dfd250ba3e85a1d0068d7d642085ae42888f8d17a6494103df42d52cbcd0e9,0.0,2,1.0,0.0,0.0,1,0,0,,,,,,,,,,,,,,,,0.0,0.02857142857142857,,,,,,,,0.014285714285714285,0.014285714285714285
c001,network,F-new,main-network-F-new-r0,False,participant,5,mature6-10,9,9,conversation:c001:0,9,False,True,,25,False,4333332.0,0.005878510777269758,0.17603558761956387,0.041666666666666664,0.06593406593406594,,,,0.041883455013650116,0.06622538485226773,3.5127557830002067,2.3190116523512383e-05,0.0034940600978336828,54,33.540571077198265,54,3.5127280865554336,33.539642135488016,0.066226,54,1.0,53,edge:d4dfd250ba3e85a1d0068d7d642085ae42888f8d17a6494103df42d52cbcd0e9,0.0,2,1.0,0.0,0.0,1,0,0,,,,,,,,,,,,,,,,0.0,0.06827309236947791,,,,,,,,0.03413654618473896,0.03413654618473896
c001,network,F-new,main-network-F-new-r0,False,gemma,3,mature6-10,9,9,conversation:c001:0,9,False,False,incomplete_or_mismatched_source_coverage,349,False,4333332.0,0.005878510777269758,0.17603558761956387,0.05161290322580645,0.07228915662650602,,,,0.041883455013650116,0.06622538485226773,3.5127557830002067,2.3190116523512383e-05,0.0034940600978336828,54,33.540571077198265,54,3.5127280865554336,33.539642135488016,0.066226,54,1.0,53,edge:d4dfd250ba3e85a1d0068d7d642085ae42888f8d17a6494103df42d52cbcd0e9,0.0,2,1.0,0.0,0.0,1,,,,,,,,,,,,,,,,,,0.06878306878306878,0.1523487092678798,,,,,,,,0.11056588902547429,0.11056588902547429
c001,network,F-new,main-network-F-new-r0,False,gemma,5,mature6-10,9,9,conversation:c001:0,9,False,False,incomplete_or_mismatched_source_coverage,349,False,4333332.0,0.005878510777269758,0.17603558761956387,0.05161290322580645,0.08808290155440414,,,,0.041883455013650116,0.06622538485226773,3.5127557830002067,2.3190116523512383e-05,0.0034940600978336828,54,33.540571077198265,54,3.5127280865554336,33.539642135488016,0.066226,54,1.0,53,edge:d4dfd250ba3e85a1d0068d7d642085ae42888f8d17a6494103df42d52cbcd0e9,0.0,2,1.0,0.0,0.0,1,,,,,,,,,,,,,,,,,,0.06878306878306878,0.1523487092678798,,,,,,,,0.11056588902547429,0.11056588902547429
c001,network,F-new,main-network-F-new-r0,False,combined,3,mature6-10,9,9,conversation:c001:0,9,False,False,incomplete_or_mismatched_source_coverage,374,False,4333332.0,0.005878510777269758,0.17603558761956387,0.049689440993788817,0.08235294117647059,,,,0.041883455013650116,0.06622538485226773,3.5127557830002067,2.3190116523512383e-05,0.0034940600978336828,54,33.540571077198265,54,3.5127280865554336,33.539642135488016,0.066226,54,1.0,53,edge:d4dfd250ba3e85a1d0068d7d642085ae42888f8d17a6494103df42d52cbcd0e9,0.0,2,1.0,0.0,0.0,1,,,,,,,,,,,,,,,,,,0.06610169491525424,0.15346534653465346,,,,,,,,0.10978352072495384,0.10978352072495384
c001,network,F-new,main-network-F-new-r0,False,combined,5,mature6-10,9,9,conversation:c001:0,9,False,False,incomplete_or_mismatched_source_coverage,374,False,4333332.0,0.005878510777269758,0.17603558761956387,0.049689440993788817,0.09644670050761421,,,,0.041883455013650116,0.06622538485226773,3.5127557830002067,2.3190116523512383e-05,0.0034940600978336828,54,33.540571077198265,54,3.5127280865554336,33.539642135488016,0.066226,54,1.0,53,edge:d4dfd250ba3e85a1d0068d7d642085ae42888f8d17a6494103df42d52cbcd0e9,0.0,2,1.0,0.0,0.0,1,,,,,,,,,,,,,,,,,,0.06610169491525424,0.15346534653465346,,,,,,,,0.10978352072495384,0.10978352072495384
c001,network,F-new,main-network-F-new-r0,False,participant,3,mature6-10,10,10,conversation:c001:0,10,False,False,incomplete_or_mismatched_source_coverage,25,False,6108331.0,0.013716525146962769,0.09687715431759725,0.061224489795918366,0.22033898305084745,,,,0.041883455013650116,0.06622538485226773,3.5127557830002067,0.009633480680399611,0.017120894479385047,54,33.540571077198265,54,3.5234997649584723,33.90287316614261,0.065571,51,0.9655320000000001,50,edge:0cb1b32611728bc713c5e46200b120f2d7b6b037291c653899c2dab66472b4f5,0.0,2,1.0,0.0,0.0,1,,,,,,,,,,,,,,,,,,0.022222222222222223,0.248868778280543,,,,,,,,0.1355455002513826,0.1355455002513826
c001,network,F-new,main-network-F-new-r0,False,participant,5,mature6-10,10,10,conversation:c001:0,10,False,False,incomplete_or_mismatched_source_coverage,25,False,6108331.0,0.013716525146962769,0.09687715431759725,0.061224489795918366,0.15476190476190477,,,,0.041883455013650116,0.06622538485226773,3.5127557830002067,0.009633480680399611,0.017120894479385047,54,33.540571077198265,54,3.5234997649584723,33.90287316614261,0.065571,51,0.9655320000000001,50,edge:0cb1b32611728bc713c5e46200b120f2d7b6b037291c653899c2dab66472b4f5,0.0,2,1.0,0.0,0.0,1,,,,,,,,,,,,,,,,,,0.022222222222222223,0.248868778280543,,,,,,,,0.1355455002513826,0.1355455002513826
c001,network,F-new,main-network-F-new-r0,False,gemma,3,mature6-10,10,10,conversation:c001:0,10,False,False,incomplete_or_mismatched_source_coverage,337,False,6108331.0,0.013716525146962769,0.09687715431759725,0.0625,0.15333333333333332,,,,0.041883455013650116,0.06622538485226773,3.5127557830002067,0.009633480680399611,0.017120894479385047,54,33.540571077198265,54,3.5234997649584723,33.90287316614261,0.065571,51,0.9655320000000001,50,edge:0cb1b32611728bc713c5e46200b120f2d7b6b037291c653899c2dab66472b4f5,0.0,2,1.0,0.0,0.0,1,,,,,,,,,,,,,,,,,,0.09671179883945841,0.28300094966761635,,,,,,,,0.18985637425353738,0.18985637425353738
c001,network,F-new,main-network-F-new-r0,False,gemma,5,mature6-10,10,10,conversation:c001:0,10,False,False,incomplete_or_mismatched_source_coverage,337,False,6108331.0,0.013716525146962769,0.09687715431759725,0.0625,0.13142857142857142,,,,0.041883455013650116,0.06622538485226773,3.5127557830002067,0.009633480680399611,0.017120894479385047,54,33.540571077198265,54,3.5234997649584723,33.90287316614261,0.065571,51,0.9655320000000001,50,edge:0cb1b32611728bc713c5e46200b120f2d7b6b037291c653899c2dab66472b4f5,0.0,2,1.0,0.0,0.0,1,,,,,,,,,,,,,,,,,,0.09671179883945841,0.28300094966761635,,,,,,,,0.18985637425353738,0.18985637425353738
c001,network,F-new,main-network-F-new-r0,False,combined,3,mature6-10,10,10,conversation:c001:0,10,False,False,incomplete_or_mismatched_source_coverage,362,False,6108331.0,0.013716525146962769,0.09687715431759725,0.05921052631578947,0.17532467532467533,,,,0.041883455013650116,0.06622538485226773,3.5127557830002067,0.009633480680399611,0.017120894479385047,54,33.540571077198265,54,3.5234997649584723,33.90287316614261,0.065571,51,0.9655320000000001,50,edge:0cb1b32611728bc713c5e46200b120f2d7b6b037291c653899c2dab66472b4f5,0.0,2,1.0,0.0,0.0,1,,,,,,,,,,,,,,,,,,0.09352517985611511,0.28532608695652173,,,,,,,,0.1894256334063184,0.1894256334063184
c001,network,F-new,main-network-F-new-r0,False,combined,5,mature6-10,10,10,conversation:c001:0,10,False,False,incomplete_or_mismatched_source_coverage,362,False,6108331.0,0.013716525146962769,0.09687715431759725,0.05921052631578947,0.15083798882681565,,,,0.041883455013650116,0.06622538485226773,3.5127557830002067,0.009633480680399611,0.017120894479385047,54,33.540571077198265,54,3.5234997649584723,33.90287316614261,0.065571,51,0.9655320000000001,50,edge:0cb1b32611728bc713c5e46200b120f2d7b6b037291c653899c2dab66472b4f5,0.0,2,1.0,0.0,0.0,1,,,,,,,,,,,,,,,,,,0.09352517985611511,0.28532608695652173,,,,,,,,0.1894256334063184,0.1894256334063184
c002,network,F-same,main-network-F-same-r0,False,participant,3,early1-3,1,1,conversation:c002:0,1,False,True,,30,False,4941661.0,0.015022860875244938,0.07308717654071288,1.0,,,,,0.041883455013650116,0.06622538485226773,3.5127557830002067,0.0050366537869331015,0.013277428371767994,54,33.540571077198265,54,3.5185245414082225,33.73461769450448,0.065887,52,0.978407,51,edge:62d966570215e4adc4841dcdfe206d2ea4d777d33bafee50983ccbd6ca60f181,,3,,,,2,0,0,,,,,,,,,,,,,,,,,,,,,,,,,,
c002,network,F-same,main-network-F-same-r0,False,participant,5,early1-3,1,1,conversation:c002:0,1,False,True,,30,False,4941661.0,0.015022860875244938,0.07308717654071288,1.0,,,,,0.041883455013650116,0.06622538485226773,3.5127557830002067,0.0050366537869331015,0.013277428371767994,54,33.540571077198265,54,3.5185245414082225,33.73461769450448,0.065887,52,0.978407,51,edge:62d966570215e4adc4841dcdfe206d2ea4d777d33bafee50983ccbd6ca60f181,,3,,,,2,0,0,,,,,,,,,,,,,,,,,,,,,,,,,,
c002,network,F-same,main-network-F-same-r0,False,gemma,3,early1-3,1,1,conversation:c002:0,1,False,False,incomplete_or_mismatched_source_coverage,445,False,4941661.0,0.015022860875244938,0.07308717654071288,0.10493827160493827,,,,,0.041883455013650116,0.06622538485226773,3.5127557830002067,0.0050366537869331015,0.013277428371767994,54,33.540571077198265,54,3.5185245414082225,33.73461769450448,0.065887,52,0.978407,51,edge:62d966570215e4adc4841dcdfe206d2ea4d777d33bafee50983ccbd6ca60f181,,3,,,,2,,,,,,,,,,,,,,,,,,,,,,,,,,,,
c002,network,F-same,main-network-F-same-r0,False,gemma,5,early1-3,1,1,conversation:c002:0,1,False,False,incomplete_or_mismatched_source_coverage,445,False,4941661.0,0.015022860875244938,0.07308717654071288,0.10493827160493827,,,,,0.041883455013650116,0.06622538485226773,3.5127557830002067,0.0050366537869331015,0.013277428371767994,54,33.540571077198265,54,3.5185245414082225,33.73461769450448,0.065887,52,0.978407,51,edge:62d966570215e4adc4841dcdfe206d2ea4d777d33bafee50983ccbd6ca60f181,,3,,,,2,,,,,,,,,,,,,,,,,,,,,,,,,,,,
c002,network,F-same,main-network-F-same-r0,False,combined,3,early1-3,1,1,conversation:c002:0,1,False,False,incomplete_or_mismatched_source_coverage,475,False,4941661.0,0.015022860875244938,0.07308717654071288,0.1728395061728395,,,,,0.041883455013650116,0.06622538485226773,3.5127557830002067,0.0050366537869331015,0.013277428371767994,54,33.540571077198265,54,3.5185245414082225,33.73461769450448,0.065887,52,0.978407,51,edge:62d966570215e4adc4841dcdfe206d2ea4d777d33bafee50983ccbd6ca60f181,,3,,,,2,,,,,,,,,,,,,,,,,,,,,,,,,,,,
c002,network,F-same,main-network-F-same-r0,False,combined,5,early1-3,1,1,conversation:c002:0,1,False,False,incomplete_or_mismatched_source_coverage,475,False,4941661.0,0.015022860875244938,0.07308717654071288,0.1728395061728395,,,,,0.041883455013650116,0.06622538485226773,3.5127557830002067,0.0050366537869331015,0.013277428371767994,54,33.540571077198265,54,3.5185245414082225,33.73461769450448,0.065887,52,0.978407,51,edge:62d966570215e4adc4841dcdfe206d2ea4d777d33bafee50983ccbd6ca60f181,,3,,,,2,,,,,,,,,,,,,,,,,,,,,,,,,,,,
c002,network,F-same,main-network-F-same-r0,False,participant,3,early1-3,2,2,conversation:c002:0,2,False,False,incomplete_or_mismatched_source_coverage,26,False,5083330.0,0.010450685826257348,0.10454188394639784,0.13043478260869565,0.13043478260869565,,,,0.041883455013650116,0.06622538485226773,3.5127557830002067,2.3190116523512383e-05,0.0034940600978336828,54,33.540571077198265,54,3.5127280865554336,33.539642135488016,0.066226,54,1.0,53,edge:e65a5e961a6bbf3e20dadabc05b3e6f3b24d709ce4f61f9de3994befdb262b30,,2,1.0,0.0,0.0,1,,,,,,,,,,,,,,,,,,0.0,0.056856187290969896,,,,,,,,0.028428093645484948,0.00568561872909699
c002,network,F-same,main-network-F-same-r0,False,participant,5,early1-3,2,2,conversation:c002:0,2,False,False,incomplete_or_mismatched_source_coverage,26,False,5083330.0,0.010450685826257348,0.10454188394639784,0.13043478260869565,0.13043478260869565,,,,0.041883455013650116,0.06622538485226773,3.5127557830002067,2.3190116523512383e-05,0.0034940600978336828,54,33.540571077198265,54,3.5127280865554336,33.539642135488016,0.066226,54,1.0,53,edge:e65a5e961a6bbf3e20dadabc05b3e6f3b24d709ce4f61f9de3994befdb262b30,,2,1.0,0.0,0.0,1,,,,,,,,,,,,,,,,,,0.0,0.056856187290969896,,,,,,,,0.028428093645484948,0.00568561872909699
c002,network,F-same,main-network-F-same-r0,False,gemma,3,early1-3,2,2,conversation:c002:0,2,False,False,incomplete_or_mismatched_source_coverage,336,False,5083330.0,0.010450685826257348,0.10454188394639784,0.0875,0.0875,,,,0.041883455013650116,0.06622538485226773,3.5127557830002067,2.3190116523512383e-05,0.0034940600978336828,54,33.540571077198265,54,3.5127280865554336,33.539642135488016,0.066226,54,1.0,53,edge:e65a5e961a6bbf3e20dadabc05b3e6f3b24d709ce4f61f9de3994befdb262b30,,2,1.0,0.0,0.0,1,,,,,,,,,,,,,,,,,,0.06456456456456457,0.21573498964803312,,,,,,,,0.14014977710629883,0.02802995542125977
c002,network,F-same,main-network-F-same-r0,False,gemma,5,early1-3,2,2,conversation:c002:0,2,False,False,incomplete_or_mismatched_source_coverage,336,False,5083330.0,0.010450685826257348,0.10454188394639784,0.0875,0.0875,,,,0.041883455013650116,0.06622538485226773,3.5127557830002067,2.3190116523512383e-05,0.0034940600978336828,54,33.540571077198265,54,3.5127280865554336,33.539642135488016,0.066226,54,1.0,53,edge:e65a5e961a6bbf3e20dadabc05b3e6f3b24d709ce4f61f9de3994befdb262b30,,2,1.0,0.0,0.0,1,,,,,,,,,,,,,,,,,,0.06456456456456457,0.21573498964803312,,,,,,,,0.14014977710629883,0.02802995542125977
c002,network,F-same,main-network-F-same-r0,False,combined,3,early1-3,2,2,conversation:c002:0,2,False,False,incomplete_or_mismatched_source_coverage,362,False,5083330.0,0.010450685826257348,0.10454188394639784,0.08284023668639054,0.08284023668639054,,,,0.041883455013650116,0.06622538485226773,3.5127557830002067,2.3190116523512383e-05,0.0034940600978336828,54,33.540571077198265,54,3.5127280865554336,33.539642135488016,0.066226,54,1.0,53,edge:e65a5e961a6bbf3e20dadabc05b3e6f3b24d709ce4f61f9de3994befdb262b30,,2,1.0,0.0,0.0,1,,,,,,,,,,,,,,,,,,0.059722222222222225,0.20863864249903585,,,,,,,,0.13418043236062904,0.02683608647212581
c002,network,F-same,main-network-F-same-r0,False,combined,5,early1-3,2,2,conversation:c002:0,2,False,False,incomplete_or_mismatched_source_coverage,362,False,5083330.0,0.010450685826257348,0.10454188394639784,0.08284023668639054,0.08284023668639054,,,,0.041883455013650116,0.06622538485226773,3.5127557830002067,2.3190116523512383e-05,0.0034940600978336828,54,33.540571077198265,54,3.5127280865554336,33.539642135488016,0.066226,54,1.0,53,edge:e65a5e961a6bbf3e20dadabc05b3e6f3b24d709ce4f61f9de3994befdb262b30,,2,1.0,0.0,0.0,1,,,,,,,,,,,,,,,,,,0.059722222222222225,0.20863864249903585,,,,,,,,0.13418043236062904,0.02683608647212581
c002,network,F-same,main-network-F-same-r0,False,participant,3,early1-3,3,3,conversation:c002:0,3,False,False,incomplete_or_mismatched_source_coverage,27,False,4833330.0,0.009797517962116264,0.11296086924452217,0.13043478260869565,0.2962962962962963,,,,0.041883455013650116,0.06622538485226773,3.5127557830002067,2.3190116523512383e-05,0.0034940600978336828,54,33.540571077198265,54,3.5127280865554336,33.539642135488016,0.066226,54,1.0,53,edge:f5675b97565707f8b6039f6b4605f4a748ecac2b757cdd38f9b26eb7a630e8a8,0.0,3,1.0,0.0,0.0,2,,,,,,,,,,,,,,,,,,0.13953488372093023,0.31896551724137934,,,,,,,,0.2292502004811548,0.09170008019246192
c002,network,F-same,main-network-F-same-r0,False,participant,5,early1-3,3,3,conversation:c002:0,3,False,False,incomplete_or_mismatched_source_coverage,27,False,4833330.0,0.009797517962116264,0.11296086924452217,0.13043478260869565,0.2962962962962963,,,,0.041883455013650116,0.06622538485226773,3.5127557830002067,2.3190116523512383e-05,0.0034940600978336828,54,33.540571077198265,54,3.5127280865554336,33.539642135488016,0.066226,54,1.0,53,edge:f5675b97565707f8b6039f6b4605f4a748ecac2b757cdd38f9b26eb7a630e8a8,,3,1.0,0.0,0.0,2,,,,,,,,,,,,,,,,,,0.13953488372093023,0.31896551724137934,,,,,,,,0.2292502004811548,0.09170008019246192
c002,network,F-same,main-network-F-same-r0,False,gemma,3,early1-3,3,3,conversation:c002:0,3,False,False,incomplete_or_mismatched_source_coverage,339,False,4833330.0,0.009797517962116264,0.11296086924452217,0.09090909090909091,0.16,,,,0.041883455013650116,0.06622538485226773,3.5127557830002067,2.3190116523512383e-05,0.0034940600978336828,54,33.540571077198265,54,3.5127280865554336,33.539642135488016,0.066226,54,1.0,53,edge:f5675b97565707f8b6039f6b4605f4a748ecac2b757cdd38f9b26eb7a630e8a8,0.0,3,1.0,0.0,0.0,2,,,,,,,,,,,,,,,,,,0.04847396768402154,0.20961098398169337,,,,,,,,0.12904247583285744,0.05161699033314298
c002,network,F-same,main-network-F-same-r0,False,gemma,5,early1-3,3,3,conversation:c002:0,3,False,False,incomplete_or_mismatched_source_coverage,339,False,4833330.0,0.009797517962116264,0.11296086924452217,0.09090909090909091,0.16,,,,0.041883455013650116,0.06622538485226773,3.5127557830002067,2.3190116523512383e-05,0.0034940600978336828,54,33.540571077198265,54,3.5127280865554336,33.539642135488016,0.066226,54,1.0,53,edge:f5675b97565707f8b6039f6b4605f4a748ecac2b757cdd38f9b26eb7a630e8a8,,3,1.0,0.0,0.0,2,,,,,,,,,,,,,,,,,,0.04847396768402154,0.20961098398169337,,,,,,,,0.12904247583285744,0.05161699033314298
c002,network,F-same,main-network-F-same-r0,False,combined,3,early1-3,3,3,conversation:c002:0,3,False,False,incomplete_or_mismatched_source_coverage,366,False,4833330.0,0.009797517962116264,0.11296086924452217,0.08783783783783784,0.16233766233766234,,,,0.041883455013650116,0.06622538485226773,3.5127557830002067,2.3190116523512383e-05,0.0034940600978336828,54,33.540571077198265,54,3.5127280865554336,33.539642135488016,0.066226,54,1.0,53,edge:f5675b97565707f8b6039f6b4605f4a748ecac2b757cdd38f9b26eb7a630e8a8,0.0,3,1.0,0.0,0.0,2,,,,,,,,,,,,,,,,,,0.05612244897959184,0.2215884159719175,,,,,,,,0.13885543247575466,0.05554217299030187
c002,network,F-same,main-network-F-same-r0,False,combined,5,early1-3,3,3,conversation:c002:0,3,False,False,incomplete_or_mismatched_source_coverage,366,False,4833330.0,0.009797517962116264,0.11296086924452217,0.08783783783783784,0.16233766233766234,,,,0.041883455013650116,0.06622538485226773,3.5127557830002067,2.3190116523512383e-05,0.0034940600978336828,54,33.540571077198265,54,3.5127280865554336,33.539642135488016,0.066226,54,1.0,53,edge:f5675b97565707f8b6039f6b4605f4a748ecac2b757cdd38f9b26eb7a630e8a8,,3,1.0,0.0,0.0,2,,,,,,,,,,,,,,,,,,0.05612244897959184,0.2215884159719175,,,,,,,,0.13885543247575466,0.05554217299030187
c002,network,F-same,main-network-F-same-r0,False,participant,3,middle4-5,4,4,conversation:c002:0,4,False,True,,25,False,7624996.0,0.015676028739386023,0.06978415849792725,0.13333333333333333,0.3050847457627119,,,,0.041883455013650116,0.06622538485226773,3.5127557830002067,2.3190116523512383e-05,0.0034940600978336828,54,33.540571077198265,54,3.5127280865554336,33.539642135488016,0.066226,54,1.0,53,edge:1d226b8ebd700c5afbfecfd6944ffb9095b4b1a79329e89684443f19b38d0a8b,0.0,2,1.0,0.0,0.0,1,0,0,,,,,,,,,,,,,,,,0.2972972972972973,0.4339622641509434,,,,,,,,0.36562978072412033,0.21937786843447218
c002,network,F-same,main-network-F-same-r0,False,participant,5,middle4-5,4,4,conversation:c002:0,4,False,True,,25,False,7624996.0,0.015676028739386023,0.06978415849792725,0.13333333333333333,0.3050847457627119,,,,0.041883455013650116,0.06622538485226773,3.5127557830002067,2.3190116523512383e-05,0.0034940600978336828,54,33.540571077198265,54,3.5127280865554336,33.539642135488016,0.066226,54,1.0,53,edge:1d226b8ebd700c5afbfecfd6944ffb9095b4b1a79329e89684443f19b38d0a8b,,2,1.0,0.0,0.0,1,0,0,,,,,,,,,,,,,,,,0.2972972972972973,0.4339622641509434,,,,,,,,0.36562978072412033,0.21937786843447218
c002,network,F-same,main-network-F-same-r0,False,gemma,3,middle4-5,4,4,conversation:c002:0,4,False,True,,303,False,7624996.0,0.015676028739386023,0.06978415849792725,0.11428571428571428,0.1721311475409836,0.0,,,0.041883455013650116,0.06622538485226773,3.5127557830002067,2.3190116523512383e-05,0.0034940600978336828,54,33.540571077198265,54,3.5127280865554336,33.539642135488016,0.066226,54,1.0,53,edge:1d226b8ebd700c5afbfecfd6944ffb9095b4b1a79329e89684443f19b38d0a8b,0.0,2,1.0,0.0,0.0,1,3,3,,,,,,,,,,,,,,,,0.07261410788381743,0.19405241935483872,,,,,,,,0.13333326361932807,0.07999995817159684
c002,network,F-same,main-network-F-same-r0,False,gemma,5,middle4-5,4,4,conversation:c002:0,4,False,True,,303,False,7624996.0,0.015676028739386023,0.06978415849792725,0.11428571428571428,0.1721311475409836,0.0,,,0.041883455013650116,0.06622538485226773,3.5127557830002067,2.3190116523512383e-05,0.0034940600978336828,54,33.540571077198265,54,3.5127280865554336,33.539642135488016,0.066226,54,1.0,53,edge:1d226b8ebd700c5afbfecfd6944ffb9095b4b1a79329e89684443f19b38d0a8b,,2,1.0,0.0,0.0,1,3,3,,,,,,,,,,,,,,,,0.07261410788381743,0.19405241935483872,,,,,,,,0.13333326361932807,0.07999995817159684
c002,network,F-same,main-network-F-same-r0,False,combined,3,middle4-5,4,4,conversation:c002:0,4,False,True,,328,False,7624996.0,0.015676028739386023,0.06978415849792725,0.10526315789473684,0.1968503937007874,0.0,,,0.041883455013650116,0.06622538485226773,3.5127557830002067,2.3190116523512383e-05,0.0034940600978336828,54,33.540571077198265,54,3.5127280865554336,33.539642135488016,0.066226,54,1.0,53,edge:1d226b8ebd700c5afbfecfd6944ffb9095b4b1a79329e89684443f19b38d0a8b,0.0,2,1.0,0.0,0.0,1,3,3,,,,,,,,,,,,,,,,0.08712871287128712,0.21209068010075566,,,,,,,,0.1496096964860214,0.08976581789161284
c002,network,F-same,main-network-F-same-r0,False,combined,5,middle4-5,4,4,conversation:c002:0,4,False,True,,328,False,7624996.0,0.015676028739386023,0.06978415849792725,0.10526315789473684,0.1968503937007874,0.0,,,0.041883455013650116,0.06622538485226773,3.5127557830002067,2.3190116523512383e-05,0.0034940600978336828,54,33.540571077198265,54,3.5127280865554336,33.539642135488016,0.066226,54,1.0,53,edge:1d226b8ebd700c5afbfecfd6944ffb9095b4b1a79329e89684443f19b38d0a8b,,2,1.0,0.0,0.0,1,3,3,,,,,,,,,,,,,,,,0.08712871287128712,0.21209068010075566,,,,,,,,0.1496096964860214,0.08976581789161284
c002,network,F-same,main-network-F-same-r0,False,participant,3,middle4-5,5,5,conversation:c002:0,5,False,True,,25,False,4349994.0,0.011757021554539516,0.08970816132999297,0.1111111111111111,0.38636363636363635,,,,0.041883455013650116,0.06622538485226773,3.5127557830002067,2.3190116523512383e-05,0.0034940600978336828,54,33.540571077198265,54,3.5127280865554336,33.539642135488016,0.066226,54,1.0,53,edge:4277c1b9cf38f6fe4d18d855232b0457d86ee215f1af70ac67d1ceb3d6cbb1c3,0.0,5,1.0,0.0,0.0,4,0,0,,,,,,,,,,,,,,,,0.2972972972972973,0.4251207729468599,,,,,,,,0.3612090351220786,0.2889672280976629
c002,network,F-same,main-network-F-same-r0,False,participant,5,middle4-5,5,5,conversation:c002:0,5,False,True,,25,False,4349994.0,0.011757021554539516,0.08970816132999297,0.1111111111111111,0.265625,,,,0.041883455013650116,0.06622538485226773,3.5127557830002067,2.3190116523512383e-05,0.0034940600978336828,54,33.540571077198265,54,3.5127280865554336,33.539642135488016,0.066226,54,1.0,53,edge:4277c1b9cf38f6fe4d18d855232b0457d86ee215f1af70ac67d1ceb3d6cbb1c3,0.0,5,1.0,0.0,0.0,4,0,0,,,,,,,,,,,,,,,,0.2972972972972973,0.4251207729468599,,,,,,,,0.3612090351220786,0.2889672280976629
c002,network,F-same,main-network-F-same-r0,False,gemma,3,middle4-5,5,5,conversation:c002:0,5,False,False,incomplete_or_mismatched_source_coverage,292,False,4349994.0,0.011757021554539516,0.08970816132999297,0.09734513274336283,0.125,,,,0.041883455013650116,0.06622538485226773,3.5127557830002067,2.3190116523512383e-05,0.0034940600978336828,54,33.540571077198265,54,3.5127280865554336,33.539642135488016,0.066226,54,1.0,53,edge:4277c1b9cf38f6fe4d18d855232b0457d86ee215f1af70ac67d1ceb3d6cbb1c3,0.0,5,1.0,0.0,0.0,4,,,,,,,,,,,,,,,,,,0.13768115942028986,0.33563059958649205,,,,,,,,0.23665587950339095,0.18932470360271278
c002,network,F-same,main-network-F-same-r0,False,gemma,5,middle4-5,5,5,conversation:c002:0,5,False,False,incomplete_or_mismatched_source_coverage,292,False,4349994.0,0.011757021554539516,0.08970816132999297,0.09734513274336283,0.13970588235294118,,,,0.041883455013650116,0.06622538485226773,3.5127557830002067,2.3190116523512383e-05,0.0034940600978336828,54,33.540571077198265,54,3.5127280865554336,33.539642135488016,0.066226,54,1.0,53,edge:4277c1b9cf38f6fe4d18d855232b0457d86ee215f1af70ac67d1ceb3d6cbb1c3,0.0,5,1.0,0.0,0.0,4,,,,,,,,,,,,,,,,,,0.13768115942028986,0.33563059958649205,,,,,,,,0.23665587950339095,0.18932470360271278
c002,network,F-same,main-network-F-same-r0,False,combined,3,middle4-5,5,5,conversation:c002:0,5,False,False,incomplete_or_mismatched_source_coverage,317,False,4349994.0,0.011757021554539516,0.08970816132999297,0.0967741935483871,0.18548387096774194,,,,0.041883455013650116,0.06622538485226773,3.5127557830002067,2.3190116523512383e-05,0.0034940600978336828,54,33.540571077198265,54,3.5127280865554336,33.539642135488016,0.066226,54,1.0,53,edge:4277c1b9cf38f6fe4d18d855232b0457d86ee215f1af70ac67d1ceb3d6cbb1c3,0.0,5,1.0,0.0,0.0,4,,,,,,,,,,,,,,,,,,0.13777777777777778,0.3388220392653578,,,,,,,,0.2382999085215678,0.19063992681725425
c002,network,F-same,main-network-F-same-r0,False,combined,5,middle4-5,5,5,conversation:c002:0,5,False,False,incomplete_or_mismatched_source_coverage,317,False,4349994.0,0.011757021554539516,0.08970816132999297,0.0967741935483871,0.19285714285714287,,,,0.041883455013650116,0.06622538485226773,3.5127557830002067,2.3190116523512383e-05,0.0034940600978336828,54,33.540571077198265,54,3.5127280865554336,33.539642135488016,0.066226,54,1.0,53,edge:4277c1b9cf38f6fe4d18d855232b0457d86ee215f1af70ac67d1ceb3d6cbb1c3,0.0,5,1.0,0.0,0.0,4,,,,,,,,,,,,,,,,,,0.13777777777777778,0.3388220392653578,,,,,,,,0.2382999085215678,0.19063992681725425
c002,network,F-same,main-network-F-same-r0,False,participant,3,mature6-10,6,6,conversation:c002:0,6,False,False,incomplete_or_mismatched_source_coverage,28,False,3488092.0,0.008491182233834096,0.1277011206483759,0.10638297872340426,0.30434782608695654,,,,0.041883455013650116,0.06622538485226773,3.5127557830002067,2.3190116523512383e-05,0.0034940600978336828,54,33.540571077198265,54,3.5127280865554336,33.539642135488016,0.066226,54,1.0,53,edge:1d226b8ebd700c5afbfecfd6944ffb9095b4b1a79329e89684443f19b38d0a8b,0.33333333333333337,2,1.0,0.0,0.0,1,,,,,,,,,,,,,,,,,,0.18604651162790697,0.28444444444444444,,,,,,,,0.2352454780361757,0.2352454780361757
c002,network,F-same,main-network-F-same-r0,False,participant,5,mature6-10,6,6,conversation:c002:0,6,False,False,incomplete_or_mismatched_source_coverage,28,False,3488092.0,0.008491182233834096,0.1277011206483759,0.10638297872340426,0.2054794520547945,,,,0.041883455013650116,0.06622538485226773,3.5127557830002067,2.3190116523512383e-05,0.0034940600978336828,54,33.540571077198265,54,3.5127280865554336,33.539642135488016,0.066226,54,1.0,53,edge:1d226b8ebd700c5afbfecfd6944ffb9095b4b1a79329e89684443f19b38d0a8b,0.19999999999999996,2,1.0,0.0,0.0,1,,,,,,,,,,,,,,,,,,0.18604651162790697,0.28444444444444444,,,,,,,,0.2352454780361757,0.2352454780361757
c002,network,F-same,main-network-F-same-r0,False,gemma,3,mature6-10,6,6,conversation:c002:0,6,False,False,incomplete_or_mismatched_source_coverage,244,False,3488092.0,0.008491182233834096,0.1277011206483759,0.12631578947368421,0.15,,,,0.041883455013650116,0.06622538485226773,3.5127557830002067,2.3190116523512383e-05,0.0034940600978336828,54,33.540571077198265,54,3.5127280865554336,33.539642135488016,0.066226,54,1.0,53,edge:1d226b8ebd700c5afbfecfd6944ffb9095b4b1a79329e89684443f19b38d0a8b,0.33333333333333337,2,1.0,0.0,0.0,1,,,,,,,,,,,,,,,,,,0.23952095808383234,0.42655601659751036,,,,,,,,0.3330384873406713,0.3330384873406713
c002,network,F-same,main-network-F-same-r0,False,gemma,5,mature6-10,6,6,conversation:c002:0,6,False,False,incomplete_or_mismatched_source_coverage,244,False,3488092.0,0.008491182233834096,0.1277011206483759,0.12631578947368421,0.1721311475409836,,,,0.041883455013650116,0.06622538485226773,3.5127557830002067,2.3190116523512383e-05,0.0034940600978336828,54,33.540571077198265,54,3.5127280865554336,33.539642135488016,0.066226,54,1.0,53,edge:1d226b8ebd700c5afbfecfd6944ffb9095b4b1a79329e89684443f19b38d0a8b,0.19999999999999996,2,1.0,0.0,0.0,1,,,,,,,,,,,,,,,,,,0.23952095808383234,0.42655601659751036,,,,,,,,0.3330384873406713,0.3330384873406713
c002,network,F-same,main-network-F-same-r0,False,combined,3,mature6-10,6,6,conversation:c002:0,6,False,False,incomplete_or_mismatched_source_coverage,272,False,3488092.0,0.008491182233834096,0.1277011206483759,0.12264150943396226,0.19811320754716982,,,,0.041883455013650116,0.06622538485226773,3.5127557830002067,2.3190116523512383e-05,0.0034940600978336828,54,33.540571077198265,54,3.5127280865554336,33.539642135488016,0.066226,54,1.0,53,edge:1d226b8ebd700c5afbfecfd6944ffb9095b4b1a79329e89684443f19b38d0a8b,0.33333333333333337,2,1.0,0.0,0.0,1,,,,,,,,,,,,,,,,,,0.232,0.4192592592592593,,,,,,,,0.32562962962962966,0.32562962962962966
c002,network,F-same,main-network-F-same-r0,False,combined,5,mature6-10,6,6,conversation:c002:0,6,False,False,incomplete_or_mismatched_source_coverage,272,False,3488092.0,0.008491182233834096,0.1277011206483759,0.12264150943396226,0.2204724409448819,,,,0.041883455013650116,0.06622538485226773,3.5127557830002067,2.3190116523512383e-05,0.0034940600978336828,54,33.540571077198265,54,3.5127280865554336,33.539642135488016,0.066226,54,1.0,53,edge:1d226b8ebd700c5afbfecfd6944ffb9095b4b1a79329e89684443f19b38d0a8b,0.19999999999999996,2,1.0,0.0,0.0,1,,,,,,,,,,,,,,,,,,0.232,0.4192592592592593,,,,,,,,0.32562962962962966,0.32562962962962966
c002,network,F-same,main-network-F-same-r0,False,participant,3,mature6-10,7,7,conversation:c002:0,7,False,False,incomplete_or_mismatched_source_coverage,33,False,4708330.0,0.009797517962116264,0.11692391526234786,0.14285714285714285,0.4375,,,,0.041883455013650116,0.06622538485226773,3.5127557830002067,2.3190116523512383e-05,0.0034940600978336828,54,33.540571077198265,54,3.5127280865554336,33.539642135488016,0.066226,54,1.0,53,edge:a7468b5a9d50db332ab36faaf59090d68d5a4156a8e2f137dc5fcfadba7a5809,0.0,2,1.0,0.0,0.0,1,,,,,,,,,,,,,,,,,,0.1875,0.44017094017094016,,,,,,,,0.3138354700854701,0.3138354700854701
c002,network,F-same,main-network-F-same-r0,False,participant,5,mature6-10,7,7,conversation:c002:0,7,False,False,incomplete_or_mismatched_source_coverage,33,False,4708330.0,0.009797517962116264,0.11692391526234786,0.14285714285714285,0.3442622950819672,,,,0.041883455013650116,0.06622538485226773,3.5127557830002067,2.3190116523512383e-05,0.0034940600978336828,54,33.540571077198265,54,3.5127280865554336,33.539642135488016,0.066226,54,1.0,53,edge:a7468b5a9d50db332ab36faaf59090d68d5a4156a8e2f137dc5fcfadba7a5809,0.19999999999999996,2,1.0,0.0,0.0,1,,,,,,,,,,,,,,,,,,0.1875,0.44017094017094016,,,,,,,,0.3138354700854701,0.3138354700854701
c002,network,F-same,main-network-F-same-r0,False,gemma,3,mature6-10,7,7,conversation:c002:0,7,False,False,incomplete_or_mismatched_source_coverage,203,False,4708330.0,0.009797517962116264,0.11692391526234786,0.10891089108910891,0.14678899082568808,,,,0.041883455013650116,0.06622538485226773,3.5127557830002067,2.3190116523512383e-05,0.0034940600978336828,54,33.540571077198265,54,3.5127280865554336,33.539642135488016,0.066226,54,1.0,53,edge:a7468b5a9d50db332ab36faaf59090d68d5a4156a8e2f137dc5fcfadba7a5809,0.0,2,1.0,0.0,0.0,1,,,,,,,,,,,,,,,,,,0.19407894736842105,0.36651982378854625,,,,,,,,0.28029938557848366,0.28029938557848366
c002,network,F-same,main-network-F-same-r0,False,gemma,5,mature6-10,7,7,conversation:c002:0,7,False,False,incomplete_or_mismatched_source_coverage,203,False,4708330.0,0.009797517962116264,0.11692391526234786,0.10891089108910891,0.15,,,,0.041883455013650116,0.06622538485226773,3.5127557830002067,2.3190116523512383e-05,0.0034940600978336828,54,33.540571077198265,54,3.5127280865554336,33.539642135488016,0.066226,54,1.0,53,edge:a7468b5a9d50db332ab36faaf59090d68d5a4156a8e2f137dc5fcfadba7a5809,0.19999999999999996,2,1.0,0.0,0.0,1,,,,,,,,,,,,,,,,,,0.19407894736842105,0.36651982378854625,,,,,,,,0.28029938557848366,0.28029938557848366
c002,network,F-same,main-network-F-same-r0,False,combined,3,mature6-10,7,7,conversation:c002:0,7,False,False,incomplete_or_mismatched_source_coverage,236,False,4708330.0,0.009797517962116264,0.11692391526234786,0.11403508771929824,0.23893805309734514,,,,0.041883455013650116,0.06622538485226773,3.5127557830002067,2.3190116523512383e-05,0.0034940600978336828,54,33.540571077198265,54,3.5127280865554336,33.539642135488016,0.066226,54,1.0,53,edge:a7468b5a9d50db332ab36faaf59090d68d5a4156a8e2f137dc5fcfadba7a5809,0.0,2,1.0,0.0,0.0,1,,,,,,,,,,,,,,,,,,0.19602272727272727,0.3853281853281853,,,,,,,,0.29067545630045627,0.29067545630045627
c002,network,F-same,main-network-F-same-r0,False,combined,5,mature6-10,7,7,conversation:c002:0,7,False,False,incomplete_or_mismatched_source_coverage,236,False,4708330.0,0.009797517962116264,0.11692391526234786,0.11403508771929824,0.23387096774193547,,,,0.041883455013650116,0.06622538485226773,3.5127557830002067,2.3190116523512383e-05,0.0034940600978336828,54,33.540571077198265,54,3.5127280865554336,33.539642135488016,0.066226,54,1.0,53,edge:a7468b5a9d50db332ab36faaf59090d68d5a4156a8e2f137dc5fcfadba7a5809,0.19999999999999996,2,1.0,0.0,0.0,1,,,,,,,,,,,,,,,,,,0.19602272727272727,0.3853281853281853,,,,,,,,0.29067545630045627,0.29067545630045627
c002,network,F-same,main-network-F-same-r0,False,participant,3,mature6-10,8,8,conversation:c002:0,8,False,False,incomplete_or_mismatched_source_coverage,30,False,5516664.0,0.011757021554539516,0.0922865488175107,0.125,0.425531914893617,,,,0.041883455013650116,0.06622538485226773,3.5127557830002067,0.009406653786933115,0.006289308176100629,54,33.540571077198265,54,3.516040546187641,33.65092505447569,0.065592,53,0.9740369999999999,52,edge:639599cd7bde5879390cd5b23b8a7c2929561a29cdd26102b77e277da4ca0913,0.0,2,1.0,0.0,0.0,1,,,,,,,,,,,,,,,,,,0.2857142857142857,0.44214876033057854,,,,,,,,0.36393152302243215,0.36393152302243215
c002,network,F-same,main-network-F-same-r0,False,participant,5,mature6-10,8,8,conversation:c002:0,8,False,False,incomplete_or_mismatched_source_coverage,30,False,5516664.0,0.011757021554539516,0.0922865488175107,0.125,0.38596491228070173,,,,0.041883455013650116,0.06622538485226773,3.5127557830002067,0.009406653786933115,0.006289308176100629,54,33.540571077198265,54,3.516040546187641,33.65092505447569,0.065592,53,0.9740369999999999,52,edge:639599cd7bde5879390cd5b23b8a7c2929561a29cdd26102b77e277da4ca0913,0.19999999999999996,2,1.0,0.0,0.0,1,,,,,,,,,,,,,,,,,,0.2857142857142857,0.44214876033057854,,,,,,,,0.36393152302243215,0.36393152302243215
c002,network,F-same,main-network-F-same-r0,False,gemma,3,mature6-10,8,8,conversation:c002:0,8,False,False,incomplete_or_mismatched_source_coverage,222,False,5516664.0,0.011757021554539516,0.0922865488175107,0.08490566037735849,0.10344827586206896,,,,0.041883455013650116,0.06622538485226773,3.5127557830002067,0.009406653786933115,0.006289308176100629,54,33.540571077198265,54,3.516040546187641,33.65092505447569,0.065592,53,0.9740369999999999,52,edge:639599cd7bde5879390cd5b23b8a7c2929561a29cdd26102b77e277da4ca0913,0.0,2,1.0,0.0,0.0,1,,,,,,,,,,,,,,,,,,0.12037037037037036,0.2607338017174083,,,,,,,,0.19055208604388932,0.19055208604388932
c002,network,F-same,main-network-F-same-r0,False,gemma,5,mature6-10,8,8,conversation:c002:0,8,False,False,incomplete_or_mismatched_source_coverage,222,False,5516664.0,0.011757021554539516,0.0922865488175107,0.08490566037735849,0.10236220472440945,,,,0.041883455013650116,0.06622538485226773,3.5127557830002067,0.009406653786933115,0.006289308176100629,54,33.540571077198265,54,3.516040546187641,33.65092505447569,0.065592,53,0.9740369999999999,52,edge:639599cd7bde5879390cd5b23b8a7c2929561a29cdd26102b77e277da4ca0913,0.19999999999999996,2,1.0,0.0,0.0,1,,,,,,,,,,,,,,,,,,0.12037037037037036,0.2607338017174083,,,,,,,,0.19055208604388932,0.19055208604388932
c002,network,F-same,main-network-F-same-r0,False,combined,3,mature6-10,8,8,conversation:c002:0,8,False,False,incomplete_or_mismatched_source_coverage,252,False,5516664.0,0.011757021554539516,0.0922865488175107,0.1092436974789916,0.20833333333333334,,,,0.041883455013650116,0.06622538485226773,3.5127557830002067,0.009406653786933115,0.006289308176100629,54,33.540571077198265,54,3.516040546187641,33.65092505447569,0.065592,53,0.9740369999999999,52,edge:639599cd7bde5879390cd5b23b8a7c2929561a29cdd26102b77e277da4ca0913,0.0,2,1.0,0.0,0.0,1,,,,,,,,,,,,,,,,,,0.13404825737265416,0.3010452961672474,,,,,,,,0.21754677676995077,0.21754677676995077
c002,network,F-same,main-network-F-same-r0,False,combined,5,mature6-10,8,8,conversation:c002:0,8,False,False,incomplete_or_mismatched_source_coverage,252,False,5516664.0,0.011757021554539516,0.0922865488175107,0.1092436974789916,0.2076923076923077,,,,0.041883455013650116,0.06622538485226773,3.5127557830002067,0.009406653786933115,0.006289308176100629,54,33.540571077198265,54,3.516040546187641,33.65092505447569,0.065592,53,0.9740369999999999,52,edge:639599cd7bde5879390cd5b23b8a7c2929561a29cdd26102b77e277da4ca0913,0.19999999999999996,2,1.0,0.0,0.0,1,,,,,,,,,,,,,,,,,,0.13404825737265416,0.3010452961672474,,,,,,,,0.21754677676995077,0.21754677676995077
c002,network,F-same,main-network-F-same-r0,False,participant,3,mature6-10,9,9,conversation:c002:0,9,False,False,incomplete_or_mismatched_source_coverage,31,False,3766664.0,0.009144350097975179,0.11426120023834045,0.12244897959183673,0.4782608695652174,,,,0.041883455013650116,0.06622538485226773,3.5127557830002067,0.009406653786933115,0.006289308176100629,54,33.540571077198265,54,3.516040546187641,33.65092505447569,0.065592,53,0.9740369999999999,52,edge:d4dfd250ba3e85a1d0068d7d642085ae42888f8d17a6494103df42d52cbcd0e9,0.0,2,1.0,0.0,0.0,1,,,,,,,,,,,,,,,,,,0.3902439024390244,0.5817307692307693,,,,,,,,0.48598733583489684,0.48598733583489684
c002,network,F-same,main-network-F-same-r0,False,participant,5,mature6-10,9,9,conversation:c002:0,9,False,False,incomplete_or_mismatched_source_coverage,31,False,3766664.0,0.009144350097975179,0.11426120023834045,0.12244897959183673,0.38596491228070173,,,,0.041883455013650116,0.06622538485226773,3.5127557830002067,0.009406653786933115,0.006289308176100629,54,33.540571077198265,54,3.516040546187641,33.65092505447569,0.065592,53,0.9740369999999999,52,edge:d4dfd250ba3e85a1d0068d7d642085ae42888f8d17a6494103df42d52cbcd0e9,0.0,2,1.0,0.0,0.0,1,,,,,,,,,,,,,,,,,,0.3902439024390244,0.5817307692307693,,,,,,,,0.48598733583489684,0.48598733583489684
c002,network,F-same,main-network-F-same-r0,False,gemma,3,mature6-10,9,9,conversation:c002:0,9,False,False,incomplete_or_mismatched_source_coverage,152,False,3766664.0,0.009144350097975179,0.11426120023834045,0.09302325581395349,0.13829787234042554,,,,0.041883455013650116,0.06622538485226773,3.5127557830002067,0.009406653786933115,0.006289308176100629,54,33.540571077198265,54,3.516040546187641,33.65092505447569,0.065592,53,0.9740369999999999,52,edge:d4dfd250ba3e85a1d0068d7d642085ae42888f8d17a6494103df42d52cbcd0e9,0.0,2,1.0,0.0,0.0,1,,,,,,,,,,,,,,,,,,0.20512820512820512,0.37580794090489383,,,,,,,,0.2904680730165495,0.2904680730165495
c002,network,F-same,main-network-F-same-r0,False,gemma,5,mature6-10,9,9,conversation:c002:0,9,False,False,incomplete_or_mismatched_source_coverage,152,False,3766664.0,0.009144350097975179,0.11426120023834045,0.09302325581395349,0.1346153846153846,,,,0.041883455013650116,0.06622538485226773,3.5127557830002067,0.009406653786933115,0.006289308176100629,54,33.540571077198265,54,3.516040546187641,33.65092505447569,0.065592,53,0.9740369999999999,52,edge:d4dfd250ba3e85a1d0068d7d642085ae42888f8d17a6494103df42d52cbcd0e9,0.0,2,1.0,0.0,0.0,1,,,,,,,,,,,,,,,,,,0.20512820512820512,0.37580794090489383,,,,,,,,0.2904680730165495,0.2904680730165495
c002,network,F-same,main-network-F-same-r0,False,combined,3,mature6-10,9,9,conversation:c002:0,9,False,False,incomplete_or_mismatched_source_coverage,183,False,3766664.0,0.009144350097975179,0.11426120023834045,0.1188118811881188,0.2727272727272727,,,,0.041883455013650116,0.06622538485226773,3.5127557830002067,0.009406653786933115,0.006289308176100629,54,33.540571077198265,54,3.516040546187641,33.65092505447569,0.065592,53,0.9740369999999999,52,edge:d4dfd250ba3e85a1d0068d7d642085ae42888f8d17a6494103df42d52cbcd0e9,0.0,2,1.0,0.0,0.0,1,,,,,,,,,,,,,,,,,,0.22929936305732485,0.4220408163265306,,,,,,,,0.32567008969192773,0.32567008969192773
c002,network,F-same,main-network-F-same-r0,False,combined,5,mature6-10,9,9,conversation:c002:0,9,False,False,incomplete_or_mismatched_source_coverage,183,False,3766664.0,0.009144350097975179,0.11426120023834045,0.1188118811881188,0.25688073394495414,,,,0.041883455013650116,0.06622538485226773,3.5127557830002067,0.009406653786933115,0.006289308176100629,54,33.540571077198265,54,3.516040546187641,33.65092505447569,0.065592,53,0.9740369999999999,52,edge:d4dfd250ba3e85a1d0068d7d642085ae42888f8d17a6494103df42d52cbcd0e9,0.0,2,1.0,0.0,0.0,1,,,,,,,,,,,,,,,,,,0.22929936305732485,0.4220408163265306,,,,,,,,0.32567008969192773,0.32567008969192773
c002,network,F-same,main-network-F-same-r0,False,participant,3,mature6-10,10,10,conversation:c002:0,10,False,True,,29,False,3266664.0,0.007838014369693011,0.14020214476992218,0.1276595744680851,0.5853658536585366,,,,0.041883455013650116,0.06622538485226773,3.5127557830002067,2.3190116523512383e-05,0.0034940600978336828,54,33.540571077198265,54,3.5127280865554336,33.539642135488016,0.066226,54,1.0,53,edge:0cb1b32611728bc713c5e46200b120f2d7b6b037291c653899c2dab66472b4f5,0.0,2,1.0,0.0,0.0,1,0,0,,,,,,,,,,,,,,,,0.696969696969697,0.8323699421965318,,,,,,,,0.7646698195831144,0.7646698195831144
c002,network,F-same,main-network-F-same-r0,False,participant,5,mature6-10,10,10,conversation:c002:0,10,False,True,,29,False,3266664.0,0.007838014369693011,0.14020214476992218,0.1276595744680851,0.4528301886792453,,,,0.041883455013650116,0.06622538485226773,3.5127557830002067,2.3190116523512383e-05,0.0034940600978336828,54,33.540571077198265,54,3.5127280865554336,33.539642135488016,0.066226,54,1.0,53,edge:0cb1b32611728bc713c5e46200b120f2d7b6b037291c653899c2dab66472b4f5,0.0,2,1.0,0.0,0.0,1,0,0,,,,,,,,,,,,,,,,0.696969696969697,0.8323699421965318,,,,,,,,0.7646698195831144,0.7646698195831144
c002,network,F-same,main-network-F-same-r0,False,gemma,3,mature6-10,10,10,conversation:c002:0,10,False,False,incomplete_or_mismatched_source_coverage,212,False,3266664.0,0.007838014369693011,0.14020214476992218,0.11818181818181818,0.23853211009174313,,,,0.041883455013650116,0.06622538485226773,3.5127557830002067,2.3190116523512383e-05,0.0034940600978336828,54,33.540571077198265,54,3.5127280865554336,33.539642135488016,0.066226,54,1.0,53,edge:0cb1b32611728bc713c5e46200b120f2d7b6b037291c653899c2dab66472b4f5,0.0,2,1.0,0.0,0.0,1,,,,,,,,,,,,,,,,,,0.06857142857142857,0.23624595469255663,,,,,,,,0.1524086916319926,0.1524086916319926
c002,network,F-same,main-network-F-same-r0,False,gemma,5,mature6-10,10,10,conversation:c002:0,10,False,False,incomplete_or_mismatched_source_coverage,212,False,3266664.0,0.007838014369693011,0.14020214476992218,0.11818181818181818,0.225,,,,0.041883455013650116,0.06622538485226773,3.5127557830002067,2.3190116523512383e-05,0.0034940600978336828,54,33.540571077198265,54,3.5127280865554336,33.539642135488016,0.066226,54,1.0,53,edge:0cb1b32611728bc713c5e46200b120f2d7b6b037291c653899c2dab66472b4f5,0.0,2,1.0,0.0,0.0,1,,,,,,,,,,,,,,,,,,0.06857142857142857,0.23624595469255663,,,,,,,,0.1524086916319926,0.1524086916319926
c002,network,F-same,main-network-F-same-r0,False,combined,3,mature6-10,10,10,conversation:c002:0,10,False,False,incomplete_or_mismatched_source_coverage,241,False,3266664.0,0.007838014369693011,0.14020214476992218,0.11607142857142858,0.25688073394495414,,,,0.041883455013650116,0.06622538485226773,3.5127557830002067,2.3190116523512383e-05,0.0034940600978336828,54,33.540571077198265,54,3.5127280865554336,33.539642135488016,0.066226,54,1.0,53,edge:0cb1b32611728bc713c5e46200b120f2d7b6b037291c653899c2dab66472b4f5,0.0,2,1.0,0.0,0.0,1,,,,,,,,,,,,,,,,,,0.12883435582822086,0.3157076205287714,,,,,,,,0.2222709881784961,0.2222709881784961
c002,network,F-same,main-network-F-same-r0,False,combined,5,mature6-10,10,10,conversation:c002:0,10,False,False,incomplete_or_mismatched_source_coverage,241,False,3266664.0,0.007838014369693011,0.14020214476992218,0.11607142857142858,0.24166666666666667,,,,0.041883455013650116,0.06622538485226773,3.5127557830002067,2.3190116523512383e-05,0.0034940600978336828,54,33.540571077198265,54,3.5127280865554336,33.539642135488016,0.066226,54,1.0,53,edge:0cb1b32611728bc713c5e46200b120f2d7b6b037291c653899c2dab66472b4f5,0.0,2,1.0,0.0,0.0,1,,,,,,,,,,,,,,,,,,0.12883435582822086,0.3157076205287714,,,,,,,,0.2222709881784961,0.2222709881784961
c003,network,S-rephrased,main-network-S-rephrased-r0,True,participant,3,early1-3,1,1,conversation:c003:0,1,False,True,,30,False,4941661.0,0.015022860875244938,0.07308717654071288,1.0,,,,,0.041883455013650116,0.06622538485226773,3.5127557830002067,0.0050366537869331015,0.013277428371767994,54,33.540571077198265,54,3.5185245414082225,33.73461769450448,0.065887,52,0.978407,51,edge:62d966570215e4adc4841dcdfe206d2ea4d777d33bafee50983ccbd6ca60f181,,3,,,,2,0,0,,,,,,,,,,,,,,,,,,,,,,,,,,
c003,network,S-rephrased,main-network-S-rephrased-r0,True,participant,5,early1-3,1,1,conversation:c003:0,1,False,True,,30,False,4941661.0,0.015022860875244938,0.07308717654071288,1.0,,,,,0.041883455013650116,0.06622538485226773,3.5127557830002067,0.0050366537869331015,0.013277428371767994,54,33.540571077198265,54,3.5185245414082225,33.73461769450448,0.065887,52,0.978407,51,edge:62d966570215e4adc4841dcdfe206d2ea4d777d33bafee50983ccbd6ca60f181,,3,,,,2,0,0,,,,,,,,,,,,,,,,,,,,,,,,,,
c003,network,S-rephrased,main-network-S-rephrased-r0,True,gemma,3,early1-3,1,1,conversation:c003:0,1,False,False,incomplete_or_mismatched_source_coverage,445,False,4941661.0,0.015022860875244938,0.07308717654071288,0.10493827160493827,,,,,0.041883455013650116,0.06622538485226773,3.5127557830002067,0.0050366537869331015,0.013277428371767994,54,33.540571077198265,54,3.5185245414082225,33.73461769450448,0.065887,52,0.978407,51,edge:62d966570215e4adc4841dcdfe206d2ea4d777d33bafee50983ccbd6ca60f181,,3,,,,2,,,,,,,,,,,,,,,,,,,,,,,,,,,,
c003,network,S-rephrased,main-network-S-rephrased-r0,True,gemma,5,early1-3,1,1,conversation:c003:0,1,False,False,incomplete_or_mismatched_source_coverage,445,False,4941661.0,0.015022860875244938,0.07308717654071288,0.10493827160493827,,,,,0.041883455013650116,0.06622538485226773,3.5127557830002067,0.0050366537869331015,0.013277428371767994,54,33.540571077198265,54,3.5185245414082225,33.73461769450448,0.065887,52,0.978407,51,edge:62d966570215e4adc4841dcdfe206d2ea4d777d33bafee50983ccbd6ca60f181,,3,,,,2,,,,,,,,,,,,,,,,,,,,,,,,,,,,
c003,network,S-rephrased,main-network-S-rephrased-r0,True,combined,3,early1-3,1,1,conversation:c003:0,1,False,False,incomplete_or_mismatched_source_coverage,475,False,4941661.0,0.015022860875244938,0.07308717654071288,0.1728395061728395,,,,,0.041883455013650116,0.06622538485226773,3.5127557830002067,0.0050366537869331015,0.013277428371767994,54,33.540571077198265,54,3.5185245414082225,33.73461769450448,0.065887,52,0.978407,51,edge:62d966570215e4adc4841dcdfe206d2ea4d777d33bafee50983ccbd6ca60f181,,3,,,,2,,,,,,,,,,,,,,,,,,,,,,,,,,,,
c003,network,S-rephrased,main-network-S-rephrased-r0,True,combined,5,early1-3,1,1,conversation:c003:0,1,False,False,incomplete_or_mismatched_source_coverage,475,False,4941661.0,0.015022860875244938,0.07308717654071288,0.1728395061728395,,,,,0.041883455013650116,0.06622538485226773,3.5127557830002067,0.0050366537869331015,0.013277428371767994,54,33.540571077198265,54,3.5185245414082225,33.73461769450448,0.065887,52,0.978407,51,edge:62d966570215e4adc4841dcdfe206d2ea4d777d33bafee50983ccbd6ca60f181,,3,,,,2,,,,,,,,,,,,,,,,,,,,,,,,,,,,
c003,network,S-rephrased,main-network-S-rephrased-r0,True,participant,3,early1-3,2,2,conversation:c003:0,2,False,True,,28,False,5363092.0,0.013716525146962769,0.0697720759210293,0.125,0.125,0.0,0.0,0.0,0.041883455013650116,0.06622538485226773,3.5127557830002067,2.3190116523512383e-05,0.0034940600978336828,54,33.540571077198265,54,3.5127280865554336,33.539642135488016,0.066226,54,1.0,53,edge:e65a5e961a6bbf3e20dadabc05b3e6f3b24d709ce4f61f9de3994befdb262b30,,2,1.0,0.0,0.0,1,2,1,,,,,2,1,3,7.142857142857143,3.5714285714285716,10.714285714285714,,,,,,0.0,0.03785488958990536,,,,,,,,0.01892744479495268,0.0037854889589905363
c003,network,S-rephrased,main-network-S-rephrased-r0,True,participant,5,early1-3,2,2,conversation:c003:0,2,False,True,,28,False,5363092.0,0.013716525146962769,0.0697720759210293,0.125,0.125,0.0,0.0,0.0,0.041883455013650116,0.06622538485226773,3.5127557830002067,2.3190116523512383e-05,0.0034940600978336828,54,33.540571077198265,54,3.5127280865554336,33.539642135488016,0.066226,54,1.0,53,edge:e65a5e961a6bbf3e20dadabc05b3e6f3b24d709ce4f61f9de3994befdb262b30,,2,1.0,0.0,0.0,1,2,1,,,,,2,1,3,7.142857142857143,3.5714285714285716,10.714285714285714,,,,,,0.0,0.03785488958990536,,,,,,,,0.01892744479495268,0.0037854889589905363
c003,network,S-rephrased,main-network-S-rephrased-r0,True,gemma,3,early1-3,2,2,conversation:c003:0,2,False,False,incomplete_or_mismatched_source_coverage,256,False,5363092.0,0.013716525146962769,0.0697720759210293,0.08943089430894309,0.08943089430894309,,,,0.041883455013650116,0.06622538485226773,3.5127557830002067,2.3190116523512383e-05,0.0034940600978336828,54,33.540571077198265,54,3.5127280865554336,33.539642135488016,0.066226,54,1.0,53,edge:e65a5e961a6bbf3e20dadabc05b3e6f3b24d709ce4f61f9de3994befdb262b30,,2,1.0,0.0,0.0,1,,,,,,,,,,,,,,,,,,0.06091370558375635,0.21780756342747726,,,,,,,,0.1393606345056168,0.027872126901123364
c003,network,S-rephrased,main-network-S-rephrased-r0,True,gemma,5,early1-3,2,2,conversation:c003:0,2,False,False,incomplete_or_mismatched_source_coverage,256,False,5363092.0,0.013716525146962769,0.0697720759210293,0.08943089430894309,0.08943089430894309,,,,0.041883455013650116,0.06622538485226773,3.5127557830002067,2.3190116523512383e-05,0.0034940600978336828,54,33.540571077198265,54,3.5127280865554336,33.539642135488016,0.066226,54,1.0,53,edge:e65a5e961a6bbf3e20dadabc05b3e6f3b24d709ce4f61f9de3994befdb262b30,,2,1.0,0.0,0.0,1,,,,,,,,,,,,,,,,,,0.06091370558375635,0.21780756342747726,,,,,,,,0.1393606345056168,0.027872126901123364
c003,network,S-rephrased,main-network-S-rephrased-r0,True,combined,3,early1-3,2,2,conversation:c003:0,2,False,False,incomplete_or_mismatched_source_coverage,284,False,5363092.0,0.013716525146962769,0.0697720759210293,0.10606060606060606,0.10606060606060606,,,,0.041883455013650116,0.06622538485226773,3.5127557830002067,2.3190116523512383e-05,0.0034940600978336828,54,33.540571077198265,54,3.5127280865554336,33.539642135488016,0.066226,54,1.0,53,edge:e65a5e961a6bbf3e20dadabc05b3e6f3b24d709ce4f61f9de3994befdb262b30,,2,1.0,0.0,0.0,1,,,,,,,,,,,,,,,,,,0.05727554179566564,0.20322019147084422,,,,,,,,0.13024786663325494,0.02604957332665099
c003,network,S-rephrased,main-network-S-rephrased-r0,True,combined,5,early1-3,2,2,conversation:c003:0,2,False,False,incomplete_or_mismatched_source_coverage,284,False,5363092.0,0.013716525146962769,0.0697720759210293,0.10606060606060606,0.10606060606060606,,,,0.041883455013650116,0.06622538485226773,3.5127557830002067,2.3190116523512383e-05,0.0034940600978336828,54,33.540571077198265,54,3.5127280865554336,33.539642135488016,0.066226,54,1.0,53,edge:e65a5e961a6bbf3e20dadabc05b3e6f3b24d709ce4f61f9de3994befdb262b30,,2,1.0,0.0,0.0,1,,,,,,,,,,,,,,,,,,0.05727554179566564,0.20322019147084422,,,,,,,,0.13024786663325494,0.02604957332665099
c003,network,S-rephrased,main-network-S-rephrased-r0,True,participant,3,early1-3,3,3,conversation:c003:0,3,False,True,,27,False,5229758.0,0.011103853690398433,0.12488774801671428,0.10204081632653061,0.15625,,0.0,0.0,0.041883455013650116,0.06622538485226773,3.5127557830002067,0.003179826893466554,0.008735150244584208,54,33.540571077198265,54,3.5162843277445996,33.65912952938777,0.066013,53,0.988542,53,edge:ff04a3767bc046591ec48504238cf0ad41ad1046ee89342f4e823637b594ff63,0.0,3,1.0,0.0,0.0,2,0,0,,,0.0,0.0,0,0,0,0.0,0.0,0.0,,,,,,0.0,0.07094594594594594,,,,,,,,0.03547297297297297,0.01418918918918919
c003,network,S-rephrased,main-network-S-rephrased-r0,True,participant,5,early1-3,3,3,conversation:c003:0,3,False,True,,27,False,5229758.0,0.011103853690398433,0.12488774801671428,0.10204081632653061,0.15625,,0.0,0.0,0.041883455013650116,0.06622538485226773,3.5127557830002067,0.003179826893466554,0.008735150244584208,54,33.540571077198265,54,3.5162843277445996,33.65912952938777,0.066013,53,0.988542,53,edge:ff04a3767bc046591ec48504238cf0ad41ad1046ee89342f4e823637b594ff63,,3,1.0,0.0,0.0,2,0,0,,,,,0,0,0,0.0,0.0,0.0,,,,,,0.0,0.07094594594594594,,,,,,,,0.03547297297297297,0.01418918918918919
c003,network,S-rephrased,main-network-S-rephrased-r0,True,gemma,3,early1-3,3,3,conversation:c003:0,3,False,False,incomplete_or_mismatched_source_coverage,326,False,5229758.0,0.011103853690398433,0.12488774801671428,0.08633093525179857,0.14,,,,0.041883455013650116,0.06622538485226773,3.5127557830002067,0.003179826893466554,0.008735150244584208,54,33.540571077198265,54,3.5162843277445996,33.65912952938777,0.066013,53,0.988542,53,edge:ff04a3767bc046591ec48504238cf0ad41ad1046ee89342f4e823637b594ff63,0.0,3,1.0,0.0,0.0,2,,,,,,,,,,,,,,,,,,0.06584362139917696,0.20926430517711173,,,,,,,,0.13755396328814434,0.05502158531525774
c003,network,S-rephrased,main-network-S-rephrased-r0,True,gemma,5,early1-3,3,3,conversation:c003:0,3,False,False,incomplete_or_mismatched_source_coverage,326,False,5229758.0,0.011103853690398433,0.12488774801671428,0.08633093525179857,0.14,,,,0.041883455013650116,0.06622538485226773,3.5127557830002067,0.003179826893466554,0.008735150244584208,54,33.540571077198265,54,3.5162843277445996,33.65912952938777,0.066013,53,0.988542,53,edge:ff04a3767bc046591ec48504238cf0ad41ad1046ee89342f4e823637b594ff63,,3,1.0,0.0,0.0,2,,,,,,,,,,,,,,,,,,0.06584362139917696,0.20926430517711173,,,,,,,,0.13755396328814434,0.05502158531525774
c003,network,S-rephrased,main-network-S-rephrased-r0,True,combined,3,early1-3,3,3,conversation:c003:0,3,False,False,incomplete_or_mismatched_source_coverage,353,False,5229758.0,0.011103853690398433,0.12488774801671428,0.08496732026143791,0.14814814814814814,,,,0.041883455013650116,0.06622538485226773,3.5127557830002067,0.003179826893466554,0.008735150244584208,54,33.540571077198265,54,3.5162843277445996,33.65912952938777,0.066013,53,0.988542,53,edge:ff04a3767bc046591ec48504238cf0ad41ad1046ee89342f4e823637b594ff63,0.0,3,1.0,0.0,0.0,2,,,,,,,,,,,,,,,,,,0.06343283582089553,0.20938271604938272,,,,,,,,0.13640777593513911,0.054563110374055646
c003,network,S-rephrased,main-network-S-rephrased-r0,True,combined,5,early1-3,3,3,conversation:c003:0,3,False,False,incomplete_or_mismatched_source_coverage,353,False,5229758.0,0.011103853690398433,0.12488774801671428,0.08496732026143791,0.14814814814814814,,,,0.041883455013650116,0.06622538485226773,3.5127557830002067,0.003179826893466554,0.008735150244584208,54,33.540571077198265,54,3.5162843277445996,33.65912952938777,0.066013,53,0.988542,53,edge:ff04a3767bc046591ec48504238cf0ad41ad1046ee89342f4e823637b594ff63,,3,1.0,0.0,0.0,2,,,,,,,,,,,,,,,,,,0.06343283582089553,0.20938271604938272,,,,,,,,0.13640777593513911,0.054563110374055646
c003,network,S-rephrased,main-network-S-rephrased-r0,True,participant,3,middle4-5,4,4,conversation:c003:0,4,False,True,,17,False,8041664.0,0.014369693011103853,0.07637792624878524,0.07142857142857142,0.0945945945945946,,0.0,0.0,0.041883455013650116,0.06622538485226773,3.5127557830002067,0.004765826893466577,0.008735150244584208,54,33.540571077198265,54,3.517711502983487,33.70720130087609,0.065907,53,0.9869559999999999,52,edge:1d226b8ebd700c5afbfecfd6944ffb9095b4b1a79329e89684443f19b38d0a8b,0.0,2,1.0,0.0,0.0,1,0,0,,,0.0,0.0,0,0,0,0.0,0.0,0.0,0.6666666666666666,0.3333333333333333,,,,0.0,0.04710144927536232,,,,,,,,0.02355072463768116,0.014130434782608696
c003,network,S-rephrased,main-network-S-rephrased-r0,True,participant,5,middle4-5,4,4,conversation:c003:0,4,False,True,,17,False,8041664.0,0.014369693011103853,0.07637792624878524,0.07142857142857142,0.0945945945945946,,0.0,0.0,0.041883455013650116,0.06622538485226773,3.5127557830002067,0.004765826893466577,0.008735150244584208,54,33.540571077198265,54,3.517711502983487,33.70720130087609,0.065907,53,0.9869559999999999,52,edge:1d226b8ebd700c5afbfecfd6944ffb9095b4b1a79329e89684443f19b38d0a8b,,2,1.0,0.0,0.0,1,0,0,,,,,0,0,0,0.0,0.0,0.0,,,,,,0.0,0.04710144927536232,,,,,,,,0.02355072463768116,0.014130434782608696
c003,network,S-rephrased,main-network-S-rephrased-r0,True,gemma,3,middle4-5,4,4,conversation:c003:0,4,False,False,incomplete_or_mismatched_source_coverage,308,False,8041664.0,0.014369693011103853,0.07637792624878524,0.07913669064748201,0.13414634146341464,,,,0.041883455013650116,0.06622538485226773,3.5127557830002067,0.004765826893466577,0.008735150244584208,54,33.540571077198265,54,3.517711502983487,33.70720130087609,0.065907,53,0.9869559999999999,52,edge:1d226b8ebd700c5afbfecfd6944ffb9095b4b1a79329e89684443f19b38d0a8b,0.0,2,1.0,0.0,0.0,1,,,,,,,,,,,,,,,,,,0.09266409266409266,0.27225403435710566,,,,,,,,0.18245906351059915,0.10947543810635949
c003,network,S-rephrased,main-network-S-rephrased-r0,True,gemma,5,middle4-5,4,4,conversation:c003:0,4,False,False,incomplete_or_mismatched_source_coverage,308,False,8041664.0,0.014369693011103853,0.07637792624878524,0.07913669064748201,0.13414634146341464,,,,0.041883455013650116,0.06622538485226773,3.5127557830002067,0.004765826893466577,0.008735150244584208,54,33.540571077198265,54,3.517711502983487,33.70720130087609,0.065907,53,0.9869559999999999,52,edge:1d226b8ebd700c5afbfecfd6944ffb9095b4b1a79329e89684443f19b38d0a8b,,2,1.0,0.0,0.0,1,,,,,,,,,,,,,,,,,,0.09266409266409266,0.27225403435710566,,,,,,,,0.18245906351059915,0.10947543810635949
c003,network,S-rephrased,main-network-S-rephrased-r0,True,combined,3,middle4-5,4,4,conversation:c003:0,4,False,False,incomplete_or_mismatched_source_coverage,325,False,8041664.0,0.014369693011103853,0.07637792624878524,0.08843537414965986,0.15294117647058825,,,,0.041883455013650116,0.06622538485226773,3.5127557830002067,0.004765826893466577,0.008735150244584208,54,33.540571077198265,54,3.517711502983487,33.70720130087609,0.065907,53,0.9869559999999999,52,edge:1d226b8ebd700c5afbfecfd6944ffb9095b4b1a79329e89684443f19b38d0a8b,0.0,2,1.0,0.0,0.0,1,,,,,,,,,,,,,,,,,,0.08586762075134168,0.25665399239543724,,,,,,,,0.17126080657338946,0.10275648394403368
c003,network,S-rephrased,main-network-S-rephrased-r0,True,combined,5,middle4-5,4,4,conversation:c003:0,4,False,False,incomplete_or_mismatched_source_coverage,325,False,8041664.0,0.014369693011103853,0.07637792624878524,0.08843537414965986,0.15294117647058825,,,,0.041883455013650116,0.06622538485226773,3.5127557830002067,0.004765826893466577,0.008735150244584208,54,33.540571077198265,54,3.517711502983487,33.70720130087609,0.065907,53,0.9869559999999999,52,edge:1d226b8ebd700c5afbfecfd6944ffb9095b4b1a79329e89684443f19b38d0a8b,,2,1.0,0.0,0.0,1,,,,,,,,,,,,,,,,,,0.08586762075134168,0.25665399239543724,,,,,,,,0.17126080657338946,0.10275648394403368
c003,network,S-rephrased,main-network-S-rephrased-r0,True,participant,3,middle4-5,5,5,conversation:c003:0,5,False,False,incomplete_or_mismatched_source_coverage,19,False,2083331.0,0.006531678641410843,0.10720007372836349,0.14634146341463414,0.13846153846153847,,,,0.041883455013650116,0.06622538485226773,3.5127557830002067,2.165378693305773e-05,0.0034940600978336828,54,33.540571077198265,54,3.5127471526167704,33.5402816104583,0.066225,54,1.0,53,edge:4277c1b9cf38f6fe4d18d855232b0457d86ee215f1af70ac67d1ceb3d6cbb1c3,0.0,5,1.0,0.0,0.0,4,,,,,,,,,,,,,,,,,,0.04878048780487805,0.1134453781512605,,,,,,,,0.08111293297806928,0.06489034638245543
c003,network,S-rephrased,main-network-S-rephrased-r0,True,participant,5,middle4-5,5,5,conversation:c003:0,5,False,False,incomplete_or_mismatched_source_coverage,19,False,2083331.0,0.006531678641410843,0.10720007372836349,0.14634146341463414,0.12048192771084337,,,,0.041883455013650116,0.06622538485226773,3.5127557830002067,2.165378693305773e-05,0.0034940600978336828,54,33.540571077198265,54,3.5127471526167704,33.5402816104583,0.066225,54,1.0,53,edge:4277c1b9cf38f6fe4d18d855232b0457d86ee215f1af70ac67d1ceb3d6cbb1c3,0.0,5,1.0,0.0,0.0,4,,,,,,,,,,,,,,,,,,0.04878048780487805,0.1134453781512605,,,,,,,,0.08111293297806928,0.06489034638245543
c003,network,S-rephrased,main-network-S-rephrased-r0,True,gemma,3,middle4-5,5,5,conversation:c003:0,5,False,False,incomplete_or_mismatched_source_coverage,245,False,2083331.0,0.006531678641410843,0.10720007372836349,0.09734513274336283,0.14393939393939395,,,,0.041883455013650116,0.06622538485226773,3.5127557830002067,2.165378693305773e-05,0.0034940600978336828,54,33.540571077198265,54,3.5127471526167704,33.5402816104583,0.066225,54,1.0,53,edge:4277c1b9cf38f6fe4d18d855232b0457d86ee215f1af70ac67d1ceb3d6cbb1c3,0.0,5,1.0,0.0,0.0,4,,,,,,,,,,,,,,,,,,0.18072289156626506,0.36258064516129035,,,,,,,,0.2716517683637777,0.21732141469102217
c003,network,S-rephrased,main-network-S-rephrased-r0,True,gemma,5,middle4-5,5,5,conversation:c003:0,5,False,False,incomplete_or_mismatched_source_coverage,245,False,2083331.0,0.006531678641410843,0.10720007372836349,0.09734513274336283,0.1643835616438356,,,,0.041883455013650116,0.06622538485226773,3.5127557830002067,2.165378693305773e-05,0.0034940600978336828,54,33.540571077198265,54,3.5127471526167704,33.5402816104583,0.066225,54,1.0,53,edge:4277c1b9cf38f6fe4d18d855232b0457d86ee215f1af70ac67d1ceb3d6cbb1c3,0.0,5,1.0,0.0,0.0,4,,,,,,,,,,,,,,,,,,0.18072289156626506,0.36258064516129035,,,,,,,,0.2716517683637777,0.21732141469102217
c003,network,S-rephrased,main-network-S-rephrased-r0,True,combined,3,middle4-5,5,5,conversation:c003:0,5,False,False,incomplete_or_mismatched_source_coverage,264,False,2083331.0,0.006531678641410843,0.10720007372836349,0.112,0.16901408450704225,,,,0.041883455013650116,0.06622538485226773,3.5127557830002067,2.165378693305773e-05,0.0034940600978336828,54,33.540571077198265,54,3.5127471526167704,33.5402816104583,0.066225,54,1.0,53,edge:4277c1b9cf38f6fe4d18d855232b0457d86ee215f1af70ac67d1ceb3d6cbb1c3,0.0,5,1.0,0.0,0.0,4,,,,,,,,,,,,,,,,,,0.16703786191536749,0.3333333333333333,,,,,,,,0.2501855976243504,0.20014847809948033
c003,network,S-rephrased,main-network-S-rephrased-r0,True,combined,5,middle4-5,5,5,conversation:c003:0,5,False,False,incomplete_or_mismatched_source_coverage,264,False,2083331.0,0.006531678641410843,0.10720007372836349,0.112,0.1935483870967742,,,,0.041883455013650116,0.06622538485226773,3.5127557830002067,2.165378693305773e-05,0.0034940600978336828,54,33.540571077198265,54,3.5127471526167704,33.5402816104583,0.066225,54,1.0,53,edge:4277c1b9cf38f6fe4d18d855232b0457d86ee215f1af70ac67d1ceb3d6cbb1c3,0.0,5,1.0,0.0,0.0,4,,,,,,,,,,,,,,,,,,0.16703786191536749,0.3333333333333333,,,,,,,,0.2501855976243504,0.20014847809948033
c003,network,S-rephrased,main-network-S-rephrased-r0,True,participant,3,mature6-10,6,6,conversation:c003:0,6,False,False,incomplete_or_mismatched_source_coverage,18,False,3642857.0,0.003919007184846506,0.23702423696768452,0.07317073170731707,0.09523809523809523,,,,0.041883455013650116,0.06622538485226773,3.5127557830002067,2.3190116523512383e-05,0.0034940600978336828,54,33.540571077198265,54,3.5127280865554336,33.539642135488016,0.066226,54,1.0,53,edge:1d226b8ebd700c5afbfecfd6944ffb9095b4b1a79329e89684443f19b38d0a8b,0.33333333333333337,2,1.0,0.0,0.0,1,,,,,,,,,,,,,,,,,,0.0,0.08403361344537816,,,,,,,,0.04201680672268908,0.04201680672268908
c003,network,S-rephrased,main-network-S-rephrased-r0,True,participant,5,mature6-10,6,6,conversation:c003:0,6,False,False,incomplete_or_mismatched_source_coverage,18,False,3642857.0,0.003919007184846506,0.23702423696768452,0.07317073170731707,0.08791208791208792,,,,0.041883455013650116,0.06622538485226773,3.5127557830002067,2.3190116523512383e-05,0.0034940600978336828,54,33.540571077198265,54,3.5127280865554336,33.539642135488016,0.066226,54,1.0,53,edge:1d226b8ebd700c5afbfecfd6944ffb9095b4b1a79329e89684443f19b38d0a8b,0.19999999999999996,2,1.0,0.0,0.0,1,,,,,,,,,,,,,,,,,,0.0,0.08403361344537816,,,,,,,,0.04201680672268908,0.04201680672268908
c003,network,S-rephrased,main-network-S-rephrased-r0,True,gemma,3,mature6-10,6,6,conversation:c003:0,6,False,False,incomplete_or_mismatched_source_coverage,195,False,3642857.0,0.003919007184846506,0.23702423696768452,0.11538461538461539,0.1015625,,,,0.041883455013650116,0.06622538485226773,3.5127557830002067,2.3190116523512383e-05,0.0034940600978336828,54,33.540571077198265,54,3.5127280865554336,33.539642135488016,0.066226,54,1.0,53,edge:1d226b8ebd700c5afbfecfd6944ffb9095b4b1a79329e89684443f19b38d0a8b,0.33333333333333337,2,1.0,0.0,0.0,1,,,,,,,,,,,,,,,,,,0.16023738872403562,0.34980392156862744,,,,,,,,0.25502065514633154,0.25502065514633154
c003,network,S-rephrased,main-network-S-rephrased-r0,True,gemma,5,mature6-10,6,6,conversation:c003:0,6,False,False,incomplete_or_mismatched_source_coverage,195,False,3642857.0,0.003919007184846506,0.23702423696768452,0.11538461538461539,0.16326530612244897,,,,0.041883455013650116,0.06622538485226773,3.5127557830002067,2.3190116523512383e-05,0.0034940600978336828,54,33.540571077198265,54,3.5127280865554336,33.539642135488016,0.066226,54,1.0,53,edge:1d226b8ebd700c5afbfecfd6944ffb9095b4b1a79329e89684443f19b38d0a8b,0.19999999999999996,2,1.0,0.0,0.0,1,,,,,,,,,,,,,,,,,,0.16023738872403562,0.34980392156862744,,,,,,,,0.25502065514633154,0.25502065514633154
c003,network,S-rephrased,main-network-S-rephrased-r0,True,combined,3,mature6-10,6,6,conversation:c003:0,6,False,False,incomplete_or_mismatched_source_coverage,213,False,3642857.0,0.003919007184846506,0.23702423696768452,0.11504424778761062,0.11029411764705882,,,,0.041883455013650116,0.06622538485226773,3.5127557830002067,2.3190116523512383e-05,0.0034940600978336828,54,33.540571077198265,54,3.5127280865554336,33.539642135488016,0.066226,54,1.0,53,edge:1d226b8ebd700c5afbfecfd6944ffb9095b4b1a79329e89684443f19b38d0a8b,0.33333333333333337,2,1.0,0.0,0.0,1,,,,,,,,,,,,,,,,,,0.1443850267379679,0.3160442600276625,,,,,,,,0.23021464338281522,0.23021464338281522
c003,network,S-rephrased,main-network-S-rephrased-r0,True,combined,5,mature6-10,6,6,conversation:c003:0,6,False,False,incomplete_or_mismatched_source_coverage,213,False,3642857.0,0.003919007184846506,0.23702423696768452,0.11504424778761062,0.17532467532467533,,,,0.041883455013650116,0.06622538485226773,3.5127557830002067,2.3190116523512383e-05,0.0034940600978336828,54,33.540571077198265,54,3.5127280865554336,33.539642135488016,0.066226,54,1.0,53,edge:1d226b8ebd700c5afbfecfd6944ffb9095b4b1a79329e89684443f19b38d0a8b,0.19999999999999996,2,1.0,0.0,0.0,1,,,,,,,,,,,,,,,,,,0.1443850267379679,0.3160442600276625,,,,,,,,0.23021464338281522,0.23021464338281522
c003,network,S-rephrased,main-network-S-rephrased-r0,True,participant,3,mature6-10,7,7,conversation:c003:0,7,False,False,incomplete_or_mismatched_source_coverage,29,False,5591661.0,0.014369693011103853,0.08674699274799137,0.12244897959183673,0.16393442622950818,,,,0.041883455013650116,0.06622538485226773,3.5127557830002067,0.003179826893466554,0.008735150244584208,54,33.540571077198265,54,3.5162843277445996,33.65912952938777,0.066013,53,0.988542,52,edge:a7468b5a9d50db332ab36faaf59090d68d5a4156a8e2f137dc5fcfadba7a5809,0.0,2,1.0,0.0,0.0,1,,,,,,,,,,,,,,,,,,0.0,0.057034220532319393,,,,,,,,0.028517110266159697,0.028517110266159697
c003,network,S-rephrased,main-network-S-rephrased-r0,True,participant,5,mature6-10,7,7,conversation:c003:0,7,False,False,incomplete_or_mismatched_source_coverage,29,False,5591661.0,0.014369693011103853,0.08674699274799137,0.12244897959183673,0.20238095238095238,,,,0.041883455013650116,0.06622538485226773,3.5127557830002067,0.003179826893466554,0.008735150244584208,54,33.540571077198265,54,3.5162843277445996,33.65912952938777,0.066013,53,0.988542,52,edge:a7468b5a9d50db332ab36faaf59090d68d5a4156a8e2f137dc5fcfadba7a5809,0.19999999999999996,2,1.0,0.0,0.0,1,,,,,,,,,,,,,,,,,,0.061224489795918366,0.15272727272727274,,,,,,,,0.10697588126159555,0.10697588126159555
c003,network,S-rephrased,main-network-S-rephrased-r0,True,gemma,3,mature6-10,7,7,conversation:c003:0,7,False,False,incomplete_or_mismatched_source_coverage,170,False,5591661.0,0.014369693011103853,0.08674699274799137,0.10101010101010101,0.07758620689655173,,,,0.041883455013650116,0.06622538485226773,3.5127557830002067,0.003179826893466554,0.008735150244584208,54,33.540571077198265,54,3.5162843277445996,33.65912952938777,0.066013,53,0.988542,52,edge:a7468b5a9d50db332ab36faaf59090d68d5a4156a8e2f137dc5fcfadba7a5809,0.0,2,1.0,0.0,0.0,1,,,,,,,,,,,,,,,,,,0.2099644128113879,0.35733099209833186,,,,,,,,0.2836477024548599,0.2836477024548599
c003,network,S-rephrased,main-network-S-rephrased-r0,True,gemma,5,mature6-10,7,7,conversation:c003:0,7,False,False,incomplete_or_mismatched_source_coverage,170,False,5591661.0,0.014369693011103853,0.08674699274799137,0.10101010101010101,0.15671641791044777,,,,0.041883455013650116,0.06622538485226773,3.5127557830002067,0.003179826893466554,0.008735150244584208,54,33.540571077198265,54,3.5162843277445996,33.65912952938777,0.066013,53,0.988542,52,edge:a7468b5a9d50db332ab36faaf59090d68d5a4156a8e2f137dc5fcfadba7a5809,0.19999999999999996,2,1.0,0.0,0.0,1,,,,,,,,,,,,,,,,,,0.2099644128113879,0.35733099209833186,,,,,,,,0.2836477024548599,0.2836477024548599
c003,network,S-rephrased,main-network-S-rephrased-r0,True,combined,3,mature6-10,7,7,conversation:c003:0,7,False,False,incomplete_or_mismatched_source_coverage,199,False,5591661.0,0.014369693011103853,0.08674699274799137,0.09734513274336283,0.1111111111111111,,,,0.041883455013650116,0.06622538485226773,3.5127557830002067,0.003179826893466554,0.008735150244584208,54,33.540571077198265,54,3.5162843277445996,33.65912952938777,0.066013,53,0.988542,52,edge:a7468b5a9d50db332ab36faaf59090d68d5a4156a8e2f137dc5fcfadba7a5809,0.0,2,1.0,0.0,0.0,1,,,,,,,,,,,,,,,,,,0.18209876543209877,0.31047475508666167,,,,,,,,0.24628676025938023,0.24628676025938023
c003,network,S-rephrased,main-network-S-rephrased-r0,True,combined,5,mature6-10,7,7,conversation:c003:0,7,False,False,incomplete_or_mismatched_source_coverage,199,False,5591661.0,0.014369693011103853,0.08674699274799137,0.09734513274336283,0.18055555555555555,,,,0.041883455013650116,0.06622538485226773,3.5127557830002067,0.003179826893466554,0.008735150244584208,54,33.540571077198265,54,3.5162843277445996,33.65912952938777,0.066013,53,0.988542,52,edge:a7468b5a9d50db332ab36faaf59090d68d5a4156a8e2f137dc5fcfadba7a5809,0.19999999999999996,2,1.0,0.0,0.0,1,,,,,,,,,,,,,,,,,,0.18209876543209877,0.31047475508666167,,,,,,,,0.24628676025938023,0.24628676025938023
c003,network,S-rephrased,main-network-S-rephrased-r0,True,participant,3,mature6-10,8,8,conversation:c003:0,8,False,True,,26,False,3908329.0,0.009144350097975179,0.15281370123071633,0.10869565217391304,0.30357142857142855,,,,0.041883455013650116,0.06622538485226773,3.5127557830002067,0.003179826893466554,0.008735150244584208,54,33.540571077198265,54,3.5162843277445996,33.65912952938777,0.066013,53,0.988542,52,edge:639599cd7bde5879390cd5b23b8a7c2929561a29cdd26102b77e277da4ca0913,0.0,2,1.0,0.0,0.0,1,0,0,,,,,,,,,,,,,,,,0.21428571428571427,0.2943722943722944,,,,,,,,0.25432900432900435,0.25432900432900435
c003,network,S-rephrased,main-network-S-rephrased-r0,True,participant,5,mature6-10,8,8,conversation:c003:0,8,False,True,,26,False,3908329.0,0.009144350097975179,0.15281370123071633,0.10869565217391304,0.22784810126582278,,,,0.041883455013650116,0.06622538485226773,3.5127557830002067,0.003179826893466554,0.008735150244584208,54,33.540571077198265,54,3.5162843277445996,33.65912952938777,0.066013,53,0.988542,52,edge:639599cd7bde5879390cd5b23b8a7c2929561a29cdd26102b77e277da4ca0913,0.19999999999999996,2,1.0,0.0,0.0,1,0,0,,,,,,,,,,,,,,,,0.21428571428571427,0.2943722943722944,,,,,,,,0.25432900432900435,0.25432900432900435
c003,network,S-rephrased,main-network-S-rephrased-r0,True,gemma,3,mature6-10,8,8,conversation:c003:0,8,False,False,incomplete_or_mismatched_source_coverage,215,False,3908329.0,0.009144350097975179,0.15281370123071633,0.1,0.19166666666666668,,,,0.041883455013650116,0.06622538485226773,3.5127557830002067,0.003179826893466554,0.008735150244584208,54,33.540571077198265,54,3.5162843277445996,33.65912952938777,0.066013,53,0.988542,52,edge:639599cd7bde5879390cd5b23b8a7c2929561a29cdd26102b77e277da4ca0913,0.0,2,1.0,0.0,0.0,1,,,,,,,,,,,,,,,,,,0.13114754098360656,0.2647527910685805,,,,,,,,0.19795016602609355,0.19795016602609355
c003,network,S-rephrased,main-network-S-rephrased-r0,True,gemma,5,mature6-10,8,8,conversation:c003:0,8,False,False,incomplete_or_mismatched_source_coverage,215,False,3908329.0,0.009144350097975179,0.15281370123071633,0.1,0.1597222222222222,,,,0.041883455013650116,0.06622538485226773,3.5127557830002067,0.003179826893466554,0.008735150244584208,54,33.540571077198265,54,3.5162843277445996,33.65912952938777,0.066013,53,0.988542,52,edge:639599cd7bde5879390cd5b23b8a7c2929561a29cdd26102b77e277da4ca0913,0.19999999999999996,2,1.0,0.0,0.0,1,,,,,,,,,,,,,,,,,,0.13114754098360656,0.2647527910685805,,,,,,,,0.19795016602609355,0.19795016602609355
c003,network,S-rephrased,main-network-S-rephrased-r0,True,combined,3,mature6-10,8,8,conversation:c003:0,8,False,False,incomplete_or_mismatched_source_coverage,241,False,3908329.0,0.009144350097975179,0.15281370123071633,0.1111111111111111,0.20634920634920634,,,,0.041883455013650116,0.06622538485226773,3.5127557830002067,0.003179826893466554,0.008735150244584208,54,33.540571077198265,54,3.5162843277445996,33.65912952938777,0.066013,53,0.988542,52,edge:639599cd7bde5879390cd5b23b8a7c2929561a29cdd26102b77e277da4ca0913,0.0,2,1.0,0.0,0.0,1,,,,,,,,,,,,,,,,,,0.13742690058479531,0.26680972818311877,,,,,,,,0.20211831438395705,0.20211831438395705
c003,network,S-rephrased,main-network-S-rephrased-r0,True,combined,5,mature6-10,8,8,conversation:c003:0,8,False,False,incomplete_or_mismatched_source_coverage,241,False,3908329.0,0.009144350097975179,0.15281370123071633,0.1111111111111111,0.18120805369127516,,,,0.041883455013650116,0.06622538485226773,3.5127557830002067,0.003179826893466554,0.008735150244584208,54,33.540571077198265,54,3.5162843277445996,33.65912952938777,0.066013,53,0.988542,52,edge:639599cd7bde5879390cd5b23b8a7c2929561a29cdd26102b77e277da4ca0913,0.19999999999999996,2,1.0,0.0,0.0,1,,,,,,,,,,,,,,,,,,0.13742690058479531,0.26680972818311877,,,,,,,,0.20211831438395705,0.20211831438395705
c003,network,S-rephrased,main-network-S-rephrased-r0,True,participant,3,mature6-10,9,9,conversation:c003:0,9,False,False,incomplete_or_mismatched_source_coverage,33,False,12829754.0,0.024167210973220117,0.05017574697883143,0.1702127659574468,0.15873015873015872,,,,0.041883455013650116,0.06622538485226773,3.5127557830002067,0.003179826893466554,0.008735150244584208,54,33.540571077198265,54,3.5162843277445996,33.65912952938777,0.066013,53,0.988542,52,edge:d4dfd250ba3e85a1d0068d7d642085ae42888f8d17a6494103df42d52cbcd0e9,0.0,2,1.0,0.0,0.0,1,,,,,,,,,,,,,,,,,,0.0,0.04,,,,,,,,0.02,0.02
c003,network,S-rephrased,main-network-S-rephrased-r0,True,participant,5,mature6-10,9,9,conversation:c003:0,9,False,False,incomplete_or_mismatched_source_coverage,33,False,12829754.0,0.024167210973220117,0.05017574697883143,0.1702127659574468,0.13253012048192772,,,,0.041883455013650116,0.06622538485226773,3.5127557830002067,0.003179826893466554,0.008735150244584208,54,33.540571077198265,54,3.5162843277445996,33.65912952938777,0.066013,53,0.988542,52,edge:d4dfd250ba3e85a1d0068d7d642085ae42888f8d17a6494103df42d52cbcd0e9,0.0,2,1.0,0.0,0.0,1,,,,,,,,,,,,,,,,,,0.0,0.041044776119402986,,,,,,,,0.020522388059701493,0.020522388059701493
c003,network,S-rephrased,main-network-S-rephrased-r0,True,gemma,3,mature6-10,9,9,conversation:c003:0,9,False,False,incomplete_or_mismatched_source_coverage,152,False,12829754.0,0.024167210973220117,0.05017574697883143,0.09278350515463918,0.12727272727272726,,,,0.041883455013650116,0.06622538485226773,3.5127557830002067,0.003179826893466554,0.008735150244584208,54,33.540571077198265,54,3.5162843277445996,33.65912952938777,0.066013,53,0.988542,52,edge:d4dfd250ba3e85a1d0068d7d642085ae42888f8d17a6494103df42d52cbcd0e9,0.0,2,1.0,0.0,0.0,1,,,,,,,,,,,,,,,,,,0.038834951456310676,0.15642915642915642,,,,,,,,0.09763205394273355,0.09763205394273355
c003,network,S-rephrased,main-network-S-rephrased-r0,True,gemma,5,mature6-10,9,9,conversation:c003:0,9,False,False,incomplete_or_mismatched_source_coverage,152,False,12829754.0,0.024167210973220117,0.05017574697883143,0.09278350515463918,0.12403100775193798,,,,0.041883455013650116,0.06622538485226773,3.5127557830002067,0.003179826893466554,0.008735150244584208,54,33.540571077198265,54,3.5162843277445996,33.65912952938777,0.066013,53,0.988542,52,edge:d4dfd250ba3e85a1d0068d7d642085ae42888f8d17a6494103df42d52cbcd0e9,0.0,2,1.0,0.0,0.0,1,,,,,,,,,,,,,,,,,,0.038834951456310676,0.15642915642915642,,,,,,,,0.09763205394273355,0.09763205394273355
c003,network,S-rephrased,main-network-S-rephrased-r0,True,combined,3,mature6-10,9,9,conversation:c003:0,9,False,False,incomplete_or_mismatched_source_coverage,185,False,12829754.0,0.024167210973220117,0.05017574697883143,0.10185185185185185,0.14166666666666666,,,,0.041883455013650116,0.06622538485226773,3.5127557830002067,0.003179826893466554,0.008735150244584208,54,33.540571077198265,54,3.5162843277445996,33.65912952938777,0.066013,53,0.988542,52,edge:d4dfd250ba3e85a1d0068d7d642085ae42888f8d17a6494103df42d52cbcd0e9,0.0,2,1.0,0.0,0.0,1,,,,,,,,,,,,,,,,,,0.03333333333333333,0.1600284495021337,,,,,,,,0.09668089141773352,0.09668089141773352
c003,network,S-rephrased,main-network-S-rephrased-r0,True,combined,5,mature6-10,9,9,conversation:c003:0,9,False,False,incomplete_or_mismatched_source_coverage,185,False,12829754.0,0.024167210973220117,0.05017574697883143,0.10185185185185185,0.14492753623188406,,,,0.041883455013650116,0.06622538485226773,3.5127557830002067,0.003179826893466554,0.008735150244584208,54,33.540571077198265,54,3.5162843277445996,33.65912952938777,0.066013,53,0.988542,52,edge:d4dfd250ba3e85a1d0068d7d642085ae42888f8d17a6494103df42d52cbcd0e9,0.0,2,1.0,0.0,0.0,1,,,,,,,,,,,,,,,,,,0.03333333333333333,0.1600284495021337,,,,,,,,0.09668089141773352,0.09668089141773352
c003,network,S-rephrased,main-network-S-rephrased-r0,True,participant,3,mature6-10,10,10,conversation:c003:0,10,False,False,incomplete_or_mismatched_source_coverage,38,False,9238091.0,0.017635532331809273,0.061576721818685384,0.13725490196078433,0.18055555555555555,,,,0.041883455013650116,0.06622538485226773,3.5127557830002067,2.3190116523512383e-05,0.0034940600978336828,54,33.540571077198265,54,3.5127280865554336,33.539642135488016,0.066226,54,1.0,53,edge:0cb1b32611728bc713c5e46200b120f2d7b6b037291c653899c2dab66472b4f5,0.0,2,1.0,0.0,0.0,1,,,,,,,,,,,,,,,,,,0.015151515151515152,0.060897435897435896,,,,,,,,0.03802447552447552,0.03802447552447552
c003,network,S-rephrased,main-network-S-rephrased-r0,True,participant,5,mature6-10,10,10,conversation:c003:0,10,False,False,incomplete_or_mismatched_source_coverage,38,False,9238091.0,0.017635532331809273,0.061576721818685384,0.13725490196078433,0.15730337078651685,,,,0.041883455013650116,0.06622538485226773,3.5127557830002067,2.3190116523512383e-05,0.0034940600978336828,54,33.540571077198265,54,3.5127280865554336,33.539642135488016,0.066226,54,1.0,53,edge:0cb1b32611728bc713c5e46200b120f2d7b6b037291c653899c2dab66472b4f5,0.0,2,1.0,0.0,0.0,1,,,,,,,,,,,,,,,,,,0.019230769230769232,0.08394160583941605,,,,,,,,0.05158618753509264,0.05158618753509264
c003,network,S-rephrased,main-network-S-rephrased-r0,True,gemma,3,mature6-10,10,10,conversation:c003:0,10,False,False,incomplete_or_mismatched_source_coverage,220,False,9238091.0,0.017635532331809273,0.061576721818685384,0.09433962264150944,0.20168067226890757,,,,0.041883455013650116,0.06622538485226773,3.5127557830002067,2.3190116523512383e-05,0.0034940600978336828,54,33.540571077198265,54,3.5127280865554336,33.539642135488016,0.066226,54,1.0,53,edge:0cb1b32611728bc713c5e46200b120f2d7b6b037291c653899c2dab66472b4f5,0.0,2,1.0,0.0,0.0,1,,,,,,,,,,,,,,,,,,0.07692307692307693,0.24812030075187969,,,,,,,,0.1625216888374783,0.1625216888374783
c003,network,S-rephrased,main-network-S-rephrased-r0,True,gemma,5,mature6-10,10,10,conversation:c003:0,10,False,False,incomplete_or_mismatched_source_coverage,220,False,9238091.0,0.017635532331809273,0.061576721818685384,0.09433962264150944,0.21052631578947367,,,,0.041883455013650116,0.06622538485226773,3.5127557830002067,2.3190116523512383e-05,0.0034940600978336828,54,33.540571077198265,54,3.5127280865554336,33.539642135488016,0.066226,54,1.0,53,edge:0cb1b32611728bc713c5e46200b120f2d7b6b037291c653899c2dab66472b4f5,0.0,2,1.0,0.0,0.0,1,,,,,,,,,,,,,,,,,,0.07692307692307693,0.24812030075187969,,,,,,,,0.1625216888374783,0.1625216888374783
c003,network,S-rephrased,main-network-S-rephrased-r0,True,combined,3,mature6-10,10,10,conversation:c003:0,10,False,False,incomplete_or_mismatched_source_coverage,258,False,9238091.0,0.017635532331809273,0.061576721818685384,0.11965811965811966,0.2153846153846154,,,,0.041883455013650116,0.06622538485226773,3.5127557830002067,2.3190116523512383e-05,0.0034940600978336828,54,33.540571077198265,54,3.5127280865554336,33.539642135488016,0.066226,54,1.0,53,edge:0cb1b32611728bc713c5e46200b120f2d7b6b037291c653899c2dab66472b4f5,0.0,2,1.0,0.0,0.0,1,,,,,,,,,,,,,,,,,,0.06516290726817042,0.2376237623762376,,,,,,,,0.15139333482220402,0.15139333482220402
c003,network,S-rephrased,main-network-S-rephrased-r0,True,combined,5,mature6-10,10,10,conversation:c003:0,10,False,False,incomplete_or_mismatched_source_coverage,258,False,9238091.0,0.017635532331809273,0.061576721818685384,0.11965811965811966,0.23076923076923078,,,,0.041883455013650116,0.06622538485226773,3.5127557830002067,2.3190116523512383e-05,0.0034940600978336828,54,33.540571077198265,54,3.5127280865554336,33.539642135488016,0.066226,54,1.0,53,edge:0cb1b32611728bc713c5e46200b120f2d7b6b037291c653899c2dab66472b4f5,0.0,2,1.0,0.0,0.0,1,,,,,,,,,,,,,,,,,,0.06516290726817042,0.2376237623762376,,,,,,,,0.15139333482220402,0.15139333482220402
c004,watering,F-new,main-watering-F-new-r0,False,participant,3,early1-3,1,1,conversation:c004:0,1,False,False,incomplete_or_mismatched_source_coverage,39,False,9674993.0,0.020248203788373612,0.06328790087980367,1.0,,,,,0.041883455013650116,0.06622538485226773,3.5127557830002067,0.021671653786933077,0.02026554856743536,54,33.540571077198265,54,3.527061131325717,34.02382897451991,0.064766,52,0.9617720000000001,51,edge:e65a5e961a6bbf3e20dadabc05b3e6f3b24d709ce4f61f9de3994befdb262b30,,2,,,,1,,,,,,,,,,,,,,,,,,,,,,,,,,,,
c004,watering,F-new,main-watering-F-new-r0,False,participant,5,early1-3,1,1,conversation:c004:0,1,False,False,incomplete_or_mismatched_source_coverage,39,False,9674993.0,0.020248203788373612,0.06328790087980367,1.0,,,,,0.041883455013650116,0.06622538485226773,3.5127557830002067,0.021671653786933077,0.02026554856743536,54,33.540571077198265,54,3.527061131325717,34.02382897451991,0.064766,52,0.9617720000000001,51,edge:e65a5e961a6bbf3e20dadabc05b3e6f3b24d709ce4f61f9de3994befdb262b30,,2,,,,1,,,,,,,,,,,,,,,,,,,,,,,,,,,,
c004,watering,F-new,main-watering-F-new-r0,False,gemma,3,early1-3,1,1,conversation:c004:0,1,False,False,incomplete_or_mismatched_source_coverage,358,False,9674993.0,0.020248203788373612,0.06328790087980367,0.12790697674418605,,,,,0.041883455013650116,0.06622538485226773,3.5127557830002067,0.021671653786933077,0.02026554856743536,54,33.540571077198265,54,3.527061131325717,34.02382897451991,0.064766,52,0.9617720000000001,51,edge:e65a5e961a6bbf3e20dadabc05b3e6f3b24d709ce4f61f9de3994befdb262b30,,2,,,,1,,,,,,,,,,,,,,,,,,,,,,,,,,,,
c004,watering,F-new,main-watering-F-new-r0,False,gemma,5,early1-3,1,1,conversation:c004:0,1,False,False,incomplete_or_mismatched_source_coverage,358,False,9674993.0,0.020248203788373612,0.06328790087980367,0.12790697674418605,,,,,0.041883455013650116,0.06622538485226773,3.5127557830002067,0.021671653786933077,0.02026554856743536,54,33.540571077198265,54,3.527061131325717,34.02382897451991,0.064766,52,0.9617720000000001,51,edge:e65a5e961a6bbf3e20dadabc05b3e6f3b24d709ce4f61f9de3994befdb262b30,,2,,,,1,,,,,,,,,,,,,,,,,,,,,,,,,,,,
c004,watering,F-new,main-watering-F-new-r0,False,combined,3,early1-3,1,1,conversation:c004:0,1,False,False,incomplete_or_mismatched_source_coverage,397,False,9674993.0,0.020248203788373612,0.06328790087980367,0.19186046511627908,,,,,0.041883455013650116,0.06622538485226773,3.5127557830002067,0.021671653786933077,0.02026554856743536,54,33.540571077198265,54,3.527061131325717,34.02382897451991,0.064766,52,0.9617720000000001,51,edge:e65a5e961a6bbf3e20dadabc05b3e6f3b24d709ce4f61f9de3994befdb262b30,,2,,,,1,,,,,,,,,,,,,,,,,,,,,,,,,,,,
c004,watering,F-new,main-watering-F-new-r0,False,combined,5,early1-3,1,1,conversation:c004:0,1,False,False,incomplete_or_mismatched_source_coverage,397,False,9674993.0,0.020248203788373612,0.06328790087980367,0.19186046511627908,,,,,0.041883455013650116,0.06622538485226773,3.5127557830002067,0.021671653786933077,0.02026554856743536,54,33.540571077198265,54,3.527061131325717,34.02382897451991,0.064766,52,0.9617720000000001,51,edge:e65a5e961a6bbf3e20dadabc05b3e6f3b24d709ce4f61f9de3994befdb262b30,,2,,,,1,,,,,,,,,,,,,,,,,,,,,,,,,,,,
c004,watering,F-new,main-watering-F-new-r0,False,participant,3,early1-3,2,2,conversation:c004:0,2,False,True,,27,False,2449998.0,0.005878510777269758,0.2150495250566406,0.19148936170212766,0.19148936170212766,,,,0.041883455013650116,0.06622538485226773,3.5127557830002067,0.00191182689346654,0.008735150244584208,54,33.540571077198265,54,3.514988994626735,33.61555797012406,0.066098,53,0.9898100000000001,52,edge:0cb1b32611728bc713c5e46200b120f2d7b6b037291c653899c2dab66472b4f5,,2,1.0,0.0,0.0,1,0,0,,,,,,,,,,,,,,,,0.0,0.05448717948717949,,,,,,,,0.027243589743589744,0.005448717948717949
c004,watering,F-new,main-watering-F-new-r0,False,participant,5,early1-3,2,2,conversation:c004:0,2,False,True,,27,False,2449998.0,0.005878510777269758,0.2150495250566406,0.19148936170212766,0.19148936170212766,,,,0.041883455013650116,0.06622538485226773,3.5127557830002067,0.00191182689346654,0.008735150244584208,54,33.540571077198265,54,3.514988994626735,33.61555797012406,0.066098,53,0.9898100000000001,52,edge:0cb1b32611728bc713c5e46200b120f2d7b6b037291c653899c2dab66472b4f5,,2,1.0,0.0,0.0,1,0,0,,,,,,,,,,,,,,,,0.0,0.05448717948717949,,,,,,,,0.027243589743589744,0.005448717948717949
c004,watering,F-new,main-watering-F-new-r0,False,gemma,3,early1-3,2,2,conversation:c004:0,2,False,False,incomplete_or_mismatched_source_coverage,395,False,2449998.0,0.005878510777269758,0.2150495250566406,0.0718232044198895,0.0718232044198895,,,,0.041883455013650116,0.06622538485226773,3.5127557830002067,0.00191182689346654,0.008735150244584208,54,33.540571077198265,54,3.514988994626735,33.61555797012406,0.066098,53,0.9898100000000001,52,edge:0cb1b32611728bc713c5e46200b120f2d7b6b037291c653899c2dab66472b4f5,,2,1.0,0.0,0.0,1,,,,,,,,,,,,,,,,,,0.0072992700729927005,0.09114778694673668,,,,,,,,0.049223528509864695,0.00984470570197294
c004,watering,F-new,main-watering-F-new-r0,False,gemma,5,early1-3,2,2,conversation:c004:0,2,False,False,incomplete_or_mismatched_source_coverage,395,False,2449998.0,0.005878510777269758,0.2150495250566406,0.0718232044198895,0.0718232044198895,,,,0.041883455013650116,0.06622538485226773,3.5127557830002067,0.00191182689346654,0.008735150244584208,54,33.540571077198265,54,3.514988994626735,33.61555797012406,0.066098,53,0.9898100000000001,52,edge:0cb1b32611728bc713c5e46200b120f2d7b6b037291c653899c2dab66472b4f5,,2,1.0,0.0,0.0,1,,,,,,,,,,,,,,,,,,0.0072992700729927005,0.09114778694673668,,,,,,,,0.049223528509864695,0.00984470570197294
c004,watering,F-new,main-watering-F-new-r0,False,combined,3,early1-3,2,2,conversation:c004:0,2,False,False,incomplete_or_mismatched_source_coverage,422,False,2449998.0,0.005878510777269758,0.2150495250566406,0.07065217391304347,0.07065217391304347,,,,0.041883455013650116,0.06622538485226773,3.5127557830002067,0.00191182689346654,0.008735150244584208,54,33.540571077198265,54,3.514988994626735,33.61555797012406,0.066098,53,0.9898100000000001,52,edge:0cb1b32611728bc713c5e46200b120f2d7b6b037291c653899c2dab66472b4f5,,2,1.0,0.0,0.0,1,,,,,,,,,,,,,,,,,,0.006887052341597796,0.09188416160171613,,,,,,,,0.04938560697165696,0.009877121394331393
c004,watering,F-new,main-watering-F-new-r0,False,combined,5,early1-3,2,2,conversation:c004:0,2,False,False,incomplete_or_mismatched_source_coverage,422,False,2449998.0,0.005878510777269758,0.2150495250566406,0.07065217391304347,0.07065217391304347,,,,0.041883455013650116,0.06622538485226773,3.5127557830002067,0.00191182689346654,0.008735150244584208,54,33.540571077198265,54,3.514988994626735,33.61555797012406,0.066098,53,0.9898100000000001,52,edge:0cb1b32611728bc713c5e46200b120f2d7b6b037291c653899c2dab66472b4f5,,2,1.0,0.0,0.0,1,,,,,,,,,,,,,,,,,,0.006887052341597796,0.09188416160171613,,,,,,,,0.04938560697165696,0.009877121394331393
c004,watering,F-new,main-watering-F-new-r0,False,participant,3,early1-3,3,3,conversation:c004:0,3,False,True,,21,False,3891664.0,0.010450685826257348,0.10600726714078539,0.10869565217391304,0.1016949152542373,,,,0.041883455013650116,0.06622538485226773,3.5127557830002067,2.3190116523512383e-05,0.0034940600978336828,54,33.540571077198265,54,3.5127280865554336,33.539642135488016,0.066226,54,1.0,53,edge:1d226b8ebd700c5afbfecfd6944ffb9095b4b1a79329e89684443f19b38d0a8b,0.0,2,1.0,0.0,0.0,1,0,0,,,,,,,,,,,,,,,,0.0,0.08898305084745763,,,,,,,,0.04449152542372881,0.017796610169491526
c004,watering,F-new,main-watering-F-new-r0,False,participant,5,early1-3,3,3,conversation:c004:0,3,False,True,,21,False,3891664.0,0.010450685826257348,0.10600726714078539,0.10869565217391304,0.1016949152542373,,,,0.041883455013650116,0.06622538485226773,3.5127557830002067,2.3190116523512383e-05,0.0034940600978336828,54,33.540571077198265,54,3.5127280865554336,33.539642135488016,0.066226,54,1.0,53,edge:1d226b8ebd700c5afbfecfd6944ffb9095b4b1a79329e89684443f19b38d0a8b,,2,1.0,0.0,0.0,1,0,0,,,,,,,,,,,,,,,,0.0,0.08898305084745763,,,,,,,,0.04449152542372881,0.017796610169491526
c004,watering,F-new,main-watering-F-new-r0,False,gemma,3,early1-3,3,3,conversation:c004:0,3,False,False,incomplete_or_mismatched_source_coverage,197,False,3891664.0,0.010450685826257348,0.10600726714078539,0.056910569105691054,0.07462686567164178,,,,0.041883455013650116,0.06622538485226773,3.5127557830002067,2.3190116523512383e-05,0.0034940600978336828,54,33.540571077198265,54,3.5127280865554336,33.539642135488016,0.066226,54,1.0,53,edge:1d226b8ebd700c5afbfecfd6944ffb9095b4b1a79329e89684443f19b38d0a8b,0.0,2,1.0,0.0,0.0,1,,,,,,,,,,,,,,,,,,0.013282732447817837,0.09265325222274216,,,,,,,,0.052967992335280004,0.021187196934112
c004,watering,F-new,main-watering-F-new-r0,False,gemma,5,early1-3,3,3,conversation:c004:0,3,False,False,incomplete_or_mismatched_source_coverage,197,False,3891664.0,0.010450685826257348,0.10600726714078539,0.056910569105691054,0.07462686567164178,,,,0.041883455013650116,0.06622538485226773,3.5127557830002067,2.3190116523512383e-05,0.0034940600978336828,54,33.540571077198265,54,3.5127280865554336,33.539642135488016,0.066226,54,1.0,53,edge:1d226b8ebd700c5afbfecfd6944ffb9095b4b1a79329e89684443f19b38d0a8b,,2,1.0,0.0,0.0,1,,,,,,,,,,,,,,,,,,0.013282732447817837,0.09265325222274216,,,,,,,,0.052967992335280004,0.021187196934112
c004,watering,F-new,main-watering-F-new-r0,False,combined,3,early1-3,3,3,conversation:c004:0,3,False,False,incomplete_or_mismatched_source_coverage,218,False,3891664.0,0.010450685826257348,0.10600726714078539,0.06870229007633588,0.08450704225352113,,,,0.041883455013650116,0.06622538485226773,3.5127557830002067,2.3190116523512383e-05,0.0034940600978336828,54,33.540571077198265,54,3.5127280865554336,33.539642135488016,0.066226,54,1.0,53,edge:1d226b8ebd700c5afbfecfd6944ffb9095b4b1a79329e89684443f19b38d0a8b,0.0,2,1.0,0.0,0.0,1,,,,,,,,,,,,,,,,,,0.012589928057553957,0.09602501116569898,,,,,,,,0.05430746961162647,0.021722987844650588
c004,watering,F-new,main-watering-F-new-r0,False,combined,5,early1-3,3,3,conversation:c004:0,3,False,False,incomplete_or_mismatched_source_coverage,218,False,3891664.0,0.010450685826257348,0.10600726714078539,0.06870229007633588,0.08450704225352113,,,,0.041883455013650116,0.06622538485226773,3.5127557830002067,2.3190116523512383e-05,0.0034940600978336828,54,33.540571077198265,54,3.5127280865554336,33.539642135488016,0.066226,54,1.0,53,edge:1d226b8ebd700c5afbfecfd6944ffb9095b4b1a79329e89684443f19b38d0a8b,,2,1.0,0.0,0.0,1,,,,,,,,,,,,,,,,,,0.012589928057553957,0.09602501116569898,,,,,,,,0.05430746961162647,0.021722987844650588
c004,watering,F-new,main-watering-F-new-r0,False,participant,3,middle4-5,4,4,conversation:c004:0,4,False,True,,16,False,1041666.0,0.0032658393207054214,0.21280006758440895,0.09302325581395349,0.08955223880597014,,,,0.041883455013650116,0.06622538485226773,3.5127557830002067,2.165378693305773e-05,0.0034940600978336828,54,33.540571077198265,54,3.5127471526167704,33.5402816104583,0.066225,54,1.0,53,edge:4277c1b9cf38f6fe4d18d855232b0457d86ee215f1af70ac67d1ceb3d6cbb1c3,0.0,5,1.0,0.0,0.0,4,0,0,,,,,,,,,,,,,,,,0.0,0.08152173913043478,,,,,,,,0.04076086956521739,0.024456521739130436
c004,watering,F-new,main-watering-F-new-r0,False,participant,5,middle4-5,4,4,conversation:c004:0,4,False,True,,16,False,1041666.0,0.0032658393207054214,0.21280006758440895,0.09302325581395349,0.08955223880597014,,,,0.041883455013650116,0.06622538485226773,3.5127557830002067,2.165378693305773e-05,0.0034940600978336828,54,33.540571077198265,54,3.5127471526167704,33.5402816104583,0.066225,54,1.0,53,edge:4277c1b9cf38f6fe4d18d855232b0457d86ee215f1af70ac67d1ceb3d6cbb1c3,,5,1.0,0.0,0.0,4,0,0,,,,,,,,,,,,,,,,0.0,0.08152173913043478,,,,,,,,0.04076086956521739,0.024456521739130436
c004,watering,F-new,main-watering-F-new-r0,False,gemma,3,middle4-5,4,4,conversation:c004:0,4,False,False,incomplete_or_mismatched_source_coverage,262,False,1041666.0,0.0032658393207054214,0.21280006758440895,0.08620689655172414,0.08571428571428572,,,,0.041883455013650116,0.06622538485226773,3.5127557830002067,2.165378693305773e-05,0.0034940600978336828,54,33.540571077198265,54,3.5127471526167704,33.5402816104583,0.066225,54,1.0,53,edge:4277c1b9cf38f6fe4d18d855232b0457d86ee215f1af70ac67d1ceb3d6cbb1c3,0.0,5,1.0,0.0,0.0,4,,,,,,,,,,,,,,,,,,0.059431524547803614,0.14865749836280287,,,,,,,,0.10404451145530325,0.06242670687318194
c004,watering,F-new,main-watering-F-new-r0,False,gemma,5,middle4-5,4,4,conversation:c004:0,4,False,False,incomplete_or_mismatched_source_coverage,262,False,1041666.0,0.0032658393207054214,0.21280006758440895,0.08620689655172414,0.08571428571428572,,,,0.041883455013650116,0.06622538485226773,3.5127557830002067,2.165378693305773e-05,0.0034940600978336828,54,33.540571077198265,54,3.5127471526167704,33.5402816104583,0.066225,54,1.0,53,edge:4277c1b9cf38f6fe4d18d855232b0457d86ee215f1af70ac67d1ceb3d6cbb1c3,,5,1.0,0.0,0.0,4,,,,,,,,,,,,,,,,,,0.059431524547803614,0.14865749836280287,,,,,,,,0.10404451145530325,0.06242670687318194
c004,watering,F-new,main-watering-F-new-r0,False,combined,3,middle4-5,4,4,conversation:c004:0,4,False,False,incomplete_or_mismatched_source_coverage,278,False,1041666.0,0.0032658393207054214,0.21280006758440895,0.08547008547008547,0.09285714285714286,,,,0.041883455013650116,0.06622538485226773,3.5127557830002067,2.165378693305773e-05,0.0034940600978336828,54,33.540571077198265,54,3.5127471526167704,33.5402816104583,0.066225,54,1.0,53,edge:4277c1b9cf38f6fe4d18d855232b0457d86ee215f1af70ac67d1ceb3d6cbb1c3,0.0,5,1.0,0.0,0.0,4,,,,,,,,,,,,,,,,,,0.05555555555555555,0.15384615384615385,,,,,,,,0.1047008547008547,0.06282051282051282
c004,watering,F-new,main-watering-F-new-r0,False,combined,5,middle4-5,4,4,conversation:c004:0,4,False,False,incomplete_or_mismatched_source_coverage,278,False,1041666.0,0.0032658393207054214,0.21280006758440895,0.08547008547008547,0.09285714285714286,,,,0.041883455013650116,0.06622538485226773,3.5127557830002067,2.165378693305773e-05,0.0034940600978336828,54,33.540571077198265,54,3.5127471526167704,33.5402816104583,0.066225,54,1.0,53,edge:4277c1b9cf38f6fe4d18d855232b0457d86ee215f1af70ac67d1ceb3d6cbb1c3,,5,1.0,0.0,0.0,4,,,,,,,,,,,,,,,,,,0.05555555555555555,0.15384615384615385,,,,,,,,0.1047008547008547,0.06282051282051282
c004,watering,F-new,main-watering-F-new-r0,False,participant,3,middle4-5,5,5,conversation:c004:0,5,False,False,incomplete_or_mismatched_source_coverage,18,False,7199998.0,0.014369693011103853,0.0767425709269625,0.1111111111111111,0.17307692307692307,,,,0.041883455013650116,0.06622538485226773,3.5127557830002067,2.3190116523512383e-05,0.0034940600978336828,54,33.540571077198265,54,3.5127280865554336,33.539642135488016,0.066226,54,1.0,53,edge:e65a5e961a6bbf3e20dadabc05b3e6f3b24d709ce4f61f9de3994befdb262b30,0.0,2,1.0,0.0,0.0,1,,,,,,,,,,,,,,,,,,0.0,0.1761006289308176,,,,,,,,0.0880503144654088,0.07044025157232704
c004,watering,F-new,main-watering-F-new-r0,False,participant,5,middle4-5,5,5,conversation:c004:0,5,False,False,incomplete_or_mismatched_source_coverage,18,False,7199998.0,0.014369693011103853,0.0767425709269625,0.1111111111111111,0.13513513513513514,,,,0.041883455013650116,0.06622538485226773,3.5127557830002067,2.3190116523512383e-05,0.0034940600978336828,54,33.540571077198265,54,3.5127280865554336,33.539642135488016,0.066226,54,1.0,53,edge:e65a5e961a6bbf3e20dadabc05b3e6f3b24d709ce4f61f9de3994befdb262b30,0.19999999999999996,2,1.0,0.0,0.0,1,,,,,,,,,,,,,,,,,,0.0,0.1761006289308176,,,,,,,,0.0880503144654088,0.07044025157232704
c004,watering,F-new,main-watering-F-new-r0,False,gemma,3,middle4-5,5,5,conversation:c004:0,5,False,False,incomplete_or_mismatched_source_coverage,288,False,7199998.0,0.014369693011103853,0.0767425709269625,0.07874015748031496,0.08029197080291971,,,,0.041883455013650116,0.06622538485226773,3.5127557830002067,2.3190116523512383e-05,0.0034940600978336828,54,33.540571077198265,54,3.5127280865554336,33.539642135488016,0.066226,54,1.0,53,edge:e65a5e961a6bbf3e20dadabc05b3e6f3b24d709ce4f61f9de3994befdb262b30,0.0,2,1.0,0.0,0.0,1,,,,,,,,,,,,,,,,,,0.05200945626477541,0.184472049689441,,,,,,,,0.1182407529771082,0.09459260238168657
c004,watering,F-new,main-watering-F-new-r0,False,gemma,5,middle4-5,5,5,conversation:c004:0,5,False,False,incomplete_or_mismatched_source_coverage,288,False,7199998.0,0.014369693011103853,0.0767425709269625,0.07874015748031496,0.11038961038961038,,,,0.041883455013650116,0.06622538485226773,3.5127557830002067,2.3190116523512383e-05,0.0034940600978336828,54,33.540571077198265,54,3.5127280865554336,33.539642135488016,0.066226,54,1.0,53,edge:e65a5e961a6bbf3e20dadabc05b3e6f3b24d709ce4f61f9de3994befdb262b30,0.19999999999999996,2,1.0,0.0,0.0,1,,,,,,,,,,,,,,,,,,0.05200945626477541,0.184472049689441,,,,,,,,0.1182407529771082,0.09459260238168657
c004,watering,F-new,main-watering-F-new-r0,False,combined,3,middle4-5,5,5,conversation:c004:0,5,False,False,incomplete_or_mismatched_source_coverage,306,False,7199998.0,0.014369693011103853,0.0767425709269625,0.08396946564885496,0.10869565217391304,,,,0.041883455013650116,0.06622538485226773,3.5127557830002067,2.3190116523512383e-05,0.0034940600978336828,54,33.540571077198265,54,3.5127280865554336,33.539642135488016,0.066226,54,1.0,53,edge:e65a5e961a6bbf3e20dadabc05b3e6f3b24d709ce4f61f9de3994befdb262b30,0.0,2,1.0,0.0,0.0,1,,,,,,,,,,,,,,,,,,0.05066079295154185,0.1855072463768116,,,,,,,,0.11808401966417673,0.09446721573134138
c004,watering,F-new,main-watering-F-new-r0,False,combined,5,middle4-5,5,5,conversation:c004:0,5,False,False,incomplete_or_mismatched_source_coverage,306,False,7199998.0,0.014369693011103853,0.0767425709269625,0.08396946564885496,0.13548387096774195,,,,0.041883455013650116,0.06622538485226773,3.5127557830002067,2.3190116523512383e-05,0.0034940600978336828,54,33.540571077198265,54,3.5127280865554336,33.539642135488016,0.066226,54,1.0,53,edge:e65a5e961a6bbf3e20dadabc05b3e6f3b24d709ce4f61f9de3994befdb262b30,0.19999999999999996,2,1.0,0.0,0.0,1,,,,,,,,,,,,,,,,,,0.05066079295154185,0.1855072463768116,,,,,,,,0.11808401966417673,0.09446721573134138
c004,watering,F-new,main-watering-F-new-r0,False,participant,3,mature6-10,6,6,conversation:c004:0,6,False,False,incomplete_or_mismatched_source_coverage,28,False,488094.0,0.001959503592423253,0.4003576860508366,0.14285714285714285,0.16,,,,0.041883455013650116,0.06622538485226773,3.5127557830002067,2.165378693305773e-05,0.0034940600978336828,54,33.540571077198265,54,3.5127471526167704,33.5402816104583,0.066225,54,1.0,53,edge:72417c42bd8890a022a6ec3b25d5dfd34ab2434051a50500b9d35cd9d5796629,0.0,2,1.0,0.0,0.0,1,,,,,,,,,,,,,,,,,,0.0,0.10176991150442478,,,,,,,,0.05088495575221239,0.05088495575221239
c004,watering,F-new,main-watering-F-new-r0,False,participant,5,mature6-10,6,6,conversation:c004:0,6,False,False,incomplete_or_mismatched_source_coverage,28,False,488094.0,0.001959503592423253,0.4003576860508366,0.14285714285714285,0.12790697674418605,,,,0.041883455013650116,0.06622538485226773,3.5127557830002067,2.165378693305773e-05,0.0034940600978336828,54,33.540571077198265,54,3.5127471526167704,33.5402816104583,0.066225,54,1.0,53,edge:72417c42bd8890a022a6ec3b25d5dfd34ab2434051a50500b9d35cd9d5796629,0.0,2,1.0,0.0,0.0,1,,,,,,,,,,,,,,,,,,0.02,0.10176991150442478,,,,,,,,0.060884955752212394,0.060884955752212394
c004,watering,F-new,main-watering-F-new-r0,False,gemma,3,mature6-10,6,6,conversation:c004:0,6,False,False,incomplete_or_mismatched_source_coverage,241,False,488094.0,0.001959503592423253,0.4003576860508366,0.1,0.09821428571428571,,,,0.041883455013650116,0.06622538485226773,3.5127557830002067,2.165378693305773e-05,0.0034940600978336828,54,33.540571077198265,54,3.5127471526167704,33.5402816104583,0.066225,54,1.0,53,edge:72417c42bd8890a022a6ec3b25d5dfd34ab2434051a50500b9d35cd9d5796629,0.0,2,1.0,0.0,0.0,1,,,,,,,,,,,,,,,,,,0.07981220657276995,0.23893805309734514,,,,,,,,0.15937512983505756,0.15937512983505756
c004,watering,F-new,main-watering-F-new-r0,False,gemma,5,mature6-10,6,6,conversation:c004:0,6,False,False,incomplete_or_mismatched_source_coverage,241,False,488094.0,0.001959503592423253,0.4003576860508366,0.1,0.13286713286713286,,,,0.041883455013650116,0.06622538485226773,3.5127557830002067,2.165378693305773e-05,0.0034940600978336828,54,33.540571077198265,54,3.5127471526167704,33.5402816104583,0.066225,54,1.0,53,edge:72417c42bd8890a022a6ec3b25d5dfd34ab2434051a50500b9d35cd9d5796629,0.0,2,1.0,0.0,0.0,1,,,,,,,,,,,,,,,,,,0.07981220657276995,0.23893805309734514,,,,,,,,0.15937512983505756,0.15937512983505756
c004,watering,F-new,main-watering-F-new-r0,False,combined,3,mature6-10,6,6,conversation:c004:0,6,False,False,incomplete_or_mismatched_source_coverage,269,False,488094.0,0.001959503592423253,0.4003576860508366,0.11016949152542373,0.09917355371900827,,,,0.041883455013650116,0.06622538485226773,3.5127557830002067,2.165378693305773e-05,0.0034940600978336828,54,33.540571077198265,54,3.5127471526167704,33.5402816104583,0.066225,54,1.0,53,edge:72417c42bd8890a022a6ec3b25d5dfd34ab2434051a50500b9d35cd9d5796629,0.0,2,1.0,0.0,0.0,1,,,,,,,,,,,,,,,,,,0.07456140350877193,0.2250146113383986,,,,,,,,0.14978800742358525,0.14978800742358525
c004,watering,F-new,main-watering-F-new-r0,False,combined,5,mature6-10,6,6,conversation:c004:0,6,False,False,incomplete_or_mismatched_source_coverage,269,False,488094.0,0.001959503592423253,0.4003576860508366,0.11016949152542373,0.14666666666666667,,,,0.041883455013650116,0.06622538485226773,3.5127557830002067,2.165378693305773e-05,0.0034940600978336828,54,33.540571077198265,54,3.5127471526167704,33.5402816104583,0.066225,54,1.0,53,edge:72417c42bd8890a022a6ec3b25d5dfd34ab2434051a50500b9d35cd9d5796629,0.0,2,1.0,0.0,0.0,1,,,,,,,,,,,,,,,,,,0.07456140350877193,0.2250146113383986,,,,,,,,0.14978800742358525,0.14978800742358525
c004,watering,F-new,main-watering-F-new-r0,False,participant,3,mature6-10,7,7,conversation:c004:0,7,False,False,incomplete_or_mismatched_source_coverage,18,False,766664.0,0.0032658393207054214,0.20604907043640927,0.06666666666666667,0.057692307692307696,,,,0.041883455013650116,0.06622538485226773,3.5127557830002067,2.165378693305773e-05,0.0034940600978336828,54,33.540571077198265,54,3.5127471526167704,33.5402816104583,0.066225,54,1.0,53,edge:72f6d33bb8f0a7055eb5896c718bb77d18284a07f20ec48ae1136dd7a9f2a75f,0.0,3,1.0,0.0,0.0,2,,,,,,,,,,,,,,,,,,0.0,0.05759162303664921,,,,,,,,0.028795811518324606,0.028795811518324606
c004,watering,F-new,main-watering-F-new-r0,False,participant,5,mature6-10,7,7,conversation:c004:0,7,False,False,incomplete_or_mismatched_source_coverage,18,False,766664.0,0.0032658393207054214,0.20604907043640927,0.06666666666666667,0.03896103896103896,,,,0.041883455013650116,0.06622538485226773,3.5127557830002067,2.165378693305773e-05,0.0034940600978336828,54,33.540571077198265,54,3.5127471526167704,33.5402816104583,0.066225,54,1.0,53,edge:72f6d33bb8f0a7055eb5896c718bb77d18284a07f20ec48ae1136dd7a9f2a75f,0.0,3,1.0,0.0,0.0,2,,,,,,,,,,,,,,,,,,0.0,0.05759162303664921,,,,,,,,0.028795811518324606,0.028795811518324606
c004,watering,F-new,main-watering-F-new-r0,False,gemma,3,mature6-10,7,7,conversation:c004:0,7,False,False,incomplete_or_mismatched_source_coverage,267,False,766664.0,0.0032658393207054214,0.20604907043640927,0.09420289855072464,0.06040268456375839,,,,0.041883455013650116,0.06622538485226773,3.5127557830002067,2.165378693305773e-05,0.0034940600978336828,54,33.540571077198265,54,3.5127471526167704,33.5402816104583,0.066225,54,1.0,53,edge:72f6d33bb8f0a7055eb5896c718bb77d18284a07f20ec48ae1136dd7a9f2a75f,0.0,3,1.0,0.0,0.0,2,,,,,,,,,,,,,,,,,,0.02145922746781116,0.11625566180171112,,,,,,,,0.06885744463476114,0.06885744463476114
c004,watering,F-new,main-watering-F-new-r0,False,gemma,5,mature6-10,7,7,conversation:c004:0,7,False,False,incomplete_or_mismatched_source_coverage,267,False,766664.0,0.0032658393207054214,0.20604907043640927,0.09420289855072464,0.057803468208092484,,,,0.041883455013650116,0.06622538485226773,3.5127557830002067,2.165378693305773e-05,0.0034940600978336828,54,33.540571077198265,54,3.5127471526167704,33.5402816104583,0.066225,54,1.0,53,edge:72f6d33bb8f0a7055eb5896c718bb77d18284a07f20ec48ae1136dd7a9f2a75f,0.0,3,1.0,0.0,0.0,2,,,,,,,,,,,,,,,,,,0.031026252983293555,0.11754587155963303,,,,,,,,0.0742860622714633,0.0742860622714633
c004,watering,F-new,main-watering-F-new-r0,False,combined,3,mature6-10,7,7,conversation:c004:0,7,False,False,incomplete_or_mismatched_source_coverage,285,False,766664.0,0.0032658393207054214,0.20604907043640927,0.09285714285714286,0.06666666666666667,,,,0.041883455013650116,0.06622538485226773,3.5127557830002067,2.165378693305773e-05,0.0034940600978336828,54,33.540571077198265,54,3.5127471526167704,33.5402816104583,0.066225,54,1.0,53,edge:72f6d33bb8f0a7055eb5896c718bb77d18284a07f20ec48ae1136dd7a9f2a75f,0.0,3,1.0,0.0,0.0,2,,,,,,,,,,,,,,,,,,0.020833333333333332,0.11761835041483651,,,,,,,,0.06922584187408493,0.06922584187408493
c004,watering,F-new,main-watering-F-new-r0,False,combined,5,mature6-10,7,7,conversation:c004:0,7,False,False,incomplete_or_mismatched_source_coverage,285,False,766664.0,0.0032658393207054214,0.20604907043640927,0.09285714285714286,0.06321839080459771,,,,0.041883455013650116,0.06622538485226773,3.5127557830002067,2.165378693305773e-05,0.0034940600978336828,54,33.540571077198265,54,3.5127471526167704,33.5402816104583,0.066225,54,1.0,53,edge:72f6d33bb8f0a7055eb5896c718bb77d18284a07f20ec48ae1136dd7a9f2a75f,0.0,3,1.0,0.0,0.0,2,,,,,,,,,,,,,,,,,,0.02914798206278027,0.11761835041483651,,,,,,,,0.07338316623880839,0.07338316623880839
c004,watering,F-new,main-watering-F-new-r0,False,participant,3,mature6-10,8,8,conversation:c004:0,8,False,False,incomplete_or_mismatched_source_coverage,22,False,3421426.0,0.006531678641410843,0.19527628459411753,0.1276595744680851,0.1016949152542373,,,,0.041883455013650116,0.06622538485226773,3.5127557830002067,0.00191182689346654,0.008735150244584208,54,33.540571077198265,54,3.514988994626735,33.61555797012406,0.066098,53,0.9898100000000001,52,edge:72f6d33bb8f0a7055eb5896c718bb77d18284a07f20ec48ae1136dd7a9f2a75f,0.33333333333333337,3,1.0,1.0,1.0,2,,,,,,,,,,,,,,,,,,0.022222222222222223,0.05263157894736842,,,,,,,,0.03742690058479532,0.03742690058479532
c004,watering,F-new,main-watering-F-new-r0,False,participant,5,mature6-10,8,8,conversation:c004:0,8,False,False,incomplete_or_mismatched_source_coverage,22,False,3421426.0,0.006531678641410843,0.19527628459411753,0.1276595744680851,0.09333333333333334,,,,0.041883455013650116,0.06622538485226773,3.5127557830002067,0.00191182689346654,0.008735150244584208,54,33.540571077198265,54,3.514988994626735,33.61555797012406,0.066098,53,0.9898100000000001,52,edge:72f6d33bb8f0a7055eb5896c718bb77d18284a07f20ec48ae1136dd7a9f2a75f,0.19999999999999996,3,1.0,1.0,1.0,2,,,,,,,,,,,,,,,,,,0.022222222222222223,0.08648648648648649,,,,,,,,0.05435435435435436,0.05435435435435436
c004,watering,F-new,main-watering-F-new-r0,False,gemma,3,mature6-10,8,8,conversation:c004:0,8,False,False,incomplete_or_mismatched_source_coverage,92,False,3421426.0,0.006531678641410843,0.19527628459411753,0.06976744186046512,0.050505050505050504,,,,0.041883455013650116,0.06622538485226773,3.5127557830002067,0.00191182689346654,0.008735150244584208,54,33.540571077198265,54,3.514988994626735,33.61555797012406,0.066098,53,0.9898100000000001,52,edge:72f6d33bb8f0a7055eb5896c718bb77d18284a07f20ec48ae1136dd7a9f2a75f,0.33333333333333337,3,1.0,1.0,1.0,2,,,,,,,,,,,,,,,,,,0.008595988538681949,0.055994729907773384,,,,,,,,0.03229535922322767,0.03229535922322767
c004,watering,F-new,main-watering-F-new-r0,False,gemma,5,mature6-10,8,8,conversation:c004:0,8,False,False,incomplete_or_mismatched_source_coverage,92,False,3421426.0,0.006531678641410843,0.19527628459411753,0.06976744186046512,0.05217391304347826,,,,0.041883455013650116,0.06622538485226773,3.5127557830002067,0.00191182689346654,0.008735150244584208,54,33.540571077198265,54,3.514988994626735,33.61555797012406,0.066098,53,0.9898100000000001,52,edge:72f6d33bb8f0a7055eb5896c718bb77d18284a07f20ec48ae1136dd7a9f2a75f,0.19999999999999996,3,1.0,1.0,1.0,2,,,,,,,,,,,,,,,,,,0.018656716417910446,0.0695364238410596,,,,,,,,0.04409657012948502,0.04409657012948502
c004,watering,F-new,main-watering-F-new-r0,False,combined,3,mature6-10,8,8,conversation:c004:0,8,False,False,incomplete_or_mismatched_source_coverage,114,False,3421426.0,0.006531678641410843,0.19527628459411753,0.07608695652173914,0.0673076923076923,,,,0.041883455013650116,0.06622538485226773,3.5127557830002067,0.00191182689346654,0.008735150244584208,54,33.540571077198265,54,3.514988994626735,33.61555797012406,0.066098,53,0.9898100000000001,52,edge:72f6d33bb8f0a7055eb5896c718bb77d18284a07f20ec48ae1136dd7a9f2a75f,0.33333333333333337,3,1.0,1.0,1.0,2,,,,,,,,,,,,,,,,,,0.0079155672823219,0.058307210031347964,,,,,,,,0.03311138865683493,0.03311138865683493
c004,watering,F-new,main-watering-F-new-r0,False,combined,5,mature6-10,8,8,conversation:c004:0,8,False,False,incomplete_or_mismatched_source_coverage,114,False,3421426.0,0.006531678641410843,0.19527628459411753,0.07608695652173914,0.06666666666666667,,,,0.041883455013650116,0.06622538485226773,3.5127557830002067,0.00191182689346654,0.008735150244584208,54,33.540571077198265,54,3.514988994626735,33.61555797012406,0.066098,53,0.9898100000000001,52,edge:72f6d33bb8f0a7055eb5896c718bb77d18284a07f20ec48ae1136dd7a9f2a75f,0.19999999999999996,3,1.0,1.0,1.0,2,,,,,,,,,,,,,,,,,,0.016339869281045753,0.06938483547925609,,,,,,,,0.04286235238015092,0.04286235238015092
c004,watering,F-new,main-watering-F-new-r0,False,participant,3,mature6-10,9,9,conversation:c004:0,9,False,False,incomplete_or_mismatched_source_coverage,18,False,1374999.0,0.005225342913128674,0.14233247516517783,0.1111111111111111,0.09836065573770492,,,,0.041883455013650116,0.06622538485226773,3.5127557830002067,2.165378693305773e-05,0.0034940600978336828,54,33.540571077198265,54,3.5127471526167704,33.5402816104583,0.066225,54,1.0,53,edge:639599cd7bde5879390cd5b23b8a7c2929561a29cdd26102b77e277da4ca0913,0.33333333333333337,2,1.0,0.0,0.0,1,,,,,,,,,,,,,,,,,,0.0,0.046610169491525424,,,,,,,,0.023305084745762712,0.023305084745762712
c004,watering,F-new,main-watering-F-new-r0,False,participant,5,mature6-10,9,9,conversation:c004:0,9,False,False,incomplete_or_mismatched_source_coverage,18,False,1374999.0,0.005225342913128674,0.14233247516517783,0.1111111111111111,0.07894736842105263,,,,0.041883455013650116,0.06622538485226773,3.5127557830002067,2.165378693305773e-05,0.0034940600978336828,54,33.540571077198265,54,3.5127471526167704,33.5402816104583,0.066225,54,1.0,53,edge:639599cd7bde5879390cd5b23b8a7c2929561a29cdd26102b77e277da4ca0913,0.19999999999999996,2,1.0,0.0,0.0,1,,,,,,,,,,,,,,,,,,0.0,0.046610169491525424,,,,,,,,0.023305084745762712,0.023305084745762712
c004,watering,F-new,main-watering-F-new-r0,False,gemma,3,mature6-10,9,9,conversation:c004:0,9,False,False,incomplete_or_mismatched_source_coverage,303,False,1374999.0,0.005225342913128674,0.14233247516517783,0.0759493670886076,0.0625,,,,0.041883455013650116,0.06622538485226773,3.5127557830002067,2.165378693305773e-05,0.0034940600978336828,54,33.540571077198265,54,3.5127471526167704,33.5402816104583,0.066225,54,1.0,53,edge:639599cd7bde5879390cd5b23b8a7c2929561a29cdd26102b77e277da4ca0913,0.33333333333333337,2,1.0,0.0,0.0,1,,,,,,,,,,,,,,,,,,0.009416195856873822,0.09620128268376912,,,,,,,,0.052808739270321474,0.052808739270321474
c004,watering,F-new,main-watering-F-new-r0,False,gemma,5,mature6-10,9,9,conversation:c004:0,9,False,False,incomplete_or_mismatched_source_coverage,303,False,1374999.0,0.005225342913128674,0.14233247516517783,0.0759493670886076,0.05759162303664921,,,,0.041883455013650116,0.06622538485226773,3.5127557830002067,2.165378693305773e-05,0.0034940600978336828,54,33.540571077198265,54,3.5127471526167704,33.5402816104583,0.066225,54,1.0,53,edge:639599cd7bde5879390cd5b23b8a7c2929561a29cdd26102b77e277da4ca0913,0.19999999999999996,2,1.0,0.0,0.0,1,,,,,,,,,,,,,,,,,,0.026168224299065422,0.1266173752310536,,,,,,,,0.07639279976505951,0.07639279976505951
c004,watering,F-new,main-watering-F-new-r0,False,combined,3,mature6-10,9,9,conversation:c004:0,9,False,False,incomplete_or_mismatched_source_coverage,321,False,1374999.0,0.005225342913128674,0.14233247516517783,0.07317073170731707,0.06043956043956044,,,,0.041883455013650116,0.06622538485226773,3.5127557830002067,2.165378693305773e-05,0.0034940600978336828,54,33.540571077198265,54,3.5127471526167704,33.5402816104583,0.066225,54,1.0,53,edge:639599cd7bde5879390cd5b23b8a7c2929561a29cdd26102b77e277da4ca0913,0.33333333333333337,2,1.0,0.0,0.0,1,,,,,,,,,,,,,,,,,,0.009041591320072333,0.0979572887650882,,,,,,,,0.05349944004258027,0.05349944004258027
c004,watering,F-new,main-watering-F-new-r0,False,combined,5,mature6-10,9,9,conversation:c004:0,9,False,False,incomplete_or_mismatched_source_coverage,321,False,1374999.0,0.005225342913128674,0.14233247516517783,0.07317073170731707,0.05583756345177665,,,,0.041883455013650116,0.06622538485226773,3.5127557830002067,2.165378693305773e-05,0.0034940600978336828,54,33.540571077198265,54,3.5127471526167704,33.5402816104583,0.066225,54,1.0,53,edge:639599cd7bde5879390cd5b23b8a7c2929561a29cdd26102b77e277da4ca0913,0.19999999999999996,2,1.0,0.0,0.0,1,,,,,,,,,,,,,,,,,,0.02491103202846975,0.1247795414462081,,,,,,,,0.07484528673733892,0.07484528673733892
c004,watering,F-new,main-watering-F-new-r0,False,participant,3,mature6-10,10,10,conversation:c004:0,10,False,False,incomplete_or_mismatched_source_coverage,27,False,3583330.0,0.008491182233834096,0.1227692062337442,0.07692307692307693,0.15,,,,0.041883455013650116,0.06622538485226773,3.5127557830002067,2.3190116523512383e-05,0.0034940600978336828,54,33.540571077198265,54,3.5127280865554336,33.539642135488016,0.066226,54,1.0,53,edge:e00a390b63d50b6fb7a30e0aba55943ebc461447c7183d520e0c16d107a71c9e,0.0,2,1.0,0.0,0.0,1,,,,,,,,,,,,,,,,,,0.025,0.11203319502074689,,,,,,,,0.06851659751037345,0.06851659751037345
c004,watering,F-new,main-watering-F-new-r0,False,participant,5,mature6-10,10,10,conversation:c004:0,10,False,False,incomplete_or_mismatched_source_coverage,27,False,3583330.0,0.008491182233834096,0.1227692062337442,0.07692307692307693,0.12048192771084337,,,,0.041883455013650116,0.06622538485226773,3.5127557830002067,2.3190116523512383e-05,0.0034940600978336828,54,33.540571077198265,54,3.5127280865554336,33.539642135488016,0.066226,54,1.0,53,edge:e00a390b63d50b6fb7a30e0aba55943ebc461447c7183d520e0c16d107a71c9e,0.19999999999999996,2,1.0,0.0,0.0,1,,,,,,,,,,,,,,,,,,0.025,0.11203319502074689,,,,,,,,0.06851659751037345,0.06851659751037345
c004,watering,F-new,main-watering-F-new-r0,False,gemma,3,mature6-10,10,10,conversation:c004:0,10,False,False,incomplete_or_mismatched_source_coverage,222,False,3583330.0,0.008491182233834096,0.1227692062337442,0.07142857142857142,0.0962962962962963,,,,0.041883455013650116,0.06622538485226773,3.5127557830002067,2.3190116523512383e-05,0.0034940600978336828,54,33.540571077198265,54,3.5127280865554336,33.539642135488016,0.066226,54,1.0,53,edge:e00a390b63d50b6fb7a30e0aba55943ebc461447c7183d520e0c16d107a71c9e,0.0,2,1.0,0.0,0.0,1,,,,,,,,,,,,,,,,,,0.03292181069958848,0.12244897959183673,,,,,,,,0.0776853951457126,0.0776853951457126
c004,watering,F-new,main-watering-F-new-r0,False,gemma,5,mature6-10,10,10,conversation:c004:0,10,False,False,incomplete_or_mismatched_source_coverage,222,False,3583330.0,0.008491182233834096,0.1227692062337442,0.07142857142857142,0.08860759493670886,,,,0.041883455013650116,0.06622538485226773,3.5127557830002067,2.3190116523512383e-05,0.0034940600978336828,54,33.540571077198265,54,3.5127280865554336,33.539642135488016,0.066226,54,1.0,53,edge:e00a390b63d50b6fb7a30e0aba55943ebc461447c7183d520e0c16d107a71c9e,0.19999999999999996,2,1.0,0.0,0.0,1,,,,,,,,,,,,,,,,,,0.03470715835140998,0.13921993499458288,,,,,,,,0.08696354667299643,0.08696354667299643
c004,watering,F-new,main-watering-F-new-r0,False,combined,3,mature6-10,10,10,conversation:c004:0,10,False,False,incomplete_or_mismatched_source_coverage,249,False,3583330.0,0.008491182233834096,0.1227692062337442,0.07518796992481203,0.11428571428571428,,,,0.041883455013650116,0.06622538485226773,3.5127557830002067,2.3190116523512383e-05,0.0034940600978336828,54,33.540571077198265,54,3.5127280865554336,33.539642135488016,0.066226,54,1.0,53,edge:e00a390b63d50b6fb7a30e0aba55943ebc461447c7183d520e0c16d107a71c9e,0.0,2,1.0,0.0,0.0,1,,,,,,,,,,,,,,,,,,0.03065134099616858,0.1250562303193882,,,,,,,,0.0778537856577784,0.0778537856577784
c004,watering,F-new,main-watering-F-new-r0,False,combined,5,mature6-10,10,10,conversation:c004:0,10,False,False,incomplete_or_mismatched_source_coverage,249,False,3583330.0,0.008491182233834096,0.1227692062337442,0.07518796992481203,0.1111111111111111,,,,0.041883455013650116,0.06622538485226773,3.5127557830002067,2.3190116523512383e-05,0.0034940600978336828,54,33.540571077198265,54,3.5127280865554336,33.539642135488016,0.066226,54,1.0,53,edge:e00a390b63d50b6fb7a30e0aba55943ebc461447c7183d520e0c16d107a71c9e,0.19999999999999996,2,1.0,0.0,0.0,1,,,,,,,,,,,,,,,,,,0.032388663967611336,0.13184584178498987,,,,,,,,0.0821172528763006,0.0821172528763006
c005,watering,F-same,main-watering-F-same-r0,False,participant,3,early1-3,1,1,conversation:c005:0,1,False,False,incomplete_or_mismatched_source_coverage,39,False,9674993.0,0.020248203788373612,0.06328790087980367,1.0,,,,,0.041883455013650116,0.06622538485226773,3.5127557830002067,0.021671653786933077,0.02026554856743536,54,33.540571077198265,54,3.527061131325717,34.02382897451991,0.064766,52,0.9617720000000001,51,edge:e65a5e961a6bbf3e20dadabc05b3e6f3b24d709ce4f61f9de3994befdb262b30,,2,,,,1,,,,,,,,,,,,,,,,,,,,,,,,,,,,
c005,watering,F-same,main-watering-F-same-r0,False,participant,5,early1-3,1,1,conversation:c005:0,1,False,False,incomplete_or_mismatched_source_coverage,39,False,9674993.0,0.020248203788373612,0.06328790087980367,1.0,,,,,0.041883455013650116,0.06622538485226773,3.5127557830002067,0.021671653786933077,0.02026554856743536,54,33.540571077198265,54,3.527061131325717,34.02382897451991,0.064766,52,0.9617720000000001,51,edge:e65a5e961a6bbf3e20dadabc05b3e6f3b24d709ce4f61f9de3994befdb262b30,,2,,,,1,,,,,,,,,,,,,,,,,,,,,,,,,,,,
c005,watering,F-same,main-watering-F-same-r0,False,gemma,3,early1-3,1,1,conversation:c005:0,1,False,False,incomplete_or_mismatched_source_coverage,358,False,9674993.0,0.020248203788373612,0.06328790087980367,0.12790697674418605,,,,,0.041883455013650116,0.06622538485226773,3.5127557830002067,0.021671653786933077,0.02026554856743536,54,33.540571077198265,54,3.527061131325717,34.02382897451991,0.064766,52,0.9617720000000001,51,edge:e65a5e961a6bbf3e20dadabc05b3e6f3b24d709ce4f61f9de3994befdb262b30,,2,,,,1,,,,,,,,,,,,,,,,,,,,,,,,,,,,
c005,watering,F-same,main-watering-F-same-r0,False,gemma,5,early1-3,1,1,conversation:c005:0,1,False,False,incomplete_or_mismatched_source_coverage,358,False,9674993.0,0.020248203788373612,0.06328790087980367,0.12790697674418605,,,,,0.041883455013650116,0.06622538485226773,3.5127557830002067,0.021671653786933077,0.02026554856743536,54,33.540571077198265,54,3.527061131325717,34.02382897451991,0.064766,52,0.9617720000000001,51,edge:e65a5e961a6bbf3e20dadabc05b3e6f3b24d709ce4f61f9de3994befdb262b30,,2,,,,1,,,,,,,,,,,,,,,,,,,,,,,,,,,,
c005,watering,F-same,main-watering-F-same-r0,False,combined,3,early1-3,1,1,conversation:c005:0,1,False,False,incomplete_or_mismatched_source_coverage,397,False,9674993.0,0.020248203788373612,0.06328790087980367,0.19186046511627908,,,,,0.041883455013650116,0.06622538485226773,3.5127557830002067,0.021671653786933077,0.02026554856743536,54,33.540571077198265,54,3.527061131325717,34.02382897451991,0.064766,52,0.9617720000000001,51,edge:e65a5e961a6bbf3e20dadabc05b3e6f3b24d709ce4f61f9de3994befdb262b30,,2,,,,1,,,,,,,,,,,,,,,,,,,,,,,,,,,,
c005,watering,F-same,main-watering-F-same-r0,False,combined,5,early1-3,1,1,conversation:c005:0,1,False,False,incomplete_or_mismatched_source_coverage,397,False,9674993.0,0.020248203788373612,0.06328790087980367,0.19186046511627908,,,,,0.041883455013650116,0.06622538485226773,3.5127557830002067,0.021671653786933077,0.02026554856743536,54,33.540571077198265,54,3.527061131325717,34.02382897451991,0.064766,52,0.9617720000000001,51,edge:e65a5e961a6bbf3e20dadabc05b3e6f3b24d709ce4f61f9de3994befdb262b30,,2,,,,1,,,,,,,,,,,,,,,,,,,,,,,,,,,,
c005,watering,F-same,main-watering-F-same-r0,False,participant,3,early1-3,2,2,conversation:c005:0,2,False,False,incomplete_or_mismatched_source_coverage,30,False,2408332.0,0.005878510777269758,0.22045969262963247,0.1836734693877551,0.1836734693877551,,,,0.041883455013650116,0.06622538485226773,3.5127557830002067,0.00191182689346654,0.008735150244584208,54,33.540571077198265,54,3.514988994626735,33.61555797012406,0.066098,53,0.9898100000000001,52,edge:0cb1b32611728bc713c5e46200b120f2d7b6b037291c653899c2dab66472b4f5,,2,1.0,0.0,0.0,1,,,,,,,,,,,,,,,,,,0.015625,0.09965635738831616,,,,,,,,0.05764067869415808,0.011528135738831616
c005,watering,F-same,main-watering-F-same-r0,False,participant,5,early1-3,2,2,conversation:c005:0,2,False,False,incomplete_or_mismatched_source_coverage,30,False,2408332.0,0.005878510777269758,0.22045969262963247,0.1836734693877551,0.1836734693877551,,,,0.041883455013650116,0.06622538485226773,3.5127557830002067,0.00191182689346654,0.008735150244584208,54,33.540571077198265,54,3.514988994626735,33.61555797012406,0.066098,53,0.9898100000000001,52,edge:0cb1b32611728bc713c5e46200b120f2d7b6b037291c653899c2dab66472b4f5,,2,1.0,0.0,0.0,1,,,,,,,,,,,,,,,,,,0.015625,0.09965635738831616,,,,,,,,0.05764067869415808,0.011528135738831616
c005,watering,F-same,main-watering-F-same-r0,False,gemma,3,early1-3,2,2,conversation:c005:0,2,False,False,incomplete_or_mismatched_source_coverage,411,False,2408332.0,0.005878510777269758,0.22045969262963247,0.11320754716981132,0.11320754716981132,,,,0.041883455013650116,0.06622538485226773,3.5127557830002067,0.00191182689346654,0.008735150244584208,54,33.540571077198265,54,3.514988994626735,33.61555797012406,0.066098,53,0.9898100000000001,52,edge:0cb1b32611728bc713c5e46200b120f2d7b6b037291c653899c2dab66472b4f5,,2,1.0,0.0,0.0,1,,,,,,,,,,,,,,,,,,0.04900459418070444,0.15224625623960067,,,,,,,,0.10062542521015255,0.020125085042030512
c005,watering,F-same,main-watering-F-same-r0,False,gemma,5,early1-3,2,2,conversation:c005:0,2,False,False,incomplete_or_mismatched_source_coverage,411,False,2408332.0,0.005878510777269758,0.22045969262963247,0.11320754716981132,0.11320754716981132,,,,0.041883455013650116,0.06622538485226773,3.5127557830002067,0.00191182689346654,0.008735150244584208,54,33.540571077198265,54,3.514988994626735,33.61555797012406,0.066098,53,0.9898100000000001,52,edge:0cb1b32611728bc713c5e46200b120f2d7b6b037291c653899c2dab66472b4f5,,2,1.0,0.0,0.0,1,,,,,,,,,,,,,,,,,,0.04900459418070444,0.15224625623960067,,,,,,,,0.10062542521015255,0.020125085042030512
c005,watering,F-same,main-watering-F-same-r0,False,combined,3,early1-3,2,2,conversation:c005:0,2,False,False,incomplete_or_mismatched_source_coverage,441,False,2408332.0,0.005878510777269758,0.22045969262963247,0.12804878048780488,0.12804878048780488,,,,0.041883455013650116,0.06622538485226773,3.5127557830002067,0.00191182689346654,0.008735150244584208,54,33.540571077198265,54,3.514988994626735,33.61555797012406,0.066098,53,0.9898100000000001,52,edge:0cb1b32611728bc713c5e46200b120f2d7b6b037291c653899c2dab66472b4f5,,2,1.0,0.0,0.0,1,,,,,,,,,,,,,,,,,,0.04647887323943662,0.15676309616888193,,,,,,,,0.10162098470415927,0.020324196940831856
c005,watering,F-same,main-watering-F-same-r0,False,combined,5,early1-3,2,2,conversation:c005:0,2,False,False,incomplete_or_mismatched_source_coverage,441,False,2408332.0,0.005878510777269758,0.22045969262963247,0.12804878048780488,0.12804878048780488,,,,0.041883455013650116,0.06622538485226773,3.5127557830002067,0.00191182689346654,0.008735150244584208,54,33.540571077198265,54,3.514988994626735,33.61555797012406,0.066098,53,0.9898100000000001,52,edge:0cb1b32611728bc713c5e46200b120f2d7b6b037291c653899c2dab66472b4f5,,2,1.0,0.0,0.0,1,,,,,,,,,,,,,,,,,,0.04647887323943662,0.15676309616888193,,,,,,,,0.10162098470415927,0.020324196940831856
c005,watering,F-same,main-watering-F-same-r0,False,participant,3,early1-3,3,3,conversation:c005:0,3,False,False,incomplete_or_mismatched_source_coverage,26,False,5404758.0,0.012410189418680601,0.09372159122313206,0.09615384615384616,0.23728813559322035,,,,0.041883455013650116,0.06622538485226773,3.5127557830002067,0.004765826893466577,0.008735150244584208,54,33.540571077198265,54,3.517711502983487,33.70720130087609,0.065907,53,0.9869559999999999,52,edge:1d226b8ebd700c5afbfecfd6944ffb9095b4b1a79329e89684443f19b38d0a8b,0.0,2,1.0,0.0,0.0,1,,,,,,,,,,,,,,,,,,0.10638297872340426,0.271889400921659,,,,,,,,0.1891361898225316,0.07565447592901264
c005,watering,F-same,main-watering-F-same-r0,False,participant,5,early1-3,3,3,conversation:c005:0,3,False,False,incomplete_or_mismatched_source_coverage,26,False,5404758.0,0.012410189418680601,0.09372159122313206,0.09615384615384616,0.23728813559322035,,,,0.041883455013650116,0.06622538485226773,3.5127557830002067,0.004765826893466577,0.008735150244584208,54,33.540571077198265,54,3.517711502983487,33.70720130087609,0.065907,53,0.9869559999999999,52,edge:1d226b8ebd700c5afbfecfd6944ffb9095b4b1a79329e89684443f19b38d0a8b,,2,1.0,0.0,0.0,1,,,,,,,,,,,,,,,,,,0.10638297872340426,0.271889400921659,,,,,,,,0.1891361898225316,0.07565447592901264
c005,watering,F-same,main-watering-F-same-r0,False,gemma,3,early1-3,3,3,conversation:c005:0,3,False,False,incomplete_or_mismatched_source_coverage,276,False,5404758.0,0.012410189418680601,0.09372159122313206,0.09352517985611511,0.14285714285714285,,,,0.041883455013650116,0.06622538485226773,3.5127557830002067,0.004765826893466577,0.008735150244584208,54,33.540571077198265,54,3.517711502983487,33.70720130087609,0.065907,53,0.9869559999999999,52,edge:1d226b8ebd700c5afbfecfd6944ffb9095b4b1a79329e89684443f19b38d0a8b,0.0,2,1.0,0.0,0.0,1,,,,,,,,,,,,,,,,,,0.06463195691202872,0.1827435773145904,,,,,,,,0.12368776711330956,0.04947510684532383
c005,watering,F-same,main-watering-F-same-r0,False,gemma,5,early1-3,3,3,conversation:c005:0,3,False,False,incomplete_or_mismatched_source_coverage,276,False,5404758.0,0.012410189418680601,0.09372159122313206,0.09352517985611511,0.14285714285714285,,,,0.041883455013650116,0.06622538485226773,3.5127557830002067,0.004765826893466577,0.008735150244584208,54,33.540571077198265,54,3.517711502983487,33.70720130087609,0.065907,53,0.9869559999999999,52,edge:1d226b8ebd700c5afbfecfd6944ffb9095b4b1a79329e89684443f19b38d0a8b,,2,1.0,0.0,0.0,1,,,,,,,,,,,,,,,,,,0.06463195691202872,0.1827435773145904,,,,,,,,0.12368776711330956,0.04947510684532383
c005,watering,F-same,main-watering-F-same-r0,False,combined,3,early1-3,3,3,conversation:c005:0,3,False,False,incomplete_or_mismatched_source_coverage,302,False,5404758.0,0.012410189418680601,0.09372159122313206,0.1103448275862069,0.18,,,,0.041883455013650116,0.06622538485226773,3.5127557830002067,0.004765826893466577,0.008735150244584208,54,33.540571077198265,54,3.517711502983487,33.70720130087609,0.065907,53,0.9869559999999999,52,edge:1d226b8ebd700c5afbfecfd6944ffb9095b4b1a79329e89684443f19b38d0a8b,0.0,2,1.0,0.0,0.0,1,,,,,,,,,,,,,,,,,,0.06734006734006734,0.1938305709023941,,,,,,,,0.13058531912123073,0.05223412764849229
c005,watering,F-same,main-watering-F-same-r0,False,combined,5,early1-3,3,3,conversation:c005:0,3,False,False,incomplete_or_mismatched_source_coverage,302,False,5404758.0,0.012410189418680601,0.09372159122313206,0.1103448275862069,0.18,,,,0.041883455013650116,0.06622538485226773,3.5127557830002067,0.004765826893466577,0.008735150244584208,54,33.540571077198265,54,3.517711502983487,33.70720130087609,0.065907,53,0.9869559999999999,52,edge:1d226b8ebd700c5afbfecfd6944ffb9095b4b1a79329e89684443f19b38d0a8b,,2,1.0,0.0,0.0,1,,,,,,,,,,,,,,,,,,0.06734006734006734,0.1938305709023941,,,,,,,,0.13058531912123073,0.05223412764849229
c005,watering,F-same,main-watering-F-same-r0,False,participant,3,middle4-5,4,4,conversation:c005:0,4,False,False,incomplete_or_mismatched_source_coverage,24,False,3833332.0,0.007184846505551927,0.163279856497181,0.09803921568627451,0.26153846153846155,,,,0.041883455013650116,0.06622538485226773,3.5127557830002067,0.018792826893466567,0.015723270440251572,54,33.540571077198265,54,3.5235440945333645,33.90437609940964,0.064971,53,0.972929,52,edge:4277c1b9cf38f6fe4d18d855232b0457d86ee215f1af70ac67d1ceb3d6cbb1c3,0.0,5,1.0,0.0,0.0,4,,,,,,,,,,,,,,,,,,0.2777777777777778,0.4427083333333333,,,,,,,,0.3602430555555556,0.21614583333333334
c005,watering,F-same,main-watering-F-same-r0,False,participant,5,middle4-5,4,4,conversation:c005:0,4,False,False,incomplete_or_mismatched_source_coverage,24,False,3833332.0,0.007184846505551927,0.163279856497181,0.09803921568627451,0.26153846153846155,,,,0.041883455013650116,0.06622538485226773,3.5127557830002067,0.018792826893466567,0.015723270440251572,54,33.540571077198265,54,3.5235440945333645,33.90437609940964,0.064971,53,0.972929,52,edge:4277c1b9cf38f6fe4d18d855232b0457d86ee215f1af70ac67d1ceb3d6cbb1c3,,5,1.0,0.0,0.0,4,,,,,,,,,,,,,,,,,,0.2777777777777778,0.4427083333333333,,,,,,,,0.3602430555555556,0.21614583333333334
c005,watering,F-same,main-watering-F-same-r0,False,gemma,3,middle4-5,4,4,conversation:c005:0,4,False,False,incomplete_or_mismatched_source_coverage,293,False,3833332.0,0.007184846505551927,0.163279856497181,0.09774436090225563,0.12418300653594772,,,,0.041883455013650116,0.06622538485226773,3.5127557830002067,0.018792826893466567,0.015723270440251572,54,33.540571077198265,54,3.5235440945333645,33.90437609940964,0.064971,53,0.972929,52,edge:4277c1b9cf38f6fe4d18d855232b0457d86ee215f1af70ac67d1ceb3d6cbb1c3,0.0,5,1.0,0.0,0.0,4,,,,,,,,,,,,,,,,,,0.06092436974789916,0.1745945945945946,,,,,,,,0.11775948217124688,0.07065568930274813
c005,watering,F-same,main-watering-F-same-r0,False,gemma,5,middle4-5,4,4,conversation:c005:0,4,False,False,incomplete_or_mismatched_source_coverage,293,False,3833332.0,0.007184846505551927,0.163279856497181,0.09774436090225563,0.12418300653594772,,,,0.041883455013650116,0.06622538485226773,3.5127557830002067,0.018792826893466567,0.015723270440251572,54,33.540571077198265,54,3.5235440945333645,33.90437609940964,0.064971,53,0.972929,52,edge:4277c1b9cf38f6fe4d18d855232b0457d86ee215f1af70ac67d1ceb3d6cbb1c3,,5,1.0,0.0,0.0,4,,,,,,,,,,,,,,,,,,0.06092436974789916,0.1745945945945946,,,,,,,,0.11775948217124688,0.07065568930274813
c005,watering,F-same,main-watering-F-same-r0,False,combined,3,middle4-5,4,4,conversation:c005:0,4,False,False,incomplete_or_mismatched_source_coverage,317,False,3833332.0,0.007184846505551927,0.163279856497181,0.1103448275862069,0.1987179487179487,,,,0.041883455013650116,0.06622538485226773,3.5127557830002067,0.018792826893466567,0.015723270440251572,54,33.540571077198265,54,3.5235440945333645,33.90437609940964,0.064971,53,0.972929,52,edge:4277c1b9cf38f6fe4d18d855232b0457d86ee215f1af70ac67d1ceb3d6cbb1c3,0.0,5,1.0,0.0,0.0,4,,,,,,,,,,,,,,,,,,0.07722772277227723,0.20480081716036772,,,,,,,,0.14101426996632246,0.08460856197979348
c005,watering,F-same,main-watering-F-same-r0,False,combined,5,middle4-5,4,4,conversation:c005:0,4,False,False,incomplete_or_mismatched_source_coverage,317,False,3833332.0,0.007184846505551927,0.163279856497181,0.1103448275862069,0.1987179487179487,,,,0.041883455013650116,0.06622538485226773,3.5127557830002067,0.018792826893466567,0.015723270440251572,54,33.540571077198265,54,3.5235440945333645,33.90437609940964,0.064971,53,0.972929,52,edge:4277c1b9cf38f6fe4d18d855232b0457d86ee215f1af70ac67d1ceb3d6cbb1c3,,5,1.0,0.0,0.0,4,,,,,,,,,,,,,,,,,,0.07722772277227723,0.20480081716036772,,,,,,,,0.14101426996632246,0.08460856197979348
c005,watering,F-same,main-watering-F-same-r0,False,participant,3,middle4-5,5,5,conversation:c005:0,5,False,False,incomplete_or_mismatched_source_coverage,26,False,5416666.0,0.009144350097975179,0.1213017974328818,0.09803921568627451,0.3333333333333333,,,,0.041883455013650116,0.06622538485226773,3.5127557830002067,2.3190116523512383e-05,0.0034940600978336828,54,33.540571077198265,54,3.5127280865554336,33.539642135488016,0.066226,54,1.0,53,edge:e65a5e961a6bbf3e20dadabc05b3e6f3b24d709ce4f61f9de3994befdb262b30,0.0,2,1.0,0.0,0.0,1,,,,,,,,,,,,,,,,,,0.2972972972972973,0.43523316062176165,,,,,,,,0.3662652289595295,0.2930121831676236
c005,watering,F-same,main-watering-F-same-r0,False,participant,5,middle4-5,5,5,conversation:c005:0,5,False,False,incomplete_or_mismatched_source_coverage,26,False,5416666.0,0.009144350097975179,0.1213017974328818,0.09803921568627451,0.2222222222222222,,,,0.041883455013650116,0.06622538485226773,3.5127557830002067,2.3190116523512383e-05,0.0034940600978336828,54,33.540571077198265,54,3.5127280865554336,33.539642135488016,0.066226,54,1.0,53,edge:e65a5e961a6bbf3e20dadabc05b3e6f3b24d709ce4f61f9de3994befdb262b30,0.19999999999999996,2,1.0,0.0,0.0,1,,,,,,,,,,,,,,,,,,0.2972972972972973,0.43523316062176165,,,,,,,,0.3662652289595295,0.2930121831676236
c005,watering,F-same,main-watering-F-same-r0,False,gemma,3,middle4-5,5,5,conversation:c005:0,5,False,False,incomplete_or_mismatched_source_coverage,339,False,5416666.0,0.009144350097975179,0.1213017974328818,0.08391608391608392,0.08666666666666667,,,,0.041883455013650116,0.06622538485226773,3.5127557830002067,2.3190116523512383e-05,0.0034940600978336828,54,33.540571077198265,54,3.5127280865554336,33.539642135488016,0.066226,54,1.0,53,edge:e65a5e961a6bbf3e20dadabc05b3e6f3b24d709ce4f61f9de3994befdb262b30,0.0,2,1.0,0.0,0.0,1,,,,,,,,,,,,,,,,,,0.05357142857142857,0.17762817193164163,,,,,,,,0.1155998002515351,0.09247984020122808
c005,watering,F-same,main-watering-F-same-r0,False,gemma,5,middle4-5,5,5,conversation:c005:0,5,False,False,incomplete_or_mismatched_source_coverage,339,False,5416666.0,0.009144350097975179,0.1213017974328818,0.08391608391608392,0.1130952380952381,,,,0.041883455013650116,0.06622538485226773,3.5127557830002067,2.3190116523512383e-05,0.0034940600978336828,54,33.540571077198265,54,3.5127280865554336,33.539642135488016,0.066226,54,1.0,53,edge:e65a5e961a6bbf3e20dadabc05b3e6f3b24d709ce4f61f9de3994befdb262b30,0.19999999999999996,2,1.0,0.0,0.0,1,,,,,,,,,,,,,,,,,,0.05357142857142857,0.17762817193164163,,,,,,,,0.1155998002515351,0.09247984020122808
c005,watering,F-same,main-watering-F-same-r0,False,combined,3,middle4-5,5,5,conversation:c005:0,5,False,False,incomplete_or_mismatched_source_coverage,365,False,5416666.0,0.009144350097975179,0.1213017974328818,0.09333333333333334,0.13157894736842105,,,,0.041883455013650116,0.06622538485226773,3.5127557830002067,2.3190116523512383e-05,0.0034940600978336828,54,33.540571077198265,54,3.5127280865554336,33.539642135488016,0.066226,54,1.0,53,edge:e65a5e961a6bbf3e20dadabc05b3e6f3b24d709ce4f61f9de3994befdb262b30,0.0,2,1.0,0.0,0.0,1,,,,,,,,,,,,,,,,,,0.07224334600760456,0.20342298288508556,,,,,,,,0.13783316444634505,0.11026653155707605
c005,watering,F-same,main-watering-F-same-r0,False,combined,5,middle4-5,5,5,conversation:c005:0,5,False,False,incomplete_or_mismatched_source_coverage,365,False,5416666.0,0.009144350097975179,0.1213017974328818,0.09333333333333334,0.15294117647058825,,,,0.041883455013650116,0.06622538485226773,3.5127557830002067,2.3190116523512383e-05,0.0034940600978336828,54,33.540571077198265,54,3.5127280865554336,33.539642135488016,0.066226,54,1.0,53,edge:e65a5e961a6bbf3e20dadabc05b3e6f3b24d709ce4f61f9de3994befdb262b30,0.19999999999999996,2,1.0,0.0,0.0,1,,,,,,,,,,,,,,,,,,0.07224334600760456,0.20342298288508556,,,,,,,,0.13783316444634505,0.11026653155707605
c005,watering,F-same,main-watering-F-same-r0,False,participant,3,mature6-10,6,6,conversation:c005:0,6,False,False,incomplete_or_mismatched_source_coverage,24,False,2291666.0,0.0045721750489875895,0.24628109271236895,0.0784313725490196,0.3333333333333333,,,,0.041883455013650116,0.06622538485226773,3.5127557830002067,0.009406653786933115,0.006289308176100629,54,33.540571077198265,54,3.516040546187641,33.65092505447569,0.065592,53,0.9740369999999999,52,edge:72417c42bd8890a022a6ec3b25d5dfd34ab2434051a50500b9d35cd9d5796629,0.0,2,1.0,0.0,0.0,1,,,,,,,,,,,,,,,,,,0.3333333333333333,0.4777777777777778,,,,,,,,0.40555555555555556,0.40555555555555556
c005,watering,F-same,main-watering-F-same-r0,False,participant,5,mature6-10,6,6,conversation:c005:0,6,False,False,incomplete_or_mismatched_source_coverage,24,False,2291666.0,0.0045721750489875895,0.24628109271236895,0.0784313725490196,0.189873417721519,,,,0.041883455013650116,0.06622538485226773,3.5127557830002067,0.009406653786933115,0.006289308176100629,54,33.540571077198265,54,3.516040546187641,33.65092505447569,0.065592,53,0.9740369999999999,52,edge:72417c42bd8890a022a6ec3b25d5dfd34ab2434051a50500b9d35cd9d5796629,0.0,2,1.0,0.0,0.0,1,,,,,,,,,,,,,,,,,,0.3333333333333333,0.4777777777777778,,,,,,,,0.40555555555555556,0.40555555555555556
c005,watering,F-same,main-watering-F-same-r0,False,gemma,3,mature6-10,6,6,conversation:c005:0,6,False,False,incomplete_or_mismatched_source_coverage,218,False,2291666.0,0.0045721750489875895,0.24628109271236895,0.09009009009009009,0.10526315789473684,,,,0.041883455013650116,0.06622538485226773,3.5127557830002067,0.009406653786933115,0.006289308176100629,54,33.540571077198265,54,3.516040546187641,33.65092505447569,0.065592,53,0.9740369999999999,52,edge:72417c42bd8890a022a6ec3b25d5dfd34ab2434051a50500b9d35cd9d5796629,0.0,2,1.0,0.0,0.0,1,,,,,,,,,,,,,,,,,,0.023404255319148935,0.11988950276243093,,,,,,,,0.07164687904078994,0.07164687904078994
c005,watering,F-same,main-watering-F-same-r0,False,gemma,5,mature6-10,6,6,conversation:c005:0,6,False,False,incomplete_or_mismatched_source_coverage,218,False,2291666.0,0.0045721750489875895,0.24628109271236895,0.09009009009009009,0.1510791366906475,,,,0.041883455013650116,0.06622538485226773,3.5127557830002067,0.009406653786933115,0.006289308176100629,54,33.540571077198265,54,3.516040546187641,33.65092505447569,0.065592,53,0.9740369999999999,52,edge:72417c42bd8890a022a6ec3b25d5dfd34ab2434051a50500b9d35cd9d5796629,0.0,2,1.0,0.0,0.0,1,,,,,,,,,,,,,,,,,,0.023404255319148935,0.11988950276243093,,,,,,,,0.07164687904078994,0.07164687904078994
c005,watering,F-same,main-watering-F-same-r0,False,combined,3,mature6-10,6,6,conversation:c005:0,6,False,False,incomplete_or_mismatched_source_coverage,242,False,2291666.0,0.0045721750489875895,0.24628109271236895,0.1111111111111111,0.17391304347826086,,,,0.041883455013650116,0.06622538485226773,3.5127557830002067,0.009406653786933115,0.006289308176100629,54,33.540571077198265,54,3.516040546187641,33.65092505447569,0.065592,53,0.9740369999999999,52,edge:72417c42bd8890a022a6ec3b25d5dfd34ab2434051a50500b9d35cd9d5796629,0.0,2,1.0,0.0,0.0,1,,,,,,,,,,,,,,,,,,0.04357298474945534,0.14955239599789363,,,,,,,,0.09656269037367449,0.09656269037367449
c005,watering,F-same,main-watering-F-same-r0,False,combined,5,mature6-10,6,6,conversation:c005:0,6,False,False,incomplete_or_mismatched_source_coverage,242,False,2291666.0,0.0045721750489875895,0.24628109271236895,0.1111111111111111,0.20714285714285716,,,,0.041883455013650116,0.06622538485226773,3.5127557830002067,0.009406653786933115,0.006289308176100629,54,33.540571077198265,54,3.516040546187641,33.65092505447569,0.065592,53,0.9740369999999999,52,edge:72417c42bd8890a022a6ec3b25d5dfd34ab2434051a50500b9d35cd9d5796629,0.0,2,1.0,0.0,0.0,1,,,,,,,,,,,,,,,,,,0.04357298474945534,0.14955239599789363,,,,,,,,0.09656269037367449,0.09656269037367449
c005,watering,F-same,main-watering-F-same-r0,False,participant,3,mature6-10,7,7,conversation:c005:0,7,False,False,incomplete_or_mismatched_source_coverage,29,False,1863094.0,0.003919007184846506,0.3380766920586823,0.11320754716981132,0.32653061224489793,,,,0.041883455013650116,0.06622538485226773,3.5127557830002067,0.018792826893466567,0.015723270440251572,54,33.540571077198265,54,3.5235440945333645,33.90437609940964,0.064971,53,0.972929,52,edge:72f6d33bb8f0a7055eb5896c718bb77d18284a07f20ec48ae1136dd7a9f2a75f,0.0,3,1.0,0.0,0.0,2,,,,,,,,,,,,,,,,,,0.08888888888888889,0.26359832635983266,,,,,,,,0.17624360762436078,0.17624360762436078
c005,watering,F-same,main-watering-F-same-r0,False,participant,5,mature6-10,7,7,conversation:c005:0,7,False,False,incomplete_or_mismatched_source_coverage,29,False,1863094.0,0.003919007184846506,0.3380766920586823,0.11320754716981132,0.24615384615384617,,,,0.041883455013650116,0.06622538485226773,3.5127557830002067,0.018792826893466567,0.015723270440251572,54,33.540571077198265,54,3.5235440945333645,33.90437609940964,0.064971,53,0.972929,52,edge:72f6d33bb8f0a7055eb5896c718bb77d18284a07f20ec48ae1136dd7a9f2a75f,0.0,3,1.0,0.0,0.0,2,,,,,,,,,,,,,,,,,,0.08888888888888889,0.26359832635983266,,,,,,,,0.17624360762436078,0.17624360762436078
c005,watering,F-same,main-watering-F-same-r0,False,gemma,3,mature6-10,7,7,conversation:c005:0,7,False,False,incomplete_or_mismatched_source_coverage,232,False,1863094.0,0.003919007184846506,0.3380766920586823,0.058333333333333334,0.11764705882352941,,,,0.041883455013650116,0.06622538485226773,3.5127557830002067,0.018792826893466567,0.015723270440251572,54,33.540571077198265,54,3.5235440945333645,33.90437609940964,0.064971,53,0.972929,52,edge:72f6d33bb8f0a7055eb5896c718bb77d18284a07f20ec48ae1136dd7a9f2a75f,0.0,3,1.0,0.0,0.0,2,,,,,,,,,,,,,,,,,,0.02564102564102564,0.14823133071308253,,,,,,,,0.08693617817705408,0.08693617817705408
c005,watering,F-same,main-watering-F-same-r0,False,gemma,5,mature6-10,7,7,conversation:c005:0,7,False,False,incomplete_or_mismatched_source_coverage,232,False,1863094.0,0.003919007184846506,0.3380766920586823,0.058333333333333334,0.1037037037037037,,,,0.041883455013650116,0.06622538485226773,3.5127557830002067,0.018792826893466567,0.015723270440251572,54,33.540571077198265,54,3.5235440945333645,33.90437609940964,0.064971,53,0.972929,52,edge:72f6d33bb8f0a7055eb5896c718bb77d18284a07f20ec48ae1136dd7a9f2a75f,0.0,3,1.0,0.0,0.0,2,,,,,,,,,,,,,,,,,,0.02564102564102564,0.14823133071308253,,,,,,,,0.08693617817705408,0.08693617817705408
c005,watering,F-same,main-watering-F-same-r0,False,combined,3,mature6-10,7,7,conversation:c005:0,7,False,False,incomplete_or_mismatched_source_coverage,261,False,1863094.0,0.003919007184846506,0.3380766920586823,0.07751937984496124,0.17886178861788618,,,,0.041883455013650116,0.06622538485226773,3.5127557830002067,0.018792826893466567,0.015723270440251572,54,33.540571077198265,54,3.5235440945333645,33.90437609940964,0.064971,53,0.972929,52,edge:72f6d33bb8f0a7055eb5896c718bb77d18284a07f20ec48ae1136dd7a9f2a75f,0.0,3,1.0,0.0,0.0,2,,,,,,,,,,,,,,,,,,0.029585798816568046,0.16868740115972589,,,,,,,,0.09913659998814697,0.09913659998814697
c005,watering,F-same,main-watering-F-same-r0,False,combined,5,mature6-10,7,7,conversation:c005:0,7,False,False,incomplete_or_mismatched_source_coverage,261,False,1863094.0,0.003919007184846506,0.3380766920586823,0.07751937984496124,0.15827338129496402,,,,0.041883455013650116,0.06622538485226773,3.5127557830002067,0.018792826893466567,0.015723270440251572,54,33.540571077198265,54,3.5235440945333645,33.90437609940964,0.064971,53,0.972929,52,edge:72f6d33bb8f0a7055eb5896c718bb77d18284a07f20ec48ae1136dd7a9f2a75f,0.0,3,1.0,0.0,0.0,2,,,,,,,,,,,,,,,,,,0.029585798816568046,0.16868740115972589,,,,,,,,0.09913659998814697,0.09913659998814697
c005,watering,F-same,main-watering-F-same-r0,False,participant,3,mature6-10,8,8,conversation:c005:0,8,False,False,incomplete_or_mismatched_source_coverage,28,False,375000.0,0.0013063357282821686,0.5555555555555556,0.11538461538461539,0.35294117647058826,,,,0.041883455013650116,0.06622538485226773,3.5127557830002067,2.165378693305773e-05,0.0034940600978336828,54,33.540571077198265,54,3.5127471526167704,33.5402816104583,0.066225,54,1.0,53,edge:72f6d33bb8f0a7055eb5896c718bb77d18284a07f20ec48ae1136dd7a9f2a75f,0.33333333333333337,3,1.0,1.0,1.0,2,,,,,,,,,,,,,,,,,,0.2619047619047619,0.40271493212669685,,,,,,,,0.3323098470157294,0.3323098470157294
c005,watering,F-same,main-watering-F-same-r0,False,participant,5,mature6-10,8,8,conversation:c005:0,8,False,False,incomplete_or_mismatched_source_coverage,28,False,375000.0,0.0013063357282821686,0.5555555555555556,0.11538461538461539,0.3114754098360656,,,,0.041883455013650116,0.06622538485226773,3.5127557830002067,2.165378693305773e-05,0.0034940600978336828,54,33.540571077198265,54,3.5127471526167704,33.5402816104583,0.066225,54,1.0,53,edge:72f6d33bb8f0a7055eb5896c718bb77d18284a07f20ec48ae1136dd7a9f2a75f,0.19999999999999996,3,1.0,1.0,1.0,2,,,,,,,,,,,,,,,,,,0.2619047619047619,0.40271493212669685,,,,,,,,0.3323098470157294,0.3323098470157294
c005,watering,F-same,main-watering-F-same-r0,False,gemma,3,mature6-10,8,8,conversation:c005:0,8,False,False,incomplete_or_mismatched_source_coverage,198,False,375000.0,0.0013063357282821686,0.5555555555555556,0.04950495049504951,0.10377358490566038,,,,0.041883455013650116,0.06622538485226773,3.5127557830002067,2.165378693305773e-05,0.0034940600978336828,54,33.540571077198265,54,3.5127471526167704,33.5402816104583,0.066225,54,1.0,53,edge:72f6d33bb8f0a7055eb5896c718bb77d18284a07f20ec48ae1136dd7a9f2a75f,0.33333333333333337,3,1.0,1.0,1.0,2,,,,,,,,,,,,,,,,,,0.028735632183908046,0.14650145772594753,,,,,,,,0.08761854495492778,0.08761854495492778
c005,watering,F-same,main-watering-F-same-r0,False,gemma,5,mature6-10,8,8,conversation:c005:0,8,False,False,incomplete_or_mismatched_source_coverage,198,False,375000.0,0.0013063357282821686,0.5555555555555556,0.04950495049504951,0.11304347826086956,,,,0.041883455013650116,0.06622538485226773,3.5127557830002067,2.165378693305773e-05,0.0034940600978336828,54,33.540571077198265,54,3.5127471526167704,33.5402816104583,0.066225,54,1.0,53,edge:72f6d33bb8f0a7055eb5896c718bb77d18284a07f20ec48ae1136dd7a9f2a75f,0.19999999999999996,3,1.0,1.0,1.0,2,,,,,,,,,,,,,,,,,,0.028735632183908046,0.14650145772594753,,,,,,,,0.08761854495492778,0.08761854495492778
c005,watering,F-same,main-watering-F-same-r0,False,combined,3,mature6-10,8,8,conversation:c005:0,8,False,False,incomplete_or_mismatched_source_coverage,226,False,375000.0,0.0013063357282821686,0.5555555555555556,0.08256880733944955,0.205607476635514,,,,0.041883455013650116,0.06622538485226773,3.5127557830002067,2.165378693305773e-05,0.0034940600978336828,54,33.540571077198265,54,3.5127471526167704,33.5402816104583,0.066225,54,1.0,53,edge:72f6d33bb8f0a7055eb5896c718bb77d18284a07f20ec48ae1136dd7a9f2a75f,0.33333333333333337,3,1.0,1.0,1.0,2,,,,,,,,,,,,,,,,,,0.052083333333333336,0.1924375422012154,,,,,,,,0.12226043776727437,0.12226043776727437
c005,watering,F-same,main-watering-F-same-r0,False,combined,5,mature6-10,8,8,conversation:c005:0,8,False,False,incomplete_or_mismatched_source_coverage,226,False,375000.0,0.0013063357282821686,0.5555555555555556,0.08256880733944955,0.20689655172413793,,,,0.041883455013650116,0.06622538485226773,3.5127557830002067,2.165378693305773e-05,0.0034940600978336828,54,33.540571077198265,54,3.5127471526167704,33.5402816104583,0.066225,54,1.0,53,edge:72f6d33bb8f0a7055eb5896c718bb77d18284a07f20ec48ae1136dd7a9f2a75f,0.19999999999999996,3,1.0,1.0,1.0,2,,,,,,,,,,,,,,,,,,0.052083333333333336,0.1924375422012154,,,,,,,,0.12226043776727437,0.12226043776727437
c005,watering,F-same,main-watering-F-same-r0,False,participant,3,mature6-10,9,9,conversation:c005:0,9,False,False,incomplete_or_mismatched_source_coverage,23,False,1408330.0,0.005878510777269758,0.11949862246513208,0.058823529411764705,0.22641509433962265,,,,0.041883455013650116,0.06622538485226773,3.5127557830002067,2.165378693305773e-05,0.0034940600978336828,54,33.540571077198265,54,3.5127471526167704,33.5402816104583,0.066225,54,1.0,53,edge:639599cd7bde5879390cd5b23b8a7c2929561a29cdd26102b77e277da4ca0913,0.33333333333333337,2,1.0,0.0,0.0,1,,,,,,,,,,,,,,,,,,0.075,0.22966507177033493,,,,,,,,0.15233253588516746,0.15233253588516746
c005,watering,F-same,main-watering-F-same-r0,False,participant,5,mature6-10,9,9,conversation:c005:0,9,False,False,incomplete_or_mismatched_source_coverage,23,False,1408330.0,0.005878510777269758,0.11949862246513208,0.058823529411764705,0.18461538461538463,,,,0.041883455013650116,0.06622538485226773,3.5127557830002067,2.165378693305773e-05,0.0034940600978336828,54,33.540571077198265,54,3.5127471526167704,33.5402816104583,0.066225,54,1.0,53,edge:639599cd7bde5879390cd5b23b8a7c2929561a29cdd26102b77e277da4ca0913,0.19999999999999996,2,1.0,0.0,0.0,1,,,,,,,,,,,,,,,,,,0.10256410256410256,0.22966507177033493,,,,,,,,0.16611458716721875,0.16611458716721875
c005,watering,F-same,main-watering-F-same-r0,False,gemma,3,mature6-10,9,9,conversation:c005:0,9,False,False,incomplete_or_mismatched_source_coverage,189,False,1408330.0,0.005878510777269758,0.11949862246513208,0.04854368932038835,0.1553398058252427,,,,0.041883455013650116,0.06622538485226773,3.5127557830002067,2.165378693305773e-05,0.0034940600978336828,54,33.540571077198265,54,3.5127471526167704,33.5402816104583,0.066225,54,1.0,53,edge:639599cd7bde5879390cd5b23b8a7c2929561a29cdd26102b77e277da4ca0913,0.33333333333333337,2,1.0,0.0,0.0,1,,,,,,,,,,,,,,,,,,0.09764309764309764,0.21453287197231835,,,,,,,,0.156087984807708,0.156087984807708
c005,watering,F-same,main-watering-F-same-r0,False,gemma,5,mature6-10,9,9,conversation:c005:0,9,False,False,incomplete_or_mismatched_source_coverage,189,False,1408330.0,0.005878510777269758,0.11949862246513208,0.04854368932038835,0.1592920353982301,,,,0.041883455013650116,0.06622538485226773,3.5127557830002067,2.165378693305773e-05,0.0034940600978336828,54,33.540571077198265,54,3.5127471526167704,33.5402816104583,0.066225,54,1.0,53,edge:639599cd7bde5879390cd5b23b8a7c2929561a29cdd26102b77e277da4ca0913,0.19999999999999996,2,1.0,0.0,0.0,1,,,,,,,,,,,,,,,,,,0.09764309764309764,0.21453287197231835,,,,,,,,0.156087984807708,0.156087984807708
c005,watering,F-same,main-watering-F-same-r0,False,combined,3,mature6-10,9,9,conversation:c005:0,9,False,False,incomplete_or_mismatched_source_coverage,212,False,1408330.0,0.005878510777269758,0.11949862246513208,0.0603448275862069,0.21818181818181817,,,,0.041883455013650116,0.06622538485226773,3.5127557830002067,2.165378693305773e-05,0.0034940600978336828,54,33.540571077198265,54,3.5127471526167704,33.5402816104583,0.066225,54,1.0,53,edge:639599cd7bde5879390cd5b23b8a7c2929561a29cdd26102b77e277da4ca0913,0.33333333333333337,2,1.0,0.0,0.0,1,,,,,,,,,,,,,,,,,,0.09821428571428571,0.228218966846569,,,,,,,,0.16321662628042735,0.16321662628042735
c005,watering,F-same,main-watering-F-same-r0,False,combined,5,mature6-10,9,9,conversation:c005:0,9,False,False,incomplete_or_mismatched_source_coverage,212,False,1408330.0,0.005878510777269758,0.11949862246513208,0.0603448275862069,0.21666666666666667,,,,0.041883455013650116,0.06622538485226773,3.5127557830002067,2.165378693305773e-05,0.0034940600978336828,54,33.540571077198265,54,3.5127471526167704,33.5402816104583,0.066225,54,1.0,53,edge:639599cd7bde5879390cd5b23b8a7c2929561a29cdd26102b77e277da4ca0913,0.19999999999999996,2,1.0,0.0,0.0,1,,,,,,,,,,,,,,,,,,0.09821428571428571,0.228218966846569,,,,,,,,0.16321662628042735,0.16321662628042735
c005,watering,F-same,main-watering-F-same-r0,False,participant,3,mature6-10,10,10,conversation:c005:0,10,False,False,incomplete_or_mismatched_source_coverage,33,False,1141666.0,0.003919007184846506,0.184826088304815,0.08771929824561403,0.36363636363636365,,,,0.041883455013650116,0.06622538485226773,3.5127557830002067,2.165378693305773e-05,0.0034940600978336828,54,33.540571077198265,54,3.5127471526167704,33.5402816104583,0.066225,54,1.0,53,edge:e00a390b63d50b6fb7a30e0aba55943ebc461447c7183d520e0c16d107a71c9e,0.0,2,1.0,0.0,0.0,1,,,,,,,,,,,,,,,,,,0.23809523809523808,0.34497816593886466,,,,,,,,0.2915367020170514,0.2915367020170514
c005,watering,F-same,main-watering-F-same-r0,False,participant,5,mature6-10,10,10,conversation:c005:0,10,False,False,incomplete_or_mismatched_source_coverage,33,False,1141666.0,0.003919007184846506,0.184826088304815,0.08771929824561403,0.2898550724637681,,,,0.041883455013650116,0.06622538485226773,3.5127557830002067,2.165378693305773e-05,0.0034940600978336828,54,33.540571077198265,54,3.5127471526167704,33.5402816104583,0.066225,54,1.0,53,edge:e00a390b63d50b6fb7a30e0aba55943ebc461447c7183d520e0c16d107a71c9e,0.19999999999999996,2,1.0,0.0,0.0,1,,,,,,,,,,,,,,,,,,0.23809523809523808,0.34497816593886466,,,,,,,,0.2915367020170514,0.2915367020170514
c005,watering,F-same,main-watering-F-same-r0,False,gemma,3,mature6-10,10,10,conversation:c005:0,10,False,False,incomplete_or_mismatched_source_coverage,207,False,1141666.0,0.003919007184846506,0.184826088304815,0.05309734513274336,0.13793103448275862,,,,0.041883455013650116,0.06622538485226773,3.5127557830002067,2.165378693305773e-05,0.0034940600978336828,54,33.540571077198265,54,3.5127471526167704,33.5402816104583,0.066225,54,1.0,53,edge:e00a390b63d50b6fb7a30e0aba55943ebc461447c7183d520e0c16d107a71c9e,0.0,2,1.0,0.0,0.0,1,,,,,,,,,,,,,,,,,,0.13745704467353953,0.3226381461675579,,,,,,,,0.23004759542054873,0.23004759542054873
c005,watering,F-same,main-watering-F-same-r0,False,gemma,5,mature6-10,10,10,conversation:c005:0,10,False,False,incomplete_or_mismatched_source_coverage,207,False,1141666.0,0.003919007184846506,0.184826088304815,0.05309734513274336,0.13178294573643412,,,,0.041883455013650116,0.06622538485226773,3.5127557830002067,2.165378693305773e-05,0.0034940600978336828,54,33.540571077198265,54,3.5127471526167704,33.5402816104583,0.066225,54,1.0,53,edge:e00a390b63d50b6fb7a30e0aba55943ebc461447c7183d520e0c16d107a71c9e,0.19999999999999996,2,1.0,0.0,0.0,1,,,,,,,,,,,,,,,,,,0.13745704467353953,0.3226381461675579,,,,,,,,0.23004759542054873,0.23004759542054873
c005,watering,F-same,main-watering-F-same-r0,False,combined,3,mature6-10,10,10,conversation:c005:0,10,False,False,incomplete_or_mismatched_source_coverage,240,False,1141666.0,0.003919007184846506,0.184826088304815,0.07142857142857142,0.23333333333333334,,,,0.041883455013650116,0.06622538485226773,3.5127557830002067,2.165378693305773e-05,0.0034940600978336828,54,33.540571077198265,54,3.5127471526167704,33.5402816104583,0.066225,54,1.0,53,edge:e00a390b63d50b6fb7a30e0aba55943ebc461447c7183d520e0c16d107a71c9e,0.0,2,1.0,0.0,0.0,1,,,,,,,,,,,,,,,,,,0.1519756838905775,0.3359436178543461,,,,,,,,0.2439596508724618,0.2439596508724618
c005,watering,F-same,main-watering-F-same-r0,False,combined,5,mature6-10,10,10,conversation:c005:0,10,False,False,incomplete_or_mismatched_source_coverage,240,False,1141666.0,0.003919007184846506,0.184826088304815,0.07142857142857142,0.21804511278195488,,,,0.041883455013650116,0.06622538485226773,3.5127557830002067,2.165378693305773e-05,0.0034940600978336828,54,33.540571077198265,54,3.5127471526167704,33.5402816104583,0.066225,54,1.0,53,edge:e00a390b63d50b6fb7a30e0aba55943ebc461447c7183d520e0c16d107a71c9e,0.19999999999999996,2,1.0,0.0,0.0,1,,,,,,,,,,,,,,,,,,0.1519756838905775,0.3359436178543461,,,,,,,,0.2439596508724618,0.2439596508724618
c006,watering,S-rephrased,main-watering-S-rephrased-r0,False,participant,3,early1-3,1,1,conversation:c006:0,1,False,False,incomplete_or_mismatched_source_coverage,39,False,9674993.0,0.020248203788373612,0.06328790087980367,1.0,,,,,0.041883455013650116,0.06622538485226773,3.5127557830002067,0.021671653786933077,0.02026554856743536,54,33.540571077198265,54,3.527061131325717,34.02382897451991,0.064766,52,0.9617720000000001,51,edge:e65a5e961a6bbf3e20dadabc05b3e6f3b24d709ce4f61f9de3994befdb262b30,,2,,,,1,,,,,,,,,,,,,,,,,,,,,,,,,,,,
c006,watering,S-rephrased,main-watering-S-rephrased-r0,False,participant,5,early1-3,1,1,conversation:c006:0,1,False,False,incomplete_or_mismatched_source_coverage,39,False,9674993.0,0.020248203788373612,0.06328790087980367,1.0,,,,,0.041883455013650116,0.06622538485226773,3.5127557830002067,0.021671653786933077,0.02026554856743536,54,33.540571077198265,54,3.527061131325717,34.02382897451991,0.064766,52,0.9617720000000001,51,edge:e65a5e961a6bbf3e20dadabc05b3e6f3b24d709ce4f61f9de3994befdb262b30,,2,,,,1,,,,,,,,,,,,,,,,,,,,,,,,,,,,
c006,watering,S-rephrased,main-watering-S-rephrased-r0,False,gemma,3,early1-3,1,1,conversation:c006:0,1,False,False,incomplete_or_mismatched_source_coverage,358,False,9674993.0,0.020248203788373612,0.06328790087980367,0.12790697674418605,,,,,0.041883455013650116,0.06622538485226773,3.5127557830002067,0.021671653786933077,0.02026554856743536,54,33.540571077198265,54,3.527061131325717,34.02382897451991,0.064766,52,0.9617720000000001,51,edge:e65a5e961a6bbf3e20dadabc05b3e6f3b24d709ce4f61f9de3994befdb262b30,,2,,,,1,,,,,,,,,,,,,,,,,,,,,,,,,,,,
c006,watering,S-rephrased,main-watering-S-rephrased-r0,False,gemma,5,early1-3,1,1,conversation:c006:0,1,False,False,incomplete_or_mismatched_source_coverage,358,False,9674993.0,0.020248203788373612,0.06328790087980367,0.12790697674418605,,,,,0.041883455013650116,0.06622538485226773,3.5127557830002067,0.021671653786933077,0.02026554856743536,54,33.540571077198265,54,3.527061131325717,34.02382897451991,0.064766,52,0.9617720000000001,51,edge:e65a5e961a6bbf3e20dadabc05b3e6f3b24d709ce4f61f9de3994befdb262b30,,2,,,,1,,,,,,,,,,,,,,,,,,,,,,,,,,,,
c006,watering,S-rephrased,main-watering-S-rephrased-r0,False,combined,3,early1-3,1,1,conversation:c006:0,1,False,False,incomplete_or_mismatched_source_coverage,397,False,9674993.0,0.020248203788373612,0.06328790087980367,0.19186046511627908,,,,,0.041883455013650116,0.06622538485226773,3.5127557830002067,0.021671653786933077,0.02026554856743536,54,33.540571077198265,54,3.527061131325717,34.02382897451991,0.064766,52,0.9617720000000001,51,edge:e65a5e961a6bbf3e20dadabc05b3e6f3b24d709ce4f61f9de3994befdb262b30,,2,,,,1,,,,,,,,,,,,,,,,,,,,,,,,,,,,
c006,watering,S-rephrased,main-watering-S-rephrased-r0,False,combined,5,early1-3,1,1,conversation:c006:0,1,False,False,incomplete_or_mismatched_source_coverage,397,False,9674993.0,0.020248203788373612,0.06328790087980367,0.19186046511627908,,,,,0.041883455013650116,0.06622538485226773,3.5127557830002067,0.021671653786933077,0.02026554856743536,54,33.540571077198265,54,3.527061131325717,34.02382897451991,0.064766,52,0.9617720000000001,51,edge:e65a5e961a6bbf3e20dadabc05b3e6f3b24d709ce4f61f9de3994befdb262b30,,2,,,,1,,,,,,,,,,,,,,,,,,,,,,,,,,,,
c006,watering,S-rephrased,main-watering-S-rephrased-r0,False,participant,3,early1-3,2,2,conversation:c006:0,2,False,True,,25,False,5158330.0,0.010450685826257348,0.12817862223467946,0.21739130434782608,0.21739130434782608,,,,0.041883455013650116,0.06622538485226773,3.5127557830002067,0.021671653786933077,0.02026554856743536,54,33.540571077198265,54,3.527061131325717,34.02382897451991,0.064766,52,0.9617720000000001,51,edge:ef04ee5832d45c3f2d119c21f50e457461bf65940b005f2c159bab465898ae55,,2,1.0,0.0,0.0,1,0,0,,,,,,,,,,,,,,,,0.0,0.0711743772241993,,,,,,,,0.03558718861209965,0.00711743772241993
c006,watering,S-rephrased,main-watering-S-rephrased-r0,False,participant,5,early1-3,2,2,conversation:c006:0,2,False,True,,25,False,5158330.0,0.010450685826257348,0.12817862223467946,0.21739130434782608,0.21739130434782608,,,,0.041883455013650116,0.06622538485226773,3.5127557830002067,0.021671653786933077,0.02026554856743536,54,33.540571077198265,54,3.527061131325717,34.02382897451991,0.064766,52,0.9617720000000001,51,edge:ef04ee5832d45c3f2d119c21f50e457461bf65940b005f2c159bab465898ae55,,2,1.0,0.0,0.0,1,0,0,,,,,,,,,,,,,,,,0.0,0.0711743772241993,,,,,,,,0.03558718861209965,0.00711743772241993
c006,watering,S-rephrased,main-watering-S-rephrased-r0,False,gemma,3,early1-3,2,2,conversation:c006:0,2,False,False,incomplete_or_mismatched_source_coverage,339,False,5158330.0,0.010450685826257348,0.12817862223467946,0.1130952380952381,0.1130952380952381,,,,0.041883455013650116,0.06622538485226773,3.5127557830002067,0.021671653786933077,0.02026554856743536,54,33.540571077198265,54,3.527061131325717,34.02382897451991,0.064766,52,0.9617720000000001,51,edge:ef04ee5832d45c3f2d119c21f50e457461bf65940b005f2c159bab465898ae55,,2,1.0,0.0,0.0,1,,,,,,,,,,,,,,,,,,0.06862745098039216,0.20721112076455256,,,,,,,,0.13791928587247237,0.027583857174494478
c006,watering,S-rephrased,main-watering-S-rephrased-r0,False,gemma,5,early1-3,2,2,conversation:c006:0,2,False,False,incomplete_or_mismatched_source_coverage,339,False,5158330.0,0.010450685826257348,0.12817862223467946,0.1130952380952381,0.1130952380952381,,,,0.041883455013650116,0.06622538485226773,3.5127557830002067,0.021671653786933077,0.02026554856743536,54,33.540571077198265,54,3.527061131325717,34.02382897451991,0.064766,52,0.9617720000000001,51,edge:ef04ee5832d45c3f2d119c21f50e457461bf65940b005f2c159bab465898ae55,,2,1.0,0.0,0.0,1,,,,,,,,,,,,,,,,,,0.06862745098039216,0.20721112076455256,,,,,,,,0.13791928587247237,0.027583857174494478
c006,watering,S-rephrased,main-watering-S-rephrased-r0,False,combined,3,early1-3,2,2,conversation:c006:0,2,False,False,incomplete_or_mismatched_source_coverage,364,False,5158330.0,0.010450685826257348,0.12817862223467946,0.125,0.125,,,,0.041883455013650116,0.06622538485226773,3.5127557830002067,0.021671653786933077,0.02026554856743536,54,33.540571077198265,54,3.527061131325717,34.02382897451991,0.064766,52,0.9617720000000001,51,edge:ef04ee5832d45c3f2d119c21f50e457461bf65940b005f2c159bab465898ae55,,2,1.0,0.0,0.0,1,,,,,,,,,,,,,,,,,,0.06456456456456457,0.20667209113100082,,,,,,,,0.1356183278477827,0.02712366556955654
c006,watering,S-rephrased,main-watering-S-rephrased-r0,False,combined,5,early1-3,2,2,conversation:c006:0,2,False,False,incomplete_or_mismatched_source_coverage,364,False,5158330.0,0.010450685826257348,0.12817862223467946,0.125,0.125,,,,0.041883455013650116,0.06622538485226773,3.5127557830002067,0.021671653786933077,0.02026554856743536,54,33.540571077198265,54,3.527061131325717,34.02382897451991,0.064766,52,0.9617720000000001,51,edge:ef04ee5832d45c3f2d119c21f50e457461bf65940b005f2c159bab465898ae55,,2,1.0,0.0,0.0,1,,,,,,,,,,,,,,,,,,0.06456456456456457,0.20667209113100082,,,,,,,,0.1356183278477827,0.02712366556955654
c006,watering,S-rephrased,main-watering-S-rephrased-r0,False,participant,3,early1-3,3,3,conversation:c006:0,3,False,False,incomplete_or_mismatched_source_coverage,25,False,6666665.0,0.008491182233834096,0.12093754921878953,0.11764705882352941,0.22807017543859648,,,,0.041883455013650116,0.06622538485226773,3.5127557830002067,0.02448248068039964,0.01781970649895178,54,33.540571077198265,54,3.5262263157351814,33.99543720423738,0.064563,52,0.950683,51,edge:1d226b8ebd700c5afbfecfd6944ffb9095b4b1a79329e89684443f19b38d0a8b,0.0,2,1.0,0.0,0.0,1,,,,,,,,,,,,,,,,,,0.06976744186046512,0.16744186046511628,,,,,,,,0.1186046511627907,0.04744186046511628
c006,watering,S-rephrased,main-watering-S-rephrased-r0,False,participant,5,early1-3,3,3,conversation:c006:0,3,False,False,incomplete_or_mismatched_source_coverage,25,False,6666665.0,0.008491182233834096,0.12093754921878953,0.11764705882352941,0.22807017543859648,,,,0.041883455013650116,0.06622538485226773,3.5127557830002067,0.02448248068039964,0.01781970649895178,54,33.540571077198265,54,3.5262263157351814,33.99543720423738,0.064563,52,0.950683,51,edge:1d226b8ebd700c5afbfecfd6944ffb9095b4b1a79329e89684443f19b38d0a8b,,2,1.0,0.0,0.0,1,,,,,,,,,,,,,,,,,,0.06976744186046512,0.16744186046511628,,,,,,,,0.1186046511627907,0.04744186046511628
c006,watering,S-rephrased,main-watering-S-rephrased-r0,False,gemma,3,early1-3,3,3,conversation:c006:0,3,False,False,incomplete_or_mismatched_source_coverage,305,False,6666665.0,0.008491182233834096,0.12093754921878953,0.13924050632911392,0.16265060240963855,,,,0.041883455013650116,0.06622538485226773,3.5127557830002067,0.02448248068039964,0.01781970649895178,54,33.540571077198265,54,3.5262263157351814,33.99543720423738,0.064563,52,0.950683,51,edge:1d226b8ebd700c5afbfecfd6944ffb9095b4b1a79329e89684443f19b38d0a8b,0.0,2,1.0,0.0,0.0,1,,,,,,,,,,,,,,,,,,0.10845588235294118,0.2621176470588235,,,,,,,,0.18528676470588235,0.07411470588235294
c006,watering,S-rephrased,main-watering-S-rephrased-r0,False,gemma,5,early1-3,3,3,conversation:c006:0,3,False,False,incomplete_or_mismatched_source_coverage,305,False,6666665.0,0.008491182233834096,0.12093754921878953,0.13924050632911392,0.16265060240963855,,,,0.041883455013650116,0.06622538485226773,3.5127557830002067,0.02448248068039964,0.01781970649895178,54,33.540571077198265,54,3.5262263157351814,33.99543720423738,0.064563,52,0.950683,51,edge:1d226b8ebd700c5afbfecfd6944ffb9095b4b1a79329e89684443f19b38d0a8b,,2,1.0,0.0,0.0,1,,,,,,,,,,,,,,,,,,0.10845588235294118,0.2621176470588235,,,,,,,,0.18528676470588235,0.07411470588235294
c006,watering,S-rephrased,main-watering-S-rephrased-r0,False,combined,3,early1-3,3,3,conversation:c006:0,3,False,False,incomplete_or_mismatched_source_coverage,330,False,6666665.0,0.008491182233834096,0.12093754921878953,0.14285714285714285,0.18497109826589594,,,,0.041883455013650116,0.06622538485226773,3.5127557830002067,0.02448248068039964,0.01781970649895178,54,33.540571077198265,54,3.5262263157351814,33.99543720423738,0.064563,52,0.950683,51,edge:1d226b8ebd700c5afbfecfd6944ffb9095b4b1a79329e89684443f19b38d0a8b,0.0,2,1.0,0.0,0.0,1,,,,,,,,,,,,,,,,,,0.10902896081771721,0.2636001769128704,,,,,,,,0.1863145688652938,0.07452582754611752
c006,watering,S-rephrased,main-watering-S-rephrased-r0,False,combined,5,early1-3,3,3,conversation:c006:0,3,False,False,incomplete_or_mismatched_source_coverage,330,False,6666665.0,0.008491182233834096,0.12093754921878953,0.14285714285714285,0.18497109826589594,,,,0.041883455013650116,0.06622538485226773,3.5127557830002067,0.02448248068039964,0.01781970649895178,54,33.540571077198265,54,3.5262263157351814,33.99543720423738,0.064563,52,0.950683,51,edge:1d226b8ebd700c5afbfecfd6944ffb9095b4b1a79329e89684443f19b38d0a8b,,2,1.0,0.0,0.0,1,,,,,,,,,,,,,,,,,,0.10902896081771721,0.2636001769128704,,,,,,,,0.1863145688652938,0.07452582754611752
c006,watering,S-rephrased,main-watering-S-rephrased-r0,False,participant,3,middle4-5,4,4,conversation:c006:0,4,False,False,incomplete_or_mismatched_source_coverage,30,False,6958328.0,0.016329196603527107,0.07937904928873774,0.1320754716981132,0.13513513513513514,,,,0.041883455013650116,0.06622538485226773,3.5127557830002067,0.003179826893466554,0.008735150244584208,54,33.540571077198265,54,3.5162843277445996,33.65912952938777,0.066013,53,0.988542,52,edge:4277c1b9cf38f6fe4d18d855232b0457d86ee215f1af70ac67d1ceb3d6cbb1c3,0.0,5,1.0,0.0,0.0,4,,,,,,,,,,,,,,,,,,0.0,0.05198776758409786,,,,,,,,0.02599388379204893,0.015596330275229357
c006,watering,S-rephrased,main-watering-S-rephrased-r0,False,participant,5,middle4-5,4,4,conversation:c006:0,4,False,False,incomplete_or_mismatched_source_coverage,30,False,6958328.0,0.016329196603527107,0.07937904928873774,0.1320754716981132,0.13513513513513514,,,,0.041883455013650116,0.06622538485226773,3.5127557830002067,0.003179826893466554,0.008735150244584208,54,33.540571077198265,54,3.5162843277445996,33.65912952938777,0.066013,53,0.988542,52,edge:4277c1b9cf38f6fe4d18d855232b0457d86ee215f1af70ac67d1ceb3d6cbb1c3,,5,1.0,0.0,0.0,4,,,,,,,,,,,,,,,,,,0.0,0.05198776758409786,,,,,,,,0.02599388379204893,0.015596330275229357
c006,watering,S-rephrased,main-watering-S-rephrased-r0,False,gemma,3,middle4-5,4,4,conversation:c006:0,4,False,False,incomplete_or_mismatched_source_coverage,150,False,6958328.0,0.016329196603527107,0.07937904928873774,0.09803921568627451,0.14285714285714285,,,,0.041883455013650116,0.06622538485226773,3.5127557830002067,0.003179826893466554,0.008735150244584208,54,33.540571077198265,54,3.5162843277445996,33.65912952938777,0.066013,53,0.988542,52,edge:4277c1b9cf38f6fe4d18d855232b0457d86ee215f1af70ac67d1ceb3d6cbb1c3,0.0,5,1.0,0.0,0.0,4,,,,,,,,,,,,,,,,,,0.023554603854389723,0.1373100731570062,,,,,,,,0.08043233850569796,0.04825940310341877
c006,watering,S-rephrased,main-watering-S-rephrased-r0,False,gemma,5,middle4-5,4,4,conversation:c006:0,4,False,False,incomplete_or_mismatched_source_coverage,150,False,6958328.0,0.016329196603527107,0.07937904928873774,0.09803921568627451,0.14285714285714285,,,,0.041883455013650116,0.06622538485226773,3.5127557830002067,0.003179826893466554,0.008735150244584208,54,33.540571077198265,54,3.5162843277445996,33.65912952938777,0.066013,53,0.988542,52,edge:4277c1b9cf38f6fe4d18d855232b0457d86ee215f1af70ac67d1ceb3d6cbb1c3,,5,1.0,0.0,0.0,4,,,,,,,,,,,,,,,,,,0.023554603854389723,0.1373100731570062,,,,,,,,0.08043233850569796,0.04825940310341877
c006,watering,S-rephrased,main-watering-S-rephrased-r0,False,combined,3,middle4-5,4,4,conversation:c006:0,4,False,False,incomplete_or_mismatched_source_coverage,180,False,6958328.0,0.016329196603527107,0.07937904928873774,0.12389380530973451,0.17054263565891473,,,,0.041883455013650116,0.06622538485226773,3.5127557830002067,0.003179826893466554,0.008735150244584208,54,33.540571077198265,54,3.5162843277445996,33.65912952938777,0.066013,53,0.988542,52,edge:4277c1b9cf38f6fe4d18d855232b0457d86ee215f1af70ac67d1ceb3d6cbb1c3,0.0,5,1.0,0.0,0.0,4,,,,,,,,,,,,,,,,,,0.021321961620469083,0.1383838383838384,,,,,,,,0.07985290000215374,0.047911740001292245
c006,watering,S-rephrased,main-watering-S-rephrased-r0,False,combined,5,middle4-5,4,4,conversation:c006:0,4,False,False,incomplete_or_mismatched_source_coverage,180,False,6958328.0,0.016329196603527107,0.07937904928873774,0.12389380530973451,0.17054263565891473,,,,0.041883455013650116,0.06622538485226773,3.5127557830002067,0.003179826893466554,0.008735150244584208,54,33.540571077198265,54,3.5162843277445996,33.65912952938777,0.066013,53,0.988542,52,edge:4277c1b9cf38f6fe4d18d855232b0457d86ee215f1af70ac67d1ceb3d6cbb1c3,,5,1.0,0.0,0.0,4,,,,,,,,,,,,,,,,,,0.021321961620469083,0.1383838383838384,,,,,,,,0.07985290000215374,0.047911740001292245
c006,watering,S-rephrased,main-watering-S-rephrased-r0,False,participant,3,middle4-5,5,5,conversation:c006:0,5,False,False,incomplete_or_mismatched_source_coverage,29,False,6154759.0,0.011103853690398433,0.09931204878629217,0.16,0.1232876712328767,,,,0.041883455013650116,0.06622538485226773,3.5127557830002067,0.003179826893466554,0.008735150244584208,54,33.540571077198265,54,3.5162843277445996,33.65912952938777,0.066013,53,0.988542,52,edge:e65a5e961a6bbf3e20dadabc05b3e6f3b24d709ce4f61f9de3994befdb262b30,0.0,2,1.0,0.0,0.0,1,,,,,,,,,,,,,,,,,,0.02040816326530612,0.08823529411764706,,,,,,,,0.05432172869147659,0.04345738295318127
c006,watering,S-rephrased,main-watering-S-rephrased-r0,False,participant,5,middle4-5,5,5,conversation:c006:0,5,False,False,incomplete_or_mismatched_source_coverage,29,False,6154759.0,0.011103853690398433,0.09931204878629217,0.16,0.13793103448275862,,,,0.041883455013650116,0.06622538485226773,3.5127557830002067,0.003179826893466554,0.008735150244584208,54,33.540571077198265,54,3.5162843277445996,33.65912952938777,0.066013,53,0.988542,52,edge:e65a5e961a6bbf3e20dadabc05b3e6f3b24d709ce4f61f9de3994befdb262b30,0.19999999999999996,2,1.0,0.0,0.0,1,,,,,,,,,,,,,,,,,,0.02040816326530612,0.08823529411764706,,,,,,,,0.05432172869147659,0.04345738295318127
c006,watering,S-rephrased,main-watering-S-rephrased-r0,False,gemma,3,middle4-5,5,5,conversation:c006:0,5,False,False,incomplete_or_mismatched_source_coverage,255,False,6154759.0,0.011103853690398433,0.09931204878629217,0.13286713286713286,0.18471337579617833,,,,0.041883455013650116,0.06622538485226773,3.5127557830002067,0.003179826893466554,0.008735150244584208,54,33.540571077198265,54,3.5162843277445996,33.65912952938777,0.066013,53,0.988542,52,edge:e65a5e961a6bbf3e20dadabc05b3e6f3b24d709ce4f61f9de3994befdb262b30,0.0,2,1.0,0.0,0.0,1,,,,,,,,,,,,,,,,,,0.058011049723756904,0.1795727636849132,,,,,,,,0.11879190670433505,0.09503352536346804
c006,watering,S-rephrased,main-watering-S-rephrased-r0,False,gemma,5,middle4-5,5,5,conversation:c006:0,5,False,False,incomplete_or_mismatched_source_coverage,255,False,6154759.0,0.011103853690398433,0.09931204878629217,0.13286713286713286,0.2155688622754491,,,,0.041883455013650116,0.06622538485226773,3.5127557830002067,0.003179826893466554,0.008735150244584208,54,33.540571077198265,54,3.5162843277445996,33.65912952938777,0.066013,53,0.988542,52,edge:e65a5e961a6bbf3e20dadabc05b3e6f3b24d709ce4f61f9de3994befdb262b30,0.19999999999999996,2,1.0,0.0,0.0,1,,,,,,,,,,,,,,,,,,0.058011049723756904,0.1795727636849132,,,,,,,,0.11879190670433505,0.09503352536346804
c006,watering,S-rephrased,main-watering-S-rephrased-r0,False,combined,3,middle4-5,5,5,conversation:c006:0,5,False,False,incomplete_or_mismatched_source_coverage,284,False,6154759.0,0.011103853690398433,0.09931204878629217,0.1342281879194631,0.19135802469135801,,,,0.041883455013650116,0.06622538485226773,3.5127557830002067,0.003179826893466554,0.008735150244584208,54,33.540571077198265,54,3.5162843277445996,33.65912952938777,0.066013,53,0.988542,52,edge:e65a5e961a6bbf3e20dadabc05b3e6f3b24d709ce4f61f9de3994befdb262b30,0.0,2,1.0,0.0,0.0,1,,,,,,,,,,,,,,,,,,0.06341463414634146,0.19205298013245034,,,,,,,,0.12773380713939592,0.10218704571151674
c006,watering,S-rephrased,main-watering-S-rephrased-r0,False,combined,5,middle4-5,5,5,conversation:c006:0,5,False,False,incomplete_or_mismatched_source_coverage,284,False,6154759.0,0.011103853690398433,0.09931204878629217,0.1342281879194631,0.22093023255813954,,,,0.041883455013650116,0.06622538485226773,3.5127557830002067,0.003179826893466554,0.008735150244584208,54,33.540571077198265,54,3.5162843277445996,33.65912952938777,0.066013,53,0.988542,52,edge:e65a5e961a6bbf3e20dadabc05b3e6f3b24d709ce4f61f9de3994befdb262b30,0.19999999999999996,2,1.0,0.0,0.0,1,,,,,,,,,,,,,,,,,,0.06341463414634146,0.19205298013245034,,,,,,,,0.12773380713939592,0.10218704571151674
c006,watering,S-rephrased,main-watering-S-rephrased-r0,False,participant,3,mature6-10,6,6,conversation:c006:0,6,False,False,incomplete_or_mismatched_source_coverage,24,False,1749998.0,0.003919007184846506,0.3696151759003274,0.1702127659574468,0.07407407407407407,,,,0.041883455013650116,0.06622538485226773,3.5127557830002067,0.006290653786933108,0.006289308176100629,54,33.540571077198265,54,3.5154020369812256,33.62944548720449,0.065802,53,0.9771529999999999,52,edge:72417c42bd8890a022a6ec3b25d5dfd34ab2434051a50500b9d35cd9d5796629,0.0,2,1.0,0.0,0.0,1,,,,,,,,,,,,,,,,,,0.020833333333333332,0.05813953488372093,,,,,,,,0.03948643410852713,0.03948643410852713
c006,watering,S-rephrased,main-watering-S-rephrased-r0,False,participant,5,mature6-10,6,6,conversation:c006:0,6,False,False,incomplete_or_mismatched_source_coverage,24,False,1749998.0,0.003919007184846506,0.3696151759003274,0.1702127659574468,0.11224489795918367,,,,0.041883455013650116,0.06622538485226773,3.5127557830002067,0.006290653786933108,0.006289308176100629,54,33.540571077198265,54,3.5154020369812256,33.62944548720449,0.065802,53,0.9771529999999999,52,edge:72417c42bd8890a022a6ec3b25d5dfd34ab2434051a50500b9d35cd9d5796629,0.0,2,1.0,0.0,0.0,1,,,,,,,,,,,,,,,,,,0.020833333333333332,0.10526315789473684,,,,,,,,0.06304824561403509,0.06304824561403509
c006,watering,S-rephrased,main-watering-S-rephrased-r0,False,gemma,3,mature6-10,6,6,conversation:c006:0,6,False,False,incomplete_or_mismatched_source_coverage,210,False,1749998.0,0.003919007184846506,0.3696151759003274,0.09482758620689655,0.17777777777777778,,,,0.041883455013650116,0.06622538485226773,3.5127557830002067,0.006290653786933108,0.006289308176100629,54,33.540571077198265,54,3.5154020369812256,33.62944548720449,0.065802,53,0.9771529999999999,52,edge:72417c42bd8890a022a6ec3b25d5dfd34ab2434051a50500b9d35cd9d5796629,0.0,2,1.0,0.0,0.0,1,,,,,,,,,,,,,,,,,,0.076158940397351,0.17546709991876522,,,,,,,,0.12581302015805812,0.12581302015805812
c006,watering,S-rephrased,main-watering-S-rephrased-r0,False,gemma,5,mature6-10,6,6,conversation:c006:0,6,False,False,incomplete_or_mismatched_source_coverage,210,False,1749998.0,0.003919007184846506,0.3696151759003274,0.09482758620689655,0.1830065359477124,,,,0.041883455013650116,0.06622538485226773,3.5127557830002067,0.006290653786933108,0.006289308176100629,54,33.540571077198265,54,3.5154020369812256,33.62944548720449,0.065802,53,0.9771529999999999,52,edge:72417c42bd8890a022a6ec3b25d5dfd34ab2434051a50500b9d35cd9d5796629,0.0,2,1.0,0.0,0.0,1,,,,,,,,,,,,,,,,,,0.076158940397351,0.17546709991876522,,,,,,,,0.12581302015805812,0.12581302015805812
c006,watering,S-rephrased,main-watering-S-rephrased-r0,False,combined,3,mature6-10,6,6,conversation:c006:0,6,False,False,incomplete_or_mismatched_source_coverage,234,False,1749998.0,0.003919007184846506,0.3696151759003274,0.0967741935483871,0.16666666666666666,,,,0.041883455013650116,0.06622538485226773,3.5127557830002067,0.006290653786933108,0.006289308176100629,54,33.540571077198265,54,3.5154020369812256,33.62944548720449,0.065802,53,0.9771529999999999,52,edge:72417c42bd8890a022a6ec3b25d5dfd34ab2434051a50500b9d35cd9d5796629,0.0,2,1.0,0.0,0.0,1,,,,,,,,,,,,,,,,,,0.06552706552706553,0.15486111111111112,,,,,,,,0.11019408831908832,0.11019408831908832
c006,watering,S-rephrased,main-watering-S-rephrased-r0,False,combined,5,mature6-10,6,6,conversation:c006:0,6,False,False,incomplete_or_mismatched_source_coverage,234,False,1749998.0,0.003919007184846506,0.3696151759003274,0.0967741935483871,0.18012422360248448,,,,0.041883455013650116,0.06622538485226773,3.5127557830002067,0.006290653786933108,0.006289308176100629,54,33.540571077198265,54,3.5154020369812256,33.62944548720449,0.065802,53,0.9771529999999999,52,edge:72417c42bd8890a022a6ec3b25d5dfd34ab2434051a50500b9d35cd9d5796629,0.0,2,1.0,0.0,0.0,1,,,,,,,,,,,,,,,,,,0.06552706552706553,0.15486111111111112,,,,,,,,0.11019408831908832,0.11019408831908832
c006,watering,S-rephrased,main-watering-S-rephrased-r0,False,participant,3,mature6-10,7,7,conversation:c006:0,7,False,True,,32,False,6491661.0,0.016329196603527107,0.07005632088222284,0.08771929824561403,0.10843373493975904,,,,0.041883455013650116,0.06622538485226773,3.5127557830002067,0.007849653786933062,0.013277428371767994,54,33.540571077198265,54,3.521255117983053,33.82685852936074,0.065697,52,0.9755940000000001,51,edge:72f6d33bb8f0a7055eb5896c718bb77d18284a07f20ec48ae1136dd7a9f2a75f,0.0,3,1.0,0.0,0.0,2,0,0,,,,,,,,,,,,,,,,0.0,0.05825242718446602,,,,,,,,0.02912621359223301,0.02912621359223301
c006,watering,S-rephrased,main-watering-S-rephrased-r0,False,participant,5,mature6-10,7,7,conversation:c006:0,7,False,True,,32,False,6491661.0,0.016329196603527107,0.07005632088222284,0.08771929824561403,0.10476190476190476,,,,0.041883455013650116,0.06622538485226773,3.5127557830002067,0.007849653786933062,0.013277428371767994,54,33.540571077198265,54,3.521255117983053,33.82685852936074,0.065697,52,0.9755940000000001,51,edge:72f6d33bb8f0a7055eb5896c718bb77d18284a07f20ec48ae1136dd7a9f2a75f,0.0,3,1.0,0.0,0.0,2,0,0,,,,,,,,,,,,,,,,0.0,0.05825242718446602,,,,,,,,0.02912621359223301,0.02912621359223301
c006,watering,S-rephrased,main-watering-S-rephrased-r0,False,gemma,3,mature6-10,7,7,conversation:c006:0,7,False,False,incomplete_or_mismatched_source_coverage,248,False,6491661.0,0.016329196603527107,0.07005632088222284,0.104,0.14285714285714285,,,,0.041883455013650116,0.06622538485226773,3.5127557830002067,0.007849653786933062,0.013277428371767994,54,33.540571077198265,54,3.521255117983053,33.82685852936074,0.065697,52,0.9755940000000001,51,edge:72f6d33bb8f0a7055eb5896c718bb77d18284a07f20ec48ae1136dd7a9f2a75f,0.0,3,1.0,0.0,0.0,2,,,,,,,,,,,,,,,,,,0.07317073170731707,0.19239373601789708,,,,,,,,0.13278223386260707,0.13278223386260707
c006,watering,S-rephrased,main-watering-S-rephrased-r0,False,gemma,5,mature6-10,7,7,conversation:c006:0,7,False,False,incomplete_or_mismatched_source_coverage,248,False,6491661.0,0.016329196603527107,0.07005632088222284,0.104,0.16363636363636364,,,,0.041883455013650116,0.06622538485226773,3.5127557830002067,0.007849653786933062,0.013277428371767994,54,33.540571077198265,54,3.521255117983053,33.82685852936074,0.065697,52,0.9755940000000001,51,edge:72f6d33bb8f0a7055eb5896c718bb77d18284a07f20ec48ae1136dd7a9f2a75f,0.0,3,1.0,0.0,0.0,2,,,,,,,,,,,,,,,,,,0.07317073170731707,0.19239373601789708,,,,,,,,0.13278223386260707,0.13278223386260707
c006,watering,S-rephrased,main-watering-S-rephrased-r0,False,combined,3,mature6-10,7,7,conversation:c006:0,7,False,False,incomplete_or_mismatched_source_coverage,280,False,6491661.0,0.016329196603527107,0.07005632088222284,0.10294117647058823,0.16129032258064516,,,,0.041883455013650116,0.06622538485226773,3.5127557830002067,0.007849653786933062,0.013277428371767994,54,33.540571077198265,54,3.521255117983053,33.82685852936074,0.065697,52,0.9755940000000001,51,edge:72f6d33bb8f0a7055eb5896c718bb77d18284a07f20ec48ae1136dd7a9f2a75f,0.0,3,1.0,0.0,0.0,2,,,,,,,,,,,,,,,,,,0.06398104265402843,0.18724696356275303,,,,,,,,0.12561400310839071,0.12561400310839071
c006,watering,S-rephrased,main-watering-S-rephrased-r0,False,combined,5,mature6-10,7,7,conversation:c006:0,7,False,False,incomplete_or_mismatched_source_coverage,280,False,6491661.0,0.016329196603527107,0.07005632088222284,0.10294117647058823,0.1791907514450867,,,,0.041883455013650116,0.06622538485226773,3.5127557830002067,0.007849653786933062,0.013277428371767994,54,33.540571077198265,54,3.521255117983053,33.82685852936074,0.065697,52,0.9755940000000001,51,edge:72f6d33bb8f0a7055eb5896c718bb77d18284a07f20ec48ae1136dd7a9f2a75f,0.0,3,1.0,0.0,0.0,2,,,,,,,,,,,,,,,,,,0.06398104265402843,0.18724696356275303,,,,,,,,0.12561400310839071,0.12561400310839071
c006,watering,S-rephrased,main-watering-S-rephrased-r0,False,participant,3,mature6-10,8,8,conversation:c006:0,8,False,True,,31,False,7683330.0,0.013063357282821686,0.08310242528545932,0.1346153846153846,0.1625,,,,0.041883455013650116,0.06622538485226773,3.5127557830002067,0.004765826893466577,0.008735150244584208,54,33.540571077198265,54,3.517711502983487,33.70720130087609,0.065907,53,0.9869559999999999,52,edge:72f6d33bb8f0a7055eb5896c718bb77d18284a07f20ec48ae1136dd7a9f2a75f,0.33333333333333337,3,1.0,1.0,1.0,2,0,0,,,,,,,,,,,,,,,,0.05357142857142857,0.11784511784511785,,,,,,,,0.0857082732082732,0.0857082732082732
c006,watering,S-rephrased,main-watering-S-rephrased-r0,False,participant,5,mature6-10,8,8,conversation:c006:0,8,False,True,,31,False,7683330.0,0.013063357282821686,0.08310242528545932,0.1346153846153846,0.16822429906542055,,,,0.041883455013650116,0.06622538485226773,3.5127557830002067,0.004765826893466577,0.008735150244584208,54,33.540571077198265,54,3.517711502983487,33.70720130087609,0.065907,53,0.9869559999999999,52,edge:72f6d33bb8f0a7055eb5896c718bb77d18284a07f20ec48ae1136dd7a9f2a75f,0.19999999999999996,3,1.0,1.0,1.0,2,0,0,,,,,,,,,,,,,,,,0.05357142857142857,0.11784511784511785,,,,,,,,0.0857082732082732,0.0857082732082732
c006,watering,S-rephrased,main-watering-S-rephrased-r0,False,gemma,3,mature6-10,8,8,conversation:c006:0,8,False,False,incomplete_or_mismatched_source_coverage,324,False,7683330.0,0.013063357282821686,0.08310242528545932,0.11029411764705882,0.1858974358974359,,,,0.041883455013650116,0.06622538485226773,3.5127557830002067,0.004765826893466577,0.008735150244584208,54,33.540571077198265,54,3.517711502983487,33.70720130087609,0.065907,53,0.9869559999999999,52,edge:72f6d33bb8f0a7055eb5896c718bb77d18284a07f20ec48ae1136dd7a9f2a75f,0.33333333333333337,3,1.0,1.0,1.0,2,,,,,,,,,,,,,,,,,,0.07158351409978309,0.221969265793967,,,,,,,,0.14677638994687503,0.14677638994687503
c006,watering,S-rephrased,main-watering-S-rephrased-r0,False,gemma,5,mature6-10,8,8,conversation:c006:0,8,False,False,incomplete_or_mismatched_source_coverage,324,False,7683330.0,0.013063357282821686,0.08310242528545932,0.11029411764705882,0.21910112359550563,,,,0.041883455013650116,0.06622538485226773,3.5127557830002067,0.004765826893466577,0.008735150244584208,54,33.540571077198265,54,3.517711502983487,33.70720130087609,0.065907,53,0.9869559999999999,52,edge:72f6d33bb8f0a7055eb5896c718bb77d18284a07f20ec48ae1136dd7a9f2a75f,0.19999999999999996,3,1.0,1.0,1.0,2,,,,,,,,,,,,,,,,,,0.07158351409978309,0.221969265793967,,,,,,,,0.14677638994687503,0.14677638994687503
c006,watering,S-rephrased,main-watering-S-rephrased-r0,False,combined,3,mature6-10,8,8,conversation:c006:0,8,False,False,incomplete_or_mismatched_source_coverage,355,False,7683330.0,0.013063357282821686,0.08310242528545932,0.11888111888111888,0.20496894409937888,,,,0.041883455013650116,0.06622538485226773,3.5127557830002067,0.004765826893466577,0.008735150244584208,54,33.540571077198265,54,3.517711502983487,33.70720130087609,0.065907,53,0.9869559999999999,52,edge:72f6d33bb8f0a7055eb5896c718bb77d18284a07f20ec48ae1136dd7a9f2a75f,0.33333333333333337,3,1.0,1.0,1.0,2,,,,,,,,,,,,,,,,,,0.07100591715976332,0.21990620114643042,,,,,,,,0.14545605915309687,0.14545605915309687
c006,watering,S-rephrased,main-watering-S-rephrased-r0,False,combined,5,mature6-10,8,8,conversation:c006:0,8,False,False,incomplete_or_mismatched_source_coverage,355,False,7683330.0,0.013063357282821686,0.08310242528545932,0.11888111888111888,0.24175824175824176,,,,0.041883455013650116,0.06622538485226773,3.5127557830002067,0.004765826893466577,0.008735150244584208,54,33.540571077198265,54,3.517711502983487,33.70720130087609,0.065907,53,0.9869559999999999,52,edge:72f6d33bb8f0a7055eb5896c718bb77d18284a07f20ec48ae1136dd7a9f2a75f,0.19999999999999996,3,1.0,1.0,1.0,2,,,,,,,,,,,,,,,,,,0.07100591715976332,0.21990620114643042,,,,,,,,0.14545605915309687,0.14545605915309687
c006,watering,S-rephrased,main-watering-S-rephrased-r0,False,participant,3,mature6-10,9,9,conversation:c006:0,9,False,True,,31,False,6099998.0,0.011103853690398433,0.09992838228756055,0.09090909090909091,0.16455696202531644,,,,0.041883455013650116,0.06622538485226773,3.5127557830002067,0.004765826893466577,0.008735150244584208,54,33.540571077198265,54,3.517711502983487,33.70720130087609,0.065907,53,0.9869559999999999,52,edge:639599cd7bde5879390cd5b23b8a7c2929561a29cdd26102b77e277da4ca0913,0.33333333333333337,2,1.0,0.0,0.0,1,2,1,,,0.0,0.0,,,,,,,,,,,,0.0,0.1346153846153846,,,,,,,,0.0673076923076923,0.0673076923076923
c006,watering,S-rephrased,main-watering-S-rephrased-r0,False,participant,5,mature6-10,9,9,conversation:c006:0,9,False,True,,31,False,6099998.0,0.011103853690398433,0.09992838228756055,0.09090909090909091,0.13333333333333333,,,,0.041883455013650116,0.06622538485226773,3.5127557830002067,0.004765826893466577,0.008735150244584208,54,33.540571077198265,54,3.517711502983487,33.70720130087609,0.065907,53,0.9869559999999999,52,edge:639599cd7bde5879390cd5b23b8a7c2929561a29cdd26102b77e277da4ca0913,0.19999999999999996,2,1.0,0.0,0.0,1,2,1,,,,,,,,,,,,,,,,0.0,0.1346153846153846,,,,,,,,0.0673076923076923,0.0673076923076923
c006,watering,S-rephrased,main-watering-S-rephrased-r0,False,gemma,3,mature6-10,9,9,conversation:c006:0,9,False,False,incomplete_or_mismatched_source_coverage,295,False,6099998.0,0.011103853690398433,0.09992838228756055,0.08527131782945736,0.15436241610738255,,,,0.041883455013650116,0.06622538485226773,3.5127557830002067,0.004765826893466577,0.008735150244584208,54,33.540571077198265,54,3.517711502983487,33.70720130087609,0.065907,53,0.9869559999999999,52,edge:639599cd7bde5879390cd5b23b8a7c2929561a29cdd26102b77e277da4ca0913,0.33333333333333337,2,1.0,0.0,0.0,1,,,,,,,,,,,,,,,,,,0.08097165991902834,0.18240093240093241,,,,,,,,0.13168629615998037,0.13168629615998037
c006,watering,S-rephrased,main-watering-S-rephrased-r0,False,gemma,5,mature6-10,9,9,conversation:c006:0,9,False,False,incomplete_or_mismatched_source_coverage,295,False,6099998.0,0.011103853690398433,0.09992838228756055,0.08527131782945736,0.18452380952380953,,,,0.041883455013650116,0.06622538485226773,3.5127557830002067,0.004765826893466577,0.008735150244584208,54,33.540571077198265,54,3.517711502983487,33.70720130087609,0.065907,53,0.9869559999999999,52,edge:639599cd7bde5879390cd5b23b8a7c2929561a29cdd26102b77e277da4ca0913,0.19999999999999996,2,1.0,0.0,0.0,1,,,,,,,,,,,,,,,,,,0.08097165991902834,0.18240093240093241,,,,,,,,0.13168629615998037,0.13168629615998037
c006,watering,S-rephrased,main-watering-S-rephrased-r0,False,combined,3,mature6-10,9,9,conversation:c006:0,9,False,False,incomplete_or_mismatched_source_coverage,326,False,6099998.0,0.011103853690398433,0.09992838228756055,0.09929078014184398,0.16875,,,,0.041883455013650116,0.06622538485226773,3.5127557830002067,0.004765826893466577,0.008735150244584208,54,33.540571077198265,54,3.517711502983487,33.70720130087609,0.065907,53,0.9869559999999999,52,edge:639599cd7bde5879390cd5b23b8a7c2929561a29cdd26102b77e277da4ca0913,0.33333333333333337,2,1.0,0.0,0.0,1,,,,,,,,,,,,,,,,,,0.07421150278293136,0.18042511122095897,,,,,,,,0.12731830700194516,0.12731830700194516
c006,watering,S-rephrased,main-watering-S-rephrased-r0,False,combined,5,mature6-10,9,9,conversation:c006:0,9,False,False,incomplete_or_mismatched_source_coverage,326,False,6099998.0,0.011103853690398433,0.09992838228756055,0.09929078014184398,0.20224719101123595,,,,0.041883455013650116,0.06622538485226773,3.5127557830002067,0.004765826893466577,0.008735150244584208,54,33.540571077198265,54,3.517711502983487,33.70720130087609,0.065907,53,0.9869559999999999,52,edge:639599cd7bde5879390cd5b23b8a7c2929561a29cdd26102b77e277da4ca0913,0.19999999999999996,2,1.0,0.0,0.0,1,,,,,,,,,,,,,,,,,,0.07421150278293136,0.18042511122095897,,,,,,,,0.12731830700194516,0.12731830700194516
c006,watering,S-rephrased,main-watering-S-rephrased-r0,False,participant,3,mature6-10,10,10,conversation:c006:0,10,False,False,incomplete_or_mismatched_source_coverage,34,False,10591662.0,0.015022860875244938,0.07568031598335344,0.14545454545454545,0.13580246913580246,,,,0.041883455013650116,0.06622538485226773,3.5127557830002067,0.024132077381050967,0.03738644304682041,54,33.540571077198265,54,3.534750556122274,34.2864610996396,0.064563,50,0.937237,49,edge:e00a390b63d50b6fb7a30e0aba55943ebc461447c7183d520e0c16d107a71c9e,0.0,2,1.0,0.0,0.0,1,,,,,,,,,,,,,,,,,,0.0,0.05625,,,,,,,,0.028125,0.028125
c006,watering,S-rephrased,main-watering-S-rephrased-r0,False,participant,5,mature6-10,10,10,conversation:c006:0,10,False,False,incomplete_or_mismatched_source_coverage,34,False,10591662.0,0.015022860875244938,0.07568031598335344,0.14545454545454545,0.1588785046728972,,,,0.041883455013650116,0.06622538485226773,3.5127557830002067,0.024132077381050967,0.03738644304682041,54,33.540571077198265,54,3.534750556122274,34.2864610996396,0.064563,50,0.937237,49,edge:e00a390b63d50b6fb7a30e0aba55943ebc461447c7183d520e0c16d107a71c9e,0.19999999999999996,2,1.0,0.0,0.0,1,,,,,,,,,,,,,,,,,,0.03508771929824561,0.11458333333333333,,,,,,,,0.07483552631578946,0.07483552631578946
c006,watering,S-rephrased,main-watering-S-rephrased-r0,False,gemma,3,mature6-10,10,10,conversation:c006:0,10,False,False,incomplete_or_mismatched_source_coverage,349,False,10591662.0,0.015022860875244938,0.07568031598335344,0.09154929577464789,0.13580246913580246,,,,0.041883455013650116,0.06622538485226773,3.5127557830002067,0.024132077381050967,0.03738644304682041,54,33.540571077198265,54,3.534750556122274,34.2864610996396,0.064563,50,0.937237,49,edge:e00a390b63d50b6fb7a30e0aba55943ebc461447c7183d520e0c16d107a71c9e,0.0,2,1.0,0.0,0.0,1,,,,,,,,,,,,,,,,,,0.13404255319148936,0.2937313432835821,,,,,,,,0.21388694823753573,0.21388694823753573
c006,watering,S-rephrased,main-watering-S-rephrased-r0,False,gemma,5,mature6-10,10,10,conversation:c006:0,10,False,False,incomplete_or_mismatched_source_coverage,349,False,10591662.0,0.015022860875244938,0.07568031598335344,0.09154929577464789,0.18681318681318682,,,,0.041883455013650116,0.06622538485226773,3.5127557830002067,0.024132077381050967,0.03738644304682041,54,33.540571077198265,54,3.534750556122274,34.2864610996396,0.064563,50,0.937237,49,edge:e00a390b63d50b6fb7a30e0aba55943ebc461447c7183d520e0c16d107a71c9e,0.19999999999999996,2,1.0,0.0,0.0,1,,,,,,,,,,,,,,,,,,0.13404255319148936,0.2937313432835821,,,,,,,,0.21388694823753573,0.21388694823753573
c006,watering,S-rephrased,main-watering-S-rephrased-r0,False,combined,3,mature6-10,10,10,conversation:c006:0,10,False,False,incomplete_or_mismatched_source_coverage,383,False,10591662.0,0.015022860875244938,0.07568031598335344,0.09803921568627451,0.1588235294117647,,,,0.041883455013650116,0.06622538485226773,3.5127557830002067,0.024132077381050967,0.03738644304682041,54,33.540571077198265,54,3.534750556122274,34.2864610996396,0.064563,50,0.937237,49,edge:e00a390b63d50b6fb7a30e0aba55943ebc461447c7183d520e0c16d107a71c9e,0.0,2,1.0,0.0,0.0,1,,,,,,,,,,,,,,,,,,0.11954459203036052,0.26951476793248946,,,,,,,,0.194529679981425,0.194529679981425
c006,watering,S-rephrased,main-watering-S-rephrased-r0,False,combined,5,mature6-10,10,10,conversation:c006:0,10,False,False,incomplete_or_mismatched_source_coverage,383,False,10591662.0,0.015022860875244938,0.07568031598335344,0.09803921568627451,0.21164021164021163,,,,0.041883455013650116,0.06622538485226773,3.5127557830002067,0.024132077381050967,0.03738644304682041,54,33.540571077198265,54,3.534750556122274,34.2864610996396,0.064563,50,0.937237,49,edge:e00a390b63d50b6fb7a30e0aba55943ebc461447c7183d520e0c16d107a71c9e,0.19999999999999996,2,1.0,0.0,0.0,1,,,,,,,,,,,,,,,,,,0.11954459203036052,0.26951476793248946,,,,,,,,0.194529679981425,0.194529679981425
c007,baking,F-new,main-baking-F-new-r0,False,participant,3,early1-3,1,1,conversation:c007:0,1,False,False,incomplete_or_mismatched_source_coverage,33,False,11066661.0,0.026779882429784456,0.04503672869563555,1.0,,,,,0.041883455013650116,0.06622538485226773,3.5127557830002067,0.030153307573866202,0.02236198462613557,54,33.540571077198265,54,3.5303893000358695,34.137254662727116,0.06416,51,0.936734,50,edge:62d966570215e4adc4841dcdfe206d2ea4d777d33bafee50983ccbd6ca60f181,,3,,,,2,,,,,,,,,,,,,,,,,,,,,,,,,,,,
c007,baking,F-new,main-baking-F-new-r0,False,participant,5,early1-3,1,1,conversation:c007:0,1,False,False,incomplete_or_mismatched_source_coverage,33,False,11066661.0,0.026779882429784456,0.04503672869563555,1.0,,,,,0.041883455013650116,0.06622538485226773,3.5127557830002067,0.030153307573866202,0.02236198462613557,54,33.540571077198265,54,3.5303893000358695,34.137254662727116,0.06416,51,0.936734,50,edge:62d966570215e4adc4841dcdfe206d2ea4d777d33bafee50983ccbd6ca60f181,,3,,,,2,,,,,,,,,,,,,,,,,,,,,,,,,,,,
c007,baking,F-new,main-baking-F-new-r0,False,gemma,3,early1-3,1,1,conversation:c007:0,1,False,False,incomplete_or_mismatched_source_coverage,255,False,11066661.0,0.026779882429784456,0.04503672869563555,0.1267605633802817,,,,,0.041883455013650116,0.06622538485226773,3.5127557830002067,0.030153307573866202,0.02236198462613557,54,33.540571077198265,54,3.5303893000358695,34.137254662727116,0.06416,51,0.936734,50,edge:62d966570215e4adc4841dcdfe206d2ea4d777d33bafee50983ccbd6ca60f181,,3,,,,2,,,,,,,,,,,,,,,,,,,,,,,,,,,,
c007,baking,F-new,main-baking-F-new-r0,False,gemma,5,early1-3,1,1,conversation:c007:0,1,False,False,incomplete_or_mismatched_source_coverage,255,False,11066661.0,0.026779882429784456,0.04503672869563555,0.1267605633802817,,,,,0.041883455013650116,0.06622538485226773,3.5127557830002067,0.030153307573866202,0.02236198462613557,54,33.540571077198265,54,3.5303893000358695,34.137254662727116,0.06416,51,0.936734,50,edge:62d966570215e4adc4841dcdfe206d2ea4d777d33bafee50983ccbd6ca60f181,,3,,,,2,,,,,,,,,,,,,,,,,,,,,,,,,,,,
c007,baking,F-new,main-baking-F-new-r0,False,combined,3,early1-3,1,1,conversation:c007:0,1,False,False,incomplete_or_mismatched_source_coverage,288,False,11066661.0,0.026779882429784456,0.04503672869563555,0.2112676056338028,,,,,0.041883455013650116,0.06622538485226773,3.5127557830002067,0.030153307573866202,0.02236198462613557,54,33.540571077198265,54,3.5303893000358695,34.137254662727116,0.06416,51,0.936734,50,edge:62d966570215e4adc4841dcdfe206d2ea4d777d33bafee50983ccbd6ca60f181,,3,,,,2,,,,,,,,,,,,,,,,,,,,,,,,,,,,
c007,baking,F-new,main-baking-F-new-r0,False,combined,5,early1-3,1,1,conversation:c007:0,1,False,False,incomplete_or_mismatched_source_coverage,288,False,11066661.0,0.026779882429784456,0.04503672869563555,0.2112676056338028,,,,,0.041883455013650116,0.06622538485226773,3.5127557830002067,0.030153307573866202,0.02236198462613557,54,33.540571077198265,54,3.5303893000358695,34.137254662727116,0.06416,51,0.936734,50,edge:62d966570215e4adc4841dcdfe206d2ea4d777d33bafee50983ccbd6ca60f181,,3,,,,2,,,,,,,,,,,,,,,,,,,,,,,,,,,,
c007,baking,F-new,main-baking-F-new-r0,False,participant,3,early1-3,2,2,conversation:c007:0,2,False,True,,22,False,3458331.0,0.008491182233834096,0.12904641945361336,0.1590909090909091,0.1590909090909091,,,,0.041883455013650116,0.06622538485226773,3.5127557830002067,2.3190116523512383e-05,0.0034940600978336828,54,33.540571077198265,54,3.5127280865554336,33.539642135488016,0.066226,54,1.0,53,edge:72f6d33bb8f0a7055eb5896c718bb77d18284a07f20ec48ae1136dd7a9f2a75f,,3,1.0,1.0,0.0,2,2,1,,,,,,,,,,,,,,,,0.0,0.08365019011406843,,,,,,,,0.04182509505703422,0.008365019011406844
c007,baking,F-new,main-baking-F-new-r0,False,participant,5,early1-3,2,2,conversation:c007:0,2,False,True,,22,False,3458331.0,0.008491182233834096,0.12904641945361336,0.1590909090909091,0.1590909090909091,,,,0.041883455013650116,0.06622538485226773,3.5127557830002067,2.3190116523512383e-05,0.0034940600978336828,54,33.540571077198265,54,3.5127280865554336,33.539642135488016,0.066226,54,1.0,53,edge:72f6d33bb8f0a7055eb5896c718bb77d18284a07f20ec48ae1136dd7a9f2a75f,,3,1.0,1.0,0.0,2,2,1,,,,,,,,,,,,,,,,0.0,0.08365019011406843,,,,,,,,0.04182509505703422,0.008365019011406844
c007,baking,F-new,main-baking-F-new-r0,False,gemma,3,early1-3,2,2,conversation:c007:0,2,False,False,incomplete_or_mismatched_source_coverage,264,False,3458331.0,0.008491182233834096,0.12904641945361336,0.15384615384615385,0.15384615384615385,,,,0.041883455013650116,0.06622538485226773,3.5127557830002067,2.3190116523512383e-05,0.0034940600978336828,54,33.540571077198265,54,3.5127280865554336,33.539642135488016,0.066226,54,1.0,53,edge:72f6d33bb8f0a7055eb5896c718bb77d18284a07f20ec48ae1136dd7a9f2a75f,,3,1.0,1.0,0.0,2,,,,,,,,,,,,,,,,,,0.021551724137931036,0.1143317230273752,,,,,,,,0.06794172358265312,0.013588344716530623
c007,baking,F-new,main-baking-F-new-r0,False,gemma,5,early1-3,2,2,conversation:c007:0,2,False,False,incomplete_or_mismatched_source_coverage,264,False,3458331.0,0.008491182233834096,0.12904641945361336,0.15384615384615385,0.15384615384615385,,,,0.041883455013650116,0.06622538485226773,3.5127557830002067,2.3190116523512383e-05,0.0034940600978336828,54,33.540571077198265,54,3.5127280865554336,33.539642135488016,0.066226,54,1.0,53,edge:72f6d33bb8f0a7055eb5896c718bb77d18284a07f20ec48ae1136dd7a9f2a75f,,3,1.0,1.0,0.0,2,,,,,,,,,,,,,,,,,,0.021551724137931036,0.1143317230273752,,,,,,,,0.06794172358265312,0.013588344716530623
c007,baking,F-new,main-baking-F-new-r0,False,combined,3,early1-3,2,2,conversation:c007:0,2,False,False,incomplete_or_mismatched_source_coverage,286,False,3458331.0,0.008491182233834096,0.12904641945361336,0.15328467153284672,0.15328467153284672,,,,0.041883455013650116,0.06622538485226773,3.5127557830002067,2.3190116523512383e-05,0.0034940600978336828,54,33.540571077198265,54,3.5127280865554336,33.539642135488016,0.066226,54,1.0,53,edge:72f6d33bb8f0a7055eb5896c718bb77d18284a07f20ec48ae1136dd7a9f2a75f,,3,1.0,1.0,0.0,2,,,,,,,,,,,,,,,,,,0.02131782945736434,0.12362362362362363,,,,,,,,0.07247072654049398,0.014494145308098796
c007,baking,F-new,main-baking-F-new-r0,False,combined,5,early1-3,2,2,conversation:c007:0,2,False,False,incomplete_or_mismatched_source_coverage,286,False,3458331.0,0.008491182233834096,0.12904641945361336,0.15328467153284672,0.15328467153284672,,,,0.041883455013650116,0.06622538485226773,3.5127557830002067,2.3190116523512383e-05,0.0034940600978336828,54,33.540571077198265,54,3.5127280865554336,33.539642135488016,0.066226,54,1.0,53,edge:72f6d33bb8f0a7055eb5896c718bb77d18284a07f20ec48ae1136dd7a9f2a75f,,3,1.0,1.0,0.0,2,,,,,,,,,,,,,,,,,,0.02131782945736434,0.12362362362362363,,,,,,,,0.07247072654049398,0.014494145308098796
c007,baking,F-new,main-baking-F-new-r0,False,participant,3,early1-3,3,3,conversation:c007:0,3,False,True,,25,False,2616666.0,0.005878510777269758,0.1986693859908625,0.08163265306122448,0.13559322033898305,,,,0.041883455013650116,0.06622538485226773,3.5127557830002067,0.00191182689346654,0.008735150244584208,54,33.540571077198265,54,3.514988994626735,33.61555797012406,0.066098,53,0.9898100000000001,52,edge:4277c1b9cf38f6fe4d18d855232b0457d86ee215f1af70ac67d1ceb3d6cbb1c3,0.0,5,1.0,0.0,0.0,4,0,0,,,,,,,,,,,,,,,,0.018867924528301886,0.10256410256410256,,,,,,,,0.06071601354620222,0.02428640541848089
c007,baking,F-new,main-baking-F-new-r0,False,participant,5,early1-3,3,3,conversation:c007:0,3,False,True,,25,False,2616666.0,0.005878510777269758,0.1986693859908625,0.08163265306122448,0.13559322033898305,,,,0.041883455013650116,0.06622538485226773,3.5127557830002067,0.00191182689346654,0.008735150244584208,54,33.540571077198265,54,3.514988994626735,33.61555797012406,0.066098,53,0.9898100000000001,52,edge:4277c1b9cf38f6fe4d18d855232b0457d86ee215f1af70ac67d1ceb3d6cbb1c3,,5,1.0,0.0,0.0,4,0,0,,,,,,,,,,,,,,,,0.018867924528301886,0.10256410256410256,,,,,,,,0.06071601354620222,0.02428640541848089
c007,baking,F-new,main-baking-F-new-r0,False,gemma,3,early1-3,3,3,conversation:c007:0,3,False,False,incomplete_or_mismatched_source_coverage,269,False,2616666.0,0.005878510777269758,0.1986693859908625,0.15441176470588236,0.16326530612244897,,,,0.041883455013650116,0.06622538485226773,3.5127557830002067,0.00191182689346654,0.008735150244584208,54,33.540571077198265,54,3.514988994626735,33.61555797012406,0.066098,53,0.9898100000000001,52,edge:4277c1b9cf38f6fe4d18d855232b0457d86ee215f1af70ac67d1ceb3d6cbb1c3,0.0,5,1.0,0.0,0.0,4,,,,,,,,,,,,,,,,,,0.06373626373626373,0.17984832069339113,,,,,,,,0.12179229221482743,0.04871691688593097
c007,baking,F-new,main-baking-F-new-r0,False,gemma,5,early1-3,3,3,conversation:c007:0,3,False,False,incomplete_or_mismatched_source_coverage,269,False,2616666.0,0.005878510777269758,0.1986693859908625,0.15441176470588236,0.16326530612244897,,,,0.041883455013650116,0.06622538485226773,3.5127557830002067,0.00191182689346654,0.008735150244584208,54,33.540571077198265,54,3.514988994626735,33.61555797012406,0.066098,53,0.9898100000000001,52,edge:4277c1b9cf38f6fe4d18d855232b0457d86ee215f1af70ac67d1ceb3d6cbb1c3,,5,1.0,0.0,0.0,4,,,,,,,,,,,,,,,,,,0.06373626373626373,0.17984832069339113,,,,,,,,0.12179229221482743,0.04871691688593097
c007,baking,F-new,main-baking-F-new-r0,False,combined,3,early1-3,3,3,conversation:c007:0,3,False,False,incomplete_or_mismatched_source_coverage,294,False,2616666.0,0.005878510777269758,0.1986693859908625,0.14285714285714285,0.17419354838709677,,,,0.041883455013650116,0.06622538485226773,3.5127557830002067,0.00191182689346654,0.008735150244584208,54,33.540571077198265,54,3.514988994626735,33.61555797012406,0.066098,53,0.9898100000000001,52,edge:4277c1b9cf38f6fe4d18d855232b0457d86ee215f1af70ac67d1ceb3d6cbb1c3,0.0,5,1.0,0.0,0.0,4,,,,,,,,,,,,,,,,,,0.05823293172690763,0.17690782953419226,,,,,,,,0.11757038063054995,0.047028152252219985
c007,baking,F-new,main-baking-F-new-r0,False,combined,5,early1-3,3,3,conversation:c007:0,3,False,False,incomplete_or_mismatched_source_coverage,294,False,2616666.0,0.005878510777269758,0.1986693859908625,0.14285714285714285,0.17419354838709677,,,,0.041883455013650116,0.06622538485226773,3.5127557830002067,0.00191182689346654,0.008735150244584208,54,33.540571077198265,54,3.514988994626735,33.61555797012406,0.066098,53,0.9898100000000001,52,edge:4277c1b9cf38f6fe4d18d855232b0457d86ee215f1af70ac67d1ceb3d6cbb1c3,,5,1.0,0.0,0.0,4,,,,,,,,,,,,,,,,,,0.05823293172690763,0.17690782953419226,,,,,,,,0.11757038063054995,0.047028152252219985
c007,baking,F-new,main-baking-F-new-r0,False,participant,3,middle4-5,4,4,conversation:c007:0,4,False,True,,22,False,2866666.0,0.006531678641410843,0.17313418004082073,0.06382978723404255,0.2153846153846154,,,,0.041883455013650116,0.06622538485226773,3.5127557830002067,0.00191182689346654,0.008735150244584208,54,33.540571077198265,54,3.514988994626735,33.61555797012406,0.066098,53,0.9898100000000001,52,edge:7d497ab0de00336608711ee470cf00fe911f162fa9443682ca2bd163b3a9cf43,0.0,5,1.0,0.6666666666666666,0.0,4,0,0,,,0.0,0.0,,,,,,,,,,,,0.16216216216216217,0.3401015228426396,,,,,,,,0.2511318425024009,0.15067910550144054
c007,baking,F-new,main-baking-F-new-r0,False,participant,5,middle4-5,4,4,conversation:c007:0,4,False,True,,22,False,2866666.0,0.006531678641410843,0.17313418004082073,0.06382978723404255,0.2153846153846154,,,,0.041883455013650116,0.06622538485226773,3.5127557830002067,0.00191182689346654,0.008735150244584208,54,33.540571077198265,54,3.514988994626735,33.61555797012406,0.066098,53,0.9898100000000001,52,edge:7d497ab0de00336608711ee470cf00fe911f162fa9443682ca2bd163b3a9cf43,,5,1.0,0.6666666666666666,0.0,4,0,0,,,,,,,,,,,,,,,,0.16216216216216217,0.3401015228426396,,,,,,,,0.2511318425024009,0.15067910550144054
c007,baking,F-new,main-baking-F-new-r0,False,gemma,3,middle4-5,4,4,conversation:c007:0,4,False,False,incomplete_or_mismatched_source_coverage,242,False,2866666.0,0.006531678641410843,0.17313418004082073,0.15079365079365079,0.22535211267605634,,,,0.041883455013650116,0.06622538485226773,3.5127557830002067,0.00191182689346654,0.008735150244584208,54,33.540571077198265,54,3.514988994626735,33.61555797012406,0.066098,53,0.9898100000000001,52,edge:7d497ab0de00336608711ee470cf00fe911f162fa9443682ca2bd163b3a9cf43,0.0,5,1.0,0.6666666666666666,0.0,4,,,,,,,,,,,,,,,,,,0.1261904761904762,0.28979343863912516,,,,,,,,0.20799195741480067,0.1247951744488804
c007,baking,F-new,main-baking-F-new-r0,False,gemma,5,middle4-5,4,4,conversation:c007:0,4,False,False,incomplete_or_mismatched_source_coverage,242,False,2866666.0,0.006531678641410843,0.17313418004082073,0.15079365079365079,0.22535211267605634,,,,0.041883455013650116,0.06622538485226773,3.5127557830002067,0.00191182689346654,0.008735150244584208,54,33.540571077198265,54,3.514988994626735,33.61555797012406,0.066098,53,0.9898100000000001,52,edge:7d497ab0de00336608711ee470cf00fe911f162fa9443682ca2bd163b3a9cf43,,5,1.0,0.6666666666666666,0.0,4,,,,,,,,,,,,,,,,,,0.1261904761904762,0.28979343863912516,,,,,,,,0.20799195741480067,0.1247951744488804
c007,baking,F-new,main-baking-F-new-r0,False,combined,3,middle4-5,4,4,conversation:c007:0,4,False,False,incomplete_or_mismatched_source_coverage,264,False,2866666.0,0.006531678641410843,0.17313418004082073,0.14074074074074075,0.2620689655172414,,,,0.041883455013650116,0.06622538485226773,3.5127557830002067,0.00191182689346654,0.008735150244584208,54,33.540571077198265,54,3.514988994626735,33.61555797012406,0.066098,53,0.9898100000000001,52,edge:7d497ab0de00336608711ee470cf00fe911f162fa9443682ca2bd163b3a9cf43,0.0,5,1.0,0.6666666666666666,0.0,4,,,,,,,,,,,,,,,,,,0.1343612334801762,0.3076923076923077,,,,,,,,0.22102677058624196,0.13261606235174517
c007,baking,F-new,main-baking-F-new-r0,False,combined,5,middle4-5,4,4,conversation:c007:0,4,False,False,incomplete_or_mismatched_source_coverage,264,False,2866666.0,0.006531678641410843,0.17313418004082073,0.14074074074074075,0.2620689655172414,,,,0.041883455013650116,0.06622538485226773,3.5127557830002067,0.00191182689346654,0.008735150244584208,54,33.540571077198265,54,3.514988994626735,33.61555797012406,0.066098,53,0.9898100000000001,52,edge:7d497ab0de00336608711ee470cf00fe911f162fa9443682ca2bd163b3a9cf43,,5,1.0,0.6666666666666666,0.0,4,,,,,,,,,,,,,,,,,,0.1343612334801762,0.3076923076923077,,,,,,,,0.22102677058624196,0.13261606235174517
c007,baking,F-new,main-baking-F-new-r0,False,participant,3,middle4-5,5,5,conversation:c007:0,5,False,True,,21,False,2783332.0,0.006531678641410843,0.17917469925597967,0.10869565217391304,0.1,,0.0,0.0,0.041883455013650116,0.06622538485226773,3.5127557830002067,0.00191182689346654,0.008735150244584208,54,33.540571077198265,54,3.514988994626735,33.61555797012406,0.066098,53,0.9898100000000001,52,edge:e65a5e961a6bbf3e20dadabc05b3e6f3b24d709ce4f61f9de3994befdb262b30,0.0,2,1.0,0.0,0.0,1,2,1,,,0.0,0.0,,,,,,,,,,,,0.0,0.04918032786885246,,,,,,,,0.02459016393442623,0.019672131147540985
c007,baking,F-new,main-baking-F-new-r0,False,participant,5,middle4-5,5,5,conversation:c007:0,5,False,True,,21,False,2783332.0,0.006531678641410843,0.17917469925597967,0.10869565217391304,0.08860759493670886,,,,0.041883455013650116,0.06622538485226773,3.5127557830002067,0.00191182689346654,0.008735150244584208,54,33.540571077198265,54,3.514988994626735,33.61555797012406,0.066098,53,0.9898100000000001,52,edge:e65a5e961a6bbf3e20dadabc05b3e6f3b24d709ce4f61f9de3994befdb262b30,0.0,2,1.0,0.0,0.0,1,2,1,,,,,,,,,,,,,,,,0.0,0.05944055944055944,,,,,,,,0.02972027972027972,0.02377622377622378
c007,baking,F-new,main-baking-F-new-r0,False,gemma,3,middle4-5,5,5,conversation:c007:0,5,False,False,incomplete_or_mismatched_source_coverage,299,False,2783332.0,0.006531678641410843,0.17917469925597967,0.13636363636363635,0.13793103448275862,,,,0.041883455013650116,0.06622538485226773,3.5127557830002067,0.00191182689346654,0.008735150244584208,54,33.540571077198265,54,3.514988994626735,33.61555797012406,0.066098,53,0.9898100000000001,52,edge:e65a5e961a6bbf3e20dadabc05b3e6f3b24d709ce4f61f9de3994befdb262b30,0.0,2,1.0,0.0,0.0,1,,,,,,,,,,,,,,,,,,0.11036036036036036,0.2926533090467517,,,,,,,,0.20150683470355601,0.16120546776284483
c007,baking,F-new,main-baking-F-new-r0,False,gemma,5,middle4-5,5,5,conversation:c007:0,5,False,False,incomplete_or_mismatched_source_coverage,299,False,2783332.0,0.006531678641410843,0.17917469925597967,0.13636363636363635,0.1935483870967742,,,,0.041883455013650116,0.06622538485226773,3.5127557830002067,0.00191182689346654,0.008735150244584208,54,33.540571077198265,54,3.514988994626735,33.61555797012406,0.066098,53,0.9898100000000001,52,edge:e65a5e961a6bbf3e20dadabc05b3e6f3b24d709ce4f61f9de3994befdb262b30,0.0,2,1.0,0.0,0.0,1,,,,,,,,,,,,,,,,,,0.11036036036036036,0.2926533090467517,,,,,,,,0.20150683470355601,0.16120546776284483
c007,baking,F-new,main-baking-F-new-r0,False,combined,3,middle4-5,5,5,conversation:c007:0,5,False,False,incomplete_or_mismatched_source_coverage,320,False,2783332.0,0.006531678641410843,0.17917469925597967,0.12857142857142856,0.13071895424836602,,,,0.041883455013650116,0.06622538485226773,3.5127557830002067,0.00191182689346654,0.008735150244584208,54,33.540571077198265,54,3.514988994626735,33.61555797012406,0.066098,53,0.9898100000000001,52,edge:e65a5e961a6bbf3e20dadabc05b3e6f3b24d709ce4f61f9de3994befdb262b30,0.0,2,1.0,0.0,0.0,1,,,,,,,,,,,,,,,,,,0.10395010395010396,0.2861157953906689,,,,,,,,0.19503294967038642,0.15602635973630916
c007,baking,F-new,main-baking-F-new-r0,False,combined,5,middle4-5,5,5,conversation:c007:0,5,False,False,incomplete_or_mismatched_source_coverage,320,False,2783332.0,0.006531678641410843,0.17917469925597967,0.12857142857142856,0.18404907975460122,,,,0.041883455013650116,0.06622538485226773,3.5127557830002067,0.00191182689346654,0.008735150244584208,54,33.540571077198265,54,3.514988994626735,33.61555797012406,0.066098,53,0.9898100000000001,52,edge:e65a5e961a6bbf3e20dadabc05b3e6f3b24d709ce4f61f9de3994befdb262b30,0.0,2,1.0,0.0,0.0,1,,,,,,,,,,,,,,,,,,0.10395010395010396,0.2861157953906689,,,,,,,,0.19503294967038642,0.15602635973630916
c007,baking,F-new,main-baking-F-new-r0,False,participant,3,mature6-10,6,6,conversation:c007:0,6,False,False,incomplete_or_mismatched_source_coverage,19,False,1516664.0,0.005225342913128674,0.13416262611020865,0.09302325581395349,0.14035087719298245,,,,0.041883455013650116,0.06622538485226773,3.5127557830002067,2.165378693305773e-05,0.0034940600978336828,54,33.540571077198265,54,3.5127471526167704,33.5402816104583,0.066225,54,1.0,53,edge:0008c7517f9963b3b8e7e39983f89fd2fba6d285fa5f717d84d4f2caa408a282,0.0,2,1.0,0.0,0.0,1,,,,,,,,,,,,,,,,,,0.0,0.0945945945945946,,,,,,,,0.0472972972972973,0.0472972972972973
c007,baking,F-new,main-baking-F-new-r0,False,participant,5,mature6-10,6,6,conversation:c007:0,6,False,False,incomplete_or_mismatched_source_coverage,19,False,1516664.0,0.005225342913128674,0.13416262611020865,0.09302325581395349,0.10344827586206896,,,,0.041883455013650116,0.06622538485226773,3.5127557830002067,2.165378693305773e-05,0.0034940600978336828,54,33.540571077198265,54,3.5127471526167704,33.5402816104583,0.066225,54,1.0,53,edge:0008c7517f9963b3b8e7e39983f89fd2fba6d285fa5f717d84d4f2caa408a282,0.0,2,1.0,0.0,0.0,1,,,,,,,,,,,,,,,,,,0.0,0.0945945945945946,,,,,,,,0.0472972972972973,0.0472972972972973
c007,baking,F-new,main-baking-F-new-r0,False,gemma,3,mature6-10,6,6,conversation:c007:0,6,False,False,incomplete_or_mismatched_source_coverage,206,False,1516664.0,0.005225342913128674,0.13416262611020865,0.1111111111111111,0.11290322580645161,,,,0.041883455013650116,0.06622538485226773,3.5127557830002067,2.165378693305773e-05,0.0034940600978336828,54,33.540571077198265,54,3.5127471526167704,33.5402816104583,0.066225,54,1.0,53,edge:0008c7517f9963b3b8e7e39983f89fd2fba6d285fa5f717d84d4f2caa408a282,0.0,2,1.0,0.0,0.0,1,,,,,,,,,,,,,,,,,,0.05314009661835749,0.13562281722933645,,,,,,,,0.09438145692384697,0.09438145692384697
c007,baking,F-new,main-baking-F-new-r0,False,gemma,5,mature6-10,6,6,conversation:c007:0,6,False,False,incomplete_or_mismatched_source_coverage,206,False,1516664.0,0.005225342913128674,0.13416262611020865,0.1111111111111111,0.1342281879194631,,,,0.041883455013650116,0.06622538485226773,3.5127557830002067,2.165378693305773e-05,0.0034940600978336828,54,33.540571077198265,54,3.5127471526167704,33.5402816104583,0.066225,54,1.0,53,edge:0008c7517f9963b3b8e7e39983f89fd2fba6d285fa5f717d84d4f2caa408a282,0.0,2,1.0,0.0,0.0,1,,,,,,,,,,,,,,,,,,0.05314009661835749,0.13562281722933645,,,,,,,,0.09438145692384697,0.09438145692384697
c007,baking,F-new,main-baking-F-new-r0,False,combined,3,mature6-10,6,6,conversation:c007:0,6,False,False,incomplete_or_mismatched_source_coverage,225,False,1516664.0,0.005225342913128674,0.13416262611020865,0.10526315789473684,0.125,,,,0.041883455013650116,0.06622538485226773,3.5127557830002067,2.165378693305773e-05,0.0034940600978336828,54,33.540571077198265,54,3.5127471526167704,33.5402816104583,0.066225,54,1.0,53,edge:0008c7517f9963b3b8e7e39983f89fd2fba6d285fa5f717d84d4f2caa408a282,0.0,2,1.0,0.0,0.0,1,,,,,,,,,,,,,,,,,,0.048458149779735685,0.13487372380440624,,,,,,,,0.09166593679207097,0.09166593679207097
c007,baking,F-new,main-baking-F-new-r0,False,combined,5,mature6-10,6,6,conversation:c007:0,6,False,False,incomplete_or_mismatched_source_coverage,225,False,1516664.0,0.005225342913128674,0.13416262611020865,0.10526315789473684,0.1437908496732026,,,,0.041883455013650116,0.06622538485226773,3.5127557830002067,2.165378693305773e-05,0.0034940600978336828,54,33.540571077198265,54,3.5127471526167704,33.5402816104583,0.066225,54,1.0,53,edge:0008c7517f9963b3b8e7e39983f89fd2fba6d285fa5f717d84d4f2caa408a282,0.0,2,1.0,0.0,0.0,1,,,,,,,,,,,,,,,,,,0.048458149779735685,0.13487372380440624,,,,,,,,0.09166593679207097,0.09166593679207097
c007,baking,F-new,main-baking-F-new-r0,False,participant,3,mature6-10,7,7,conversation:c007:0,7,False,True,,26,False,5516663.0,0.012410189418680601,0.09137383838856711,0.08888888888888889,0.15789473684210525,,,,0.041883455013650116,0.06622538485226773,3.5127557830002067,0.020863828022609363,0.05695317959468903,54,33.540571077198265,54,3.5366465827954006,34.351530811873296,0.064807,50,0.953199,49,edge:639599cd7bde5879390cd5b23b8a7c2929561a29cdd26102b77e277da4ca0913,0.0,2,1.0,0.0,0.0,1,0,0,,,,,,,,,,,,,,,,0.0,0.08482142857142858,,,,,,,,0.04241071428571429,0.04241071428571429
c007,baking,F-new,main-baking-F-new-r0,False,participant,5,mature6-10,7,7,conversation:c007:0,7,False,True,,26,False,5516663.0,0.012410189418680601,0.09137383838856711,0.08888888888888889,0.11538461538461539,,,,0.041883455013650116,0.06622538485226773,3.5127557830002067,0.020863828022609363,0.05695317959468903,54,33.540571077198265,54,3.5366465827954006,34.351530811873296,0.064807,50,0.953199,49,edge:639599cd7bde5879390cd5b23b8a7c2929561a29cdd26102b77e277da4ca0913,0.0,2,1.0,0.0,0.0,1,0,0,,,,,,,,,,,,,,,,0.0,0.08482142857142858,,,,,,,,0.04241071428571429,0.04241071428571429
c007,baking,F-new,main-baking-F-new-r0,False,gemma,3,mature6-10,7,7,conversation:c007:0,7,False,False,incomplete_or_mismatched_source_coverage,297,False,5516663.0,0.012410189418680601,0.09137383838856711,0.11851851851851852,0.11258278145695365,,,,0.041883455013650116,0.06622538485226773,3.5127557830002067,0.020863828022609363,0.05695317959468903,54,33.540571077198265,54,3.5366465827954006,34.351530811873296,0.064807,50,0.953199,49,edge:639599cd7bde5879390cd5b23b8a7c2929561a29cdd26102b77e277da4ca0913,0.0,2,1.0,0.0,0.0,1,,,,,,,,,,,,,,,,,,0.05870841487279843,0.18455640744797372,,,,,,,,0.12163241116038608,0.12163241116038608
c007,baking,F-new,main-baking-F-new-r0,False,gemma,5,mature6-10,7,7,conversation:c007:0,7,False,False,incomplete_or_mismatched_source_coverage,297,False,5516663.0,0.012410189418680601,0.09137383838856711,0.11851851851851852,0.1317365269461078,,,,0.041883455013650116,0.06622538485226773,3.5127557830002067,0.020863828022609363,0.05695317959468903,54,33.540571077198265,54,3.5366465827954006,34.351530811873296,0.064807,50,0.953199,49,edge:639599cd7bde5879390cd5b23b8a7c2929561a29cdd26102b77e277da4ca0913,0.0,2,1.0,0.0,0.0,1,,,,,,,,,,,,,,,,,,0.05870841487279843,0.18455640744797372,,,,,,,,0.12163241116038608,0.12163241116038608
c007,baking,F-new,main-baking-F-new-r0,False,combined,3,mature6-10,7,7,conversation:c007:0,7,False,False,incomplete_or_mismatched_source_coverage,323,False,5516663.0,0.012410189418680601,0.09137383838856711,0.11428571428571428,0.11612903225806452,,,,0.041883455013650116,0.06622538485226773,3.5127557830002067,0.020863828022609363,0.05695317959468903,54,33.540571077198265,54,3.5366465827954006,34.351530811873296,0.064807,50,0.953199,49,edge:639599cd7bde5879390cd5b23b8a7c2929561a29cdd26102b77e277da4ca0913,0.0,2,1.0,0.0,0.0,1,,,,,,,,,,,,,,,,,,0.054844606946983544,0.1799184505606524,,,,,,,,0.11738152875381797,0.11738152875381797
c007,baking,F-new,main-baking-F-new-r0,False,combined,5,mature6-10,7,7,conversation:c007:0,7,False,False,incomplete_or_mismatched_source_coverage,323,False,5516663.0,0.012410189418680601,0.09137383838856711,0.11428571428571428,0.13450292397660818,,,,0.041883455013650116,0.06622538485226773,3.5127557830002067,0.020863828022609363,0.05695317959468903,54,33.540571077198265,54,3.5366465827954006,34.351530811873296,0.064807,50,0.953199,49,edge:639599cd7bde5879390cd5b23b8a7c2929561a29cdd26102b77e277da4ca0913,0.0,2,1.0,0.0,0.0,1,,,,,,,,,,,,,,,,,,0.054844606946983544,0.1799184505606524,,,,,,,,0.11738152875381797,0.11738152875381797
c007,baking,F-new,main-baking-F-new-r0,False,participant,3,mature6-10,8,8,conversation:c007:0,8,False,True,,18,False,6333330.0,0.011757021554539516,0.09383663617155778,0.06976744186046512,0.10714285714285714,,,,0.041883455013650116,0.06622538485226773,3.5127557830002067,0.019220001129142836,0.05380852550663871,54,33.540571077198265,54,3.534441584569606,34.275869194901055,0.06493,51,0.963121,50,edge:62d966570215e4adc4841dcdfe206d2ea4d777d33bafee50983ccbd6ca60f181,0.0,3,1.0,0.0,0.0,2,0,0,,,,,,,,,,,,,,,,0.02564102564102564,0.09090909090909091,,,,,,,,0.05827505827505827,0.05827505827505827
c007,baking,F-new,main-baking-F-new-r0,False,participant,5,mature6-10,8,8,conversation:c007:0,8,False,True,,18,False,6333330.0,0.011757021554539516,0.09383663617155778,0.06976744186046512,0.09210526315789473,,,,0.041883455013650116,0.06622538485226773,3.5127557830002067,0.019220001129142836,0.05380852550663871,54,33.540571077198265,54,3.534441584569606,34.275869194901055,0.06493,51,0.963121,50,edge:62d966570215e4adc4841dcdfe206d2ea4d777d33bafee50983ccbd6ca60f181,0.0,3,1.0,0.0,0.0,2,0,0,,,,,,,,,,,,,,,,0.02564102564102564,0.09090909090909091,,,,,,,,0.05827505827505827,0.05827505827505827
c007,baking,F-new,main-baking-F-new-r0,False,gemma,3,mature6-10,8,8,conversation:c007:0,8,False,False,incomplete_or_mismatched_source_coverage,276,False,6333330.0,0.011757021554539516,0.09383663617155778,0.11965811965811966,0.10526315789473684,,,,0.041883455013650116,0.06622538485226773,3.5127557830002067,0.019220001129142836,0.05380852550663871,54,33.540571077198265,54,3.534441584569606,34.275869194901055,0.06493,51,0.963121,50,edge:62d966570215e4adc4841dcdfe206d2ea4d777d33bafee50983ccbd6ca60f181,0.0,3,1.0,0.0,0.0,2,,,,,,,,,,,,,,,,,,0.05450733752620545,0.16280384397964953,,,,,,,,0.1086555907529275,0.1086555907529275
c007,baking,F-new,main-baking-F-new-r0,False,gemma,5,mature6-10,8,8,conversation:c007:0,8,False,False,incomplete_or_mismatched_source_coverage,276,False,6333330.0,0.011757021554539516,0.09383663617155778,0.11965811965811966,0.12751677852348994,,,,0.041883455013650116,0.06622538485226773,3.5127557830002067,0.019220001129142836,0.05380852550663871,54,33.540571077198265,54,3.534441584569606,34.275869194901055,0.06493,51,0.963121,50,edge:62d966570215e4adc4841dcdfe206d2ea4d777d33bafee50983ccbd6ca60f181,0.0,3,1.0,0.0,0.0,2,,,,,,,,,,,,,,,,,,0.05450733752620545,0.16280384397964953,,,,,,,,0.1086555907529275,0.1086555907529275
c007,baking,F-new,main-baking-F-new-r0,False,combined,3,mature6-10,8,8,conversation:c007:0,8,False,False,incomplete_or_mismatched_source_coverage,294,False,6333330.0,0.011757021554539516,0.09383663617155778,0.12295081967213115,0.11678832116788321,,,,0.041883455013650116,0.06622538485226773,3.5127557830002067,0.019220001129142836,0.05380852550663871,54,33.540571077198265,54,3.534441584569606,34.275869194901055,0.06493,51,0.963121,50,edge:62d966570215e4adc4841dcdfe206d2ea4d777d33bafee50983ccbd6ca60f181,0.0,3,1.0,0.0,0.0,2,,,,,,,,,,,,,,,,,,0.050980392156862744,0.1552828175026681,,,,,,,,0.10313160482976541,0.10313160482976541
c007,baking,F-new,main-baking-F-new-r0,False,combined,5,mature6-10,8,8,conversation:c007:0,8,False,False,incomplete_or_mismatched_source_coverage,294,False,6333330.0,0.011757021554539516,0.09383663617155778,0.12295081967213115,0.14473684210526316,,,,0.041883455013650116,0.06622538485226773,3.5127557830002067,0.019220001129142836,0.05380852550663871,54,33.540571077198265,54,3.534441584569606,34.275869194901055,0.06493,51,0.963121,50,edge:62d966570215e4adc4841dcdfe206d2ea4d777d33bafee50983ccbd6ca60f181,0.0,3,1.0,0.0,0.0,2,,,,,,,,,,,,,,,,,,0.050980392156862744,0.1552828175026681,,,,,,,,0.10313160482976541,0.10313160482976541
c007,baking,F-new,main-baking-F-new-r0,False,participant,3,mature6-10,9,9,conversation:c007:0,9,False,False,incomplete_or_mismatched_source_coverage,22,False,4446426.0,0.011103853690398433,0.0906168849694045,0.0625,0.05,,,,0.041883455013650116,0.06622538485226773,3.5127557830002067,0.009405653786933114,0.013277428371767994,54,33.540571077198265,54,3.522670264188779,33.87476236733296,0.065592,52,0.974038,52,edge:f0113d9e90f605b4f996fd05b99ce37b53941488745fe4c4c8b7303d37faa3da,0.0,3,1.0,0.0,0.0,2,,,,,,,,,,,,,,,,,,0.0,0.03349282296650718,,,,,,,,0.01674641148325359,0.01674641148325359
c007,baking,F-new,main-baking-F-new-r0,False,participant,5,mature6-10,9,9,conversation:c007:0,9,False,False,incomplete_or_mismatched_source_coverage,22,False,4446426.0,0.011103853690398433,0.0906168849694045,0.0625,0.07317073170731707,,,,0.041883455013650116,0.06622538485226773,3.5127557830002067,0.009405653786933114,0.013277428371767994,54,33.540571077198265,54,3.522670264188779,33.87476236733296,0.065592,52,0.974038,52,edge:f0113d9e90f605b4f996fd05b99ce37b53941488745fe4c4c8b7303d37faa3da,0.0,3,1.0,0.0,0.0,2,,,,,,,,,,,,,,,,,,0.02564102564102564,0.0759493670886076,,,,,,,,0.05079519636481662,0.05079519636481662
c007,baking,F-new,main-baking-F-new-r0,False,gemma,3,mature6-10,9,9,conversation:c007:0,9,False,False,incomplete_or_mismatched_source_coverage,252,False,4446426.0,0.011103853690398433,0.0906168849694045,0.096,0.08759124087591241,,,,0.041883455013650116,0.06622538485226773,3.5127557830002067,0.009405653786933114,0.013277428371767994,54,33.540571077198265,54,3.522670264188779,33.87476236733296,0.065592,52,0.974038,52,edge:f0113d9e90f605b4f996fd05b99ce37b53941488745fe4c4c8b7303d37faa3da,0.0,3,1.0,0.0,0.0,2,,,,,,,,,,,,,,,,,,0.024390243902439025,0.14546561168594035,,,,,,,,0.08492792779418969,0.08492792779418969
c007,baking,F-new,main-baking-F-new-r0,False,gemma,5,mature6-10,9,9,conversation:c007:0,9,False,False,incomplete_or_mismatched_source_coverage,252,False,4446426.0,0.011103853690398433,0.0906168849694045,0.096,0.10126582278481013,,,,0.041883455013650116,0.06622538485226773,3.5127557830002067,0.009405653786933114,0.013277428371767994,54,33.540571077198265,54,3.522670264188779,33.87476236733296,0.065592,52,0.974038,52,edge:f0113d9e90f605b4f996fd05b99ce37b53941488745fe4c4c8b7303d37faa3da,0.0,3,1.0,0.0,0.0,2,,,,,,,,,,,,,,,,,,0.034324942791762014,0.16033254156769597,,,,,,,,0.09732874217972899,0.09732874217972899
c007,baking,F-new,main-baking-F-new-r0,False,combined,3,mature6-10,9,9,conversation:c007:0,9,False,False,incomplete_or_mismatched_source_coverage,274,False,4446426.0,0.011103853690398433,0.0906168849694045,0.0962962962962963,0.08108108108108109,,,,0.041883455013650116,0.06622538485226773,3.5127557830002067,0.009405653786933114,0.013277428371767994,54,33.540571077198265,54,3.522670264188779,33.87476236733296,0.065592,52,0.974038,52,edge:f0113d9e90f605b4f996fd05b99ce37b53941488745fe4c4c8b7303d37faa3da,0.0,3,1.0,0.0,0.0,2,,,,,,,,,,,,,,,,,,0.022540983606557378,0.14107648725212465,,,,,,,,0.08180873542934101,0.08180873542934101
c007,baking,F-new,main-baking-F-new-r0,False,combined,5,mature6-10,9,9,conversation:c007:0,9,False,False,incomplete_or_mismatched_source_coverage,274,False,4446426.0,0.011103853690398433,0.0906168849694045,0.0962962962962963,0.10778443113772455,,,,0.041883455013650116,0.06622538485226773,3.5127557830002067,0.009405653786933114,0.013277428371767994,54,33.540571077198265,54,3.522670264188779,33.87476236733296,0.065592,52,0.974038,52,edge:f0113d9e90f605b4f996fd05b99ce37b53941488745fe4c4c8b7303d37faa3da,0.0,3,1.0,0.0,0.0,2,,,,,,,,,,,,,,,,,,0.03347280334728033,0.16141304347826088,,,,,,,,0.09744292341277061,0.09744292341277061
c008,baking,F-same,main-baking-F-same-r0,False,participant,3,early1-3,1,1,conversation:c008:0,1,False,False,incomplete_or_mismatched_source_coverage,33,False,11066661.0,0.026779882429784456,0.04503672869563555,1.0,,,,,0.041883455013650116,0.06622538485226773,3.5127557830002067,0.030153307573866202,0.02236198462613557,54,33.540571077198265,54,3.5303893000358695,34.137254662727116,0.06416,51,0.936734,50,edge:62d966570215e4adc4841dcdfe206d2ea4d777d33bafee50983ccbd6ca60f181,,3,,,,2,,,,,,,,,,,,,,,,,,,,,,,,,,,,
c008,baking,F-same,main-baking-F-same-r0,False,participant,5,early1-3,1,1,conversation:c008:0,1,False,False,incomplete_or_mismatched_source_coverage,33,False,11066661.0,0.026779882429784456,0.04503672869563555,1.0,,,,,0.041883455013650116,0.06622538485226773,3.5127557830002067,0.030153307573866202,0.02236198462613557,54,33.540571077198265,54,3.5303893000358695,34.137254662727116,0.06416,51,0.936734,50,edge:62d966570215e4adc4841dcdfe206d2ea4d777d33bafee50983ccbd6ca60f181,,3,,,,2,,,,,,,,,,,,,,,,,,,,,,,,,,,,
c008,baking,F-same,main-baking-F-same-r0,False,gemma,3,early1-3,1,1,conversation:c008:0,1,False,False,incomplete_or_mismatched_source_coverage,255,False,11066661.0,0.026779882429784456,0.04503672869563555,0.1267605633802817,,,,,0.041883455013650116,0.06622538485226773,3.5127557830002067,0.030153307573866202,0.02236198462613557,54,33.540571077198265,54,3.5303893000358695,34.137254662727116,0.06416,51,0.936734,50,edge:62d966570215e4adc4841dcdfe206d2ea4d777d33bafee50983ccbd6ca60f181,,3,,,,2,,,,,,,,,,,,,,,,,,,,,,,,,,,,
c008,baking,F-same,main-baking-F-same-r0,False,gemma,5,early1-3,1,1,conversation:c008:0,1,False,False,incomplete_or_mismatched_source_coverage,255,False,11066661.0,0.026779882429784456,0.04503672869563555,0.1267605633802817,,,,,0.041883455013650116,0.06622538485226773,3.5127557830002067,0.030153307573866202,0.02236198462613557,54,33.540571077198265,54,3.5303893000358695,34.137254662727116,0.06416,51,0.936734,50,edge:62d966570215e4adc4841dcdfe206d2ea4d777d33bafee50983ccbd6ca60f181,,3,,,,2,,,,,,,,,,,,,,,,,,,,,,,,,,,,
c008,baking,F-same,main-baking-F-same-r0,False,combined,3,early1-3,1,1,conversation:c008:0,1,False,False,incomplete_or_mismatched_source_coverage,288,False,11066661.0,0.026779882429784456,0.04503672869563555,0.2112676056338028,,,,,0.041883455013650116,0.06622538485226773,3.5127557830002067,0.030153307573866202,0.02236198462613557,54,33.540571077198265,54,3.5303893000358695,34.137254662727116,0.06416,51,0.936734,50,edge:62d966570215e4adc4841dcdfe206d2ea4d777d33bafee50983ccbd6ca60f181,,3,,,,2,,,,,,,,,,,,,,,,,,,,,,,,,,,,
c008,baking,F-same,main-baking-F-same-r0,False,combined,5,early1-3,1,1,conversation:c008:0,1,False,False,incomplete_or_mismatched_source_coverage,288,False,11066661.0,0.026779882429784456,0.04503672869563555,0.2112676056338028,,,,,0.041883455013650116,0.06622538485226773,3.5127557830002067,0.030153307573866202,0.02236198462613557,54,33.540571077198265,54,3.5303893000358695,34.137254662727116,0.06416,51,0.936734,50,edge:62d966570215e4adc4841dcdfe206d2ea4d777d33bafee50983ccbd6ca60f181,,3,,,,2,,,,,,,,,,,,,,,,,,,,,,,,,,,,
c008,baking,F-same,main-baking-F-same-r0,False,participant,3,early1-3,2,2,conversation:c008:0,2,False,False,incomplete_or_mismatched_source_coverage,24,False,3016666.0,0.0045721750489875895,0.24452863895411928,0.15555555555555556,0.15555555555555556,,,,0.041883455013650116,0.06622538485226773,3.5127557830002067,2.3190116523512383e-05,0.0034940600978336828,54,33.540571077198265,54,3.5127280865554336,33.539642135488016,0.066226,54,1.0,53,edge:72f6d33bb8f0a7055eb5896c718bb77d18284a07f20ec48ae1136dd7a9f2a75f,,3,1.0,1.0,0.0,2,,,,,,,,,,,,,,,,,,0.0,0.08955223880597014,,,,,,,,0.04477611940298507,0.008955223880597015
c008,baking,F-same,main-baking-F-same-r0,False,participant,5,early1-3,2,2,conversation:c008:0,2,False,False,incomplete_or_mismatched_source_coverage,24,False,3016666.0,0.0045721750489875895,0.24452863895411928,0.15555555555555556,0.15555555555555556,,,,0.041883455013650116,0.06622538485226773,3.5127557830002067,2.3190116523512383e-05,0.0034940600978336828,54,33.540571077198265,54,3.5127280865554336,33.539642135488016,0.066226,54,1.0,53,edge:72f6d33bb8f0a7055eb5896c718bb77d18284a07f20ec48ae1136dd7a9f2a75f,,3,1.0,1.0,0.0,2,,,,,,,,,,,,,,,,,,0.0,0.08955223880597014,,,,,,,,0.04477611940298507,0.008955223880597015
c008,baking,F-same,main-baking-F-same-r0,False,gemma,3,early1-3,2,2,conversation:c008:0,2,False,False,incomplete_or_mismatched_source_coverage,247,False,3016666.0,0.0045721750489875895,0.24452863895411928,0.15328467153284672,0.15328467153284672,,,,0.041883455013650116,0.06622538485226773,3.5127557830002067,2.3190116523512383e-05,0.0034940600978336828,54,33.540571077198265,54,3.5127280865554336,33.539642135488016,0.066226,54,1.0,53,edge:72f6d33bb8f0a7055eb5896c718bb77d18284a07f20ec48ae1136dd7a9f2a75f,,3,1.0,1.0,0.0,2,,,,,,,,,,,,,,,,,,0.046153846153846156,0.19282511210762332,,,,,,,,0.11948947913073474,0.02389789582614695
c008,baking,F-same,main-baking-F-same-r0,False,gemma,5,early1-3,2,2,conversation:c008:0,2,False,False,incomplete_or_mismatched_source_coverage,247,False,3016666.0,0.0045721750489875895,0.24452863895411928,0.15328467153284672,0.15328467153284672,,,,0.041883455013650116,0.06622538485226773,3.5127557830002067,2.3190116523512383e-05,0.0034940600978336828,54,33.540571077198265,54,3.5127280865554336,33.539642135488016,0.066226,54,1.0,53,edge:72f6d33bb8f0a7055eb5896c718bb77d18284a07f20ec48ae1136dd7a9f2a75f,,3,1.0,1.0,0.0,2,,,,,,,,,,,,,,,,,,0.046153846153846156,0.19282511210762332,,,,,,,,0.11948947913073474,0.02389789582614695
c008,baking,F-same,main-baking-F-same-r0,False,combined,3,early1-3,2,2,conversation:c008:0,2,False,False,incomplete_or_mismatched_source_coverage,271,False,3016666.0,0.0045721750489875895,0.24452863895411928,0.15,0.15,,,,0.041883455013650116,0.06622538485226773,3.5127557830002067,2.3190116523512383e-05,0.0034940600978336828,54,33.540571077198265,54,3.5127280865554336,33.539642135488016,0.066226,54,1.0,53,edge:72f6d33bb8f0a7055eb5896c718bb77d18284a07f20ec48ae1136dd7a9f2a75f,,3,1.0,1.0,0.0,2,,,,,,,,,,,,,,,,,,0.04330708661417323,0.19624217118997914,,,,,,,,0.11977462890207619,0.023954925780415238
c008,baking,F-same,main-baking-F-same-r0,False,combined,5,early1-3,2,2,conversation:c008:0,2,False,False,incomplete_or_mismatched_source_coverage,271,False,3016666.0,0.0045721750489875895,0.24452863895411928,0.15,0.15,,,,0.041883455013650116,0.06622538485226773,3.5127557830002067,2.3190116523512383e-05,0.0034940600978336828,54,33.540571077198265,54,3.5127280865554336,33.539642135488016,0.066226,54,1.0,53,edge:72f6d33bb8f0a7055eb5896c718bb77d18284a07f20ec48ae1136dd7a9f2a75f,,3,1.0,1.0,0.0,2,,,,,,,,,,,,,,,,,,0.04330708661417323,0.19624217118997914,,,,,,,,0.11977462890207619,0.023954925780415238
c008,baking,F-same,main-baking-F-same-r0,False,participant,3,early1-3,3,3,conversation:c008:0,3,False,False,incomplete_or_mismatched_source_coverage,24,False,3033332.0,0.007184846505551927,0.15765013255567112,0.1276595744680851,0.2830188679245283,,,,0.041883455013650116,0.06622538485226773,3.5127557830002067,2.3190116523512383e-05,0.0034940600978336828,54,33.540571077198265,54,3.5127280865554336,33.539642135488016,0.066226,54,1.0,53,edge:4277c1b9cf38f6fe4d18d855232b0457d86ee215f1af70ac67d1ceb3d6cbb1c3,0.0,5,1.0,0.0,0.0,4,,,,,,,,,,,,,,,,,,0.2222222222222222,0.32663316582914576,,,,,,,,0.274427694025684,0.1097710776102736
c008,baking,F-same,main-baking-F-same-r0,False,participant,5,early1-3,3,3,conversation:c008:0,3,False,False,incomplete_or_mismatched_source_coverage,24,False,3033332.0,0.007184846505551927,0.15765013255567112,0.1276595744680851,0.2830188679245283,,,,0.041883455013650116,0.06622538485226773,3.5127557830002067,2.3190116523512383e-05,0.0034940600978336828,54,33.540571077198265,54,3.5127280865554336,33.539642135488016,0.066226,54,1.0,53,edge:4277c1b9cf38f6fe4d18d855232b0457d86ee215f1af70ac67d1ceb3d6cbb1c3,,5,1.0,0.0,0.0,4,,,,,,,,,,,,,,,,,,0.2222222222222222,0.32663316582914576,,,,,,,,0.274427694025684,0.1097710776102736
c008,baking,F-same,main-baking-F-same-r0,False,gemma,3,early1-3,3,3,conversation:c008:0,3,False,False,incomplete_or_mismatched_source_coverage,204,False,3033332.0,0.007184846505551927,0.15765013255567112,0.1504424778761062,0.2184873949579832,,,,0.041883455013650116,0.06622538485226773,3.5127557830002067,2.3190116523512383e-05,0.0034940600978336828,54,33.540571077198265,54,3.5127280865554336,33.539642135488016,0.066226,54,1.0,53,edge:4277c1b9cf38f6fe4d18d855232b0457d86ee215f1af70ac67d1ceb3d6cbb1c3,0.0,5,1.0,0.0,0.0,4,,,,,,,,,,,,,,,,,,0.07692307692307693,0.21160184574818722,,,,,,,,0.1442624613356321,0.05770498453425284
c008,baking,F-same,main-baking-F-same-r0,False,gemma,5,early1-3,3,3,conversation:c008:0,3,False,False,incomplete_or_mismatched_source_coverage,204,False,3033332.0,0.007184846505551927,0.15765013255567112,0.1504424778761062,0.2184873949579832,,,,0.041883455013650116,0.06622538485226773,3.5127557830002067,2.3190116523512383e-05,0.0034940600978336828,54,33.540571077198265,54,3.5127280865554336,33.539642135488016,0.066226,54,1.0,53,edge:4277c1b9cf38f6fe4d18d855232b0457d86ee215f1af70ac67d1ceb3d6cbb1c3,,5,1.0,0.0,0.0,4,,,,,,,,,,,,,,,,,,0.07692307692307693,0.21160184574818722,,,,,,,,0.1442624613356321,0.05770498453425284
c008,baking,F-same,main-baking-F-same-r0,False,combined,3,early1-3,3,3,conversation:c008:0,3,False,False,incomplete_or_mismatched_source_coverage,228,False,3033332.0,0.007184846505551927,0.15765013255567112,0.15,0.2540983606557377,,,,0.041883455013650116,0.06622538485226773,3.5127557830002067,2.3190116523512383e-05,0.0034940600978336828,54,33.540571077198265,54,3.5127280865554336,33.539642135488016,0.066226,54,1.0,53,edge:4277c1b9cf38f6fe4d18d855232b0457d86ee215f1af70ac67d1ceb3d6cbb1c3,0.0,5,1.0,0.0,0.0,4,,,,,,,,,,,,,,,,,,0.08899297423887588,0.2272167487684729,,,,,,,,0.1581048615036744,0.06324194460146976
c008,baking,F-same,main-baking-F-same-r0,False,combined,5,early1-3,3,3,conversation:c008:0,3,False,False,incomplete_or_mismatched_source_coverage,228,False,3033332.0,0.007184846505551927,0.15765013255567112,0.15,0.2540983606557377,,,,0.041883455013650116,0.06622538485226773,3.5127557830002067,2.3190116523512383e-05,0.0034940600978336828,54,33.540571077198265,54,3.5127280865554336,33.539642135488016,0.066226,54,1.0,53,edge:4277c1b9cf38f6fe4d18d855232b0457d86ee215f1af70ac67d1ceb3d6cbb1c3,,5,1.0,0.0,0.0,4,,,,,,,,,,,,,,,,,,0.08899297423887588,0.2272167487684729,,,,,,,,0.1581048615036744,0.06324194460146976
c008,baking,F-same,main-baking-F-same-r0,False,participant,3,middle4-5,4,4,conversation:c008:0,4,False,False,incomplete_or_mismatched_source_coverage,26,False,6258332.0,0.011757021554539516,0.09564702294127654,0.17777777777777778,0.3333333333333333,,,,0.041883455013650116,0.06622538485226773,3.5127557830002067,0.009406653786933115,0.006289308176100629,54,33.540571077198265,54,3.516040546187641,33.65092505447569,0.065592,53,0.9740369999999999,52,edge:d075f64e0c98430e686d9bfe3bc2f095967ecc5921071627ad4daec1334d6c57,0.0,5,1.0,0.6666666666666666,0.0,4,,,,,,,,,,,,,,,,,,0.2777777777777778,0.441340782122905,,,,,,,,0.3595592799503414,0.21573556797020485
c008,baking,F-same,main-baking-F-same-r0,False,participant,5,middle4-5,4,4,conversation:c008:0,4,False,False,incomplete_or_mismatched_source_coverage,26,False,6258332.0,0.011757021554539516,0.09564702294127654,0.17777777777777778,0.3333333333333333,,,,0.041883455013650116,0.06622538485226773,3.5127557830002067,0.009406653786933115,0.006289308176100629,54,33.540571077198265,54,3.516040546187641,33.65092505447569,0.065592,53,0.9740369999999999,52,edge:d075f64e0c98430e686d9bfe3bc2f095967ecc5921071627ad4daec1334d6c57,,5,1.0,0.6666666666666666,0.0,4,,,,,,,,,,,,,,,,,,0.2777777777777778,0.441340782122905,,,,,,,,0.3595592799503414,0.21573556797020485
c008,baking,F-same,main-baking-F-same-r0,False,gemma,3,middle4-5,4,4,conversation:c008:0,4,False,False,incomplete_or_mismatched_source_coverage,317,False,6258332.0,0.011757021554539516,0.09564702294127654,0.140625,0.2158273381294964,,,,0.041883455013650116,0.06622538485226773,3.5127557830002067,0.009406653786933115,0.006289308176100629,54,33.540571077198265,54,3.516040546187641,33.65092505447569,0.065592,53,0.9740369999999999,52,edge:d075f64e0c98430e686d9bfe3bc2f095967ecc5921071627ad4daec1334d6c57,0.0,5,1.0,0.6666666666666666,0.0,4,,,,,,,,,,,,,,,,,,0.0945054945054945,0.22158438576349024,,,,,,,,0.15804494013449238,0.09482696408069542
c008,baking,F-same,main-baking-F-same-r0,False,gemma,5,middle4-5,4,4,conversation:c008:0,4,False,False,incomplete_or_mismatched_source_coverage,317,False,6258332.0,0.011757021554539516,0.09564702294127654,0.140625,0.2158273381294964,,,,0.041883455013650116,0.06622538485226773,3.5127557830002067,0.009406653786933115,0.006289308176100629,54,33.540571077198265,54,3.516040546187641,33.65092505447569,0.065592,53,0.9740369999999999,52,edge:d075f64e0c98430e686d9bfe3bc2f095967ecc5921071627ad4daec1334d6c57,,5,1.0,0.6666666666666666,0.0,4,,,,,,,,,,,,,,,,,,0.0945054945054945,0.22158438576349024,,,,,,,,0.15804494013449238,0.09482696408069542
c008,baking,F-same,main-baking-F-same-r0,False,combined,3,middle4-5,4,4,conversation:c008:0,4,False,False,incomplete_or_mismatched_source_coverage,343,False,6258332.0,0.011757021554539516,0.09564702294127654,0.13333333333333333,0.24822695035460993,,,,0.041883455013650116,0.06622538485226773,3.5127557830002067,0.009406653786933115,0.006289308176100629,54,33.540571077198265,54,3.516040546187641,33.65092505447569,0.065592,53,0.9740369999999999,52,edge:d075f64e0c98430e686d9bfe3bc2f095967ecc5921071627ad4daec1334d6c57,0.0,5,1.0,0.6666666666666666,0.0,4,,,,,,,,,,,,,,,,,,0.10590631364562118,0.24019912881144992,,,,,,,,0.17305272122853554,0.10383163273712133
c008,baking,F-same,main-baking-F-same-r0,False,combined,5,middle4-5,4,4,conversation:c008:0,4,False,False,incomplete_or_mismatched_source_coverage,343,False,6258332.0,0.011757021554539516,0.09564702294127654,0.13333333333333333,0.24822695035460993,,,,0.041883455013650116,0.06622538485226773,3.5127557830002067,0.009406653786933115,0.006289308176100629,54,33.540571077198265,54,3.516040546187641,33.65092505447569,0.065592,53,0.9740369999999999,52,edge:d075f64e0c98430e686d9bfe3bc2f095967ecc5921071627ad4daec1334d6c57,,5,1.0,0.6666666666666666,0.0,4,,,,,,,,,,,,,,,,,,0.10590631364562118,0.24019912881144992,,,,,,,,0.17305272122853554,0.10383163273712133
c008,baking,F-same,main-baking-F-same-r0,False,participant,3,middle4-5,5,5,conversation:c008:0,5,False,False,incomplete_or_mismatched_source_coverage,26,False,3016666.0,0.006531678641410843,0.16211353583240254,0.1,0.4186046511627907,,,,0.041883455013650116,0.06622538485226773,3.5127557830002067,0.004765826893466577,0.008735150244584208,54,33.540571077198265,54,3.517711502983487,33.70720130087609,0.065907,53,0.9869559999999999,52,edge:e65a5e961a6bbf3e20dadabc05b3e6f3b24d709ce4f61f9de3994befdb262b30,0.0,2,1.0,0.0,0.0,1,,,,,,,,,,,,,,,,,,0.21052631578947367,0.3853658536585366,,,,,,,,0.29794608472400513,0.23835686777920412
c008,baking,F-same,main-baking-F-same-r0,False,participant,5,middle4-5,5,5,conversation:c008:0,5,False,False,incomplete_or_mismatched_source_coverage,26,False,3016666.0,0.006531678641410843,0.16211353583240254,0.1,0.28125,,,,0.041883455013650116,0.06622538485226773,3.5127557830002067,0.004765826893466577,0.008735150244584208,54,33.540571077198265,54,3.517711502983487,33.70720130087609,0.065907,53,0.9869559999999999,52,edge:e65a5e961a6bbf3e20dadabc05b3e6f3b24d709ce4f61f9de3994befdb262b30,0.0,2,1.0,0.0,0.0,1,,,,,,,,,,,,,,,,,,0.21052631578947367,0.3853658536585366,,,,,,,,0.29794608472400513,0.23835686777920412
c008,baking,F-same,main-baking-F-same-r0,False,gemma,3,middle4-5,5,5,conversation:c008:0,5,False,False,incomplete_or_mismatched_source_coverage,198,False,3016666.0,0.006531678641410843,0.16211353583240254,0.13725490196078433,0.1619047619047619,,,,0.041883455013650116,0.06622538485226773,3.5127557830002067,0.004765826893466577,0.008735150244584208,54,33.540571077198265,54,3.517711502983487,33.70720130087609,0.065907,53,0.9869559999999999,52,edge:e65a5e961a6bbf3e20dadabc05b3e6f3b24d709ce4f61f9de3994befdb262b30,0.0,2,1.0,0.0,0.0,1,,,,,,,,,,,,,,,,,,0.10703363914373089,0.22972972972972974,,,,,,,,0.16838168443673032,0.13470534754938426
c008,baking,F-same,main-baking-F-same-r0,False,gemma,5,middle4-5,5,5,conversation:c008:0,5,False,False,incomplete_or_mismatched_source_coverage,198,False,3016666.0,0.006531678641410843,0.16211353583240254,0.13725490196078433,0.19166666666666668,,,,0.041883455013650116,0.06622538485226773,3.5127557830002067,0.004765826893466577,0.008735150244584208,54,33.540571077198265,54,3.517711502983487,33.70720130087609,0.065907,53,0.9869559999999999,52,edge:e65a5e961a6bbf3e20dadabc05b3e6f3b24d709ce4f61f9de3994befdb262b30,0.0,2,1.0,0.0,0.0,1,,,,,,,,,,,,,,,,,,0.10703363914373089,0.22972972972972974,,,,,,,,0.16838168443673032,0.13470534754938426
c008,baking,F-same,main-baking-F-same-r0,False,combined,3,middle4-5,5,5,conversation:c008:0,5,False,False,incomplete_or_mismatched_source_coverage,224,False,3016666.0,0.006531678641410843,0.16211353583240254,0.12727272727272726,0.21495327102803738,,,,0.041883455013650116,0.06622538485226773,3.5127557830002067,0.004765826893466577,0.008735150244584208,54,33.540571077198265,54,3.517711502983487,33.70720130087609,0.065907,53,0.9869559999999999,52,edge:e65a5e961a6bbf3e20dadabc05b3e6f3b24d709ce4f61f9de3994befdb262b30,0.0,2,1.0,0.0,0.0,1,,,,,,,,,,,,,,,,,,0.12222222222222222,0.2509090909090909,,,,,,,,0.18656565656565657,0.14925252525252528
c008,baking,F-same,main-baking-F-same-r0,False,combined,5,middle4-5,5,5,conversation:c008:0,5,False,False,incomplete_or_mismatched_source_coverage,224,False,3016666.0,0.006531678641410843,0.16211353583240254,0.12727272727272726,0.23770491803278687,,,,0.041883455013650116,0.06622538485226773,3.5127557830002067,0.004765826893466577,0.008735150244584208,54,33.540571077198265,54,3.517711502983487,33.70720130087609,0.065907,53,0.9869559999999999,52,edge:e65a5e961a6bbf3e20dadabc05b3e6f3b24d709ce4f61f9de3994befdb262b30,0.0,2,1.0,0.0,0.0,1,,,,,,,,,,,,,,,,,,0.12222222222222222,0.2509090909090909,,,,,,,,0.18656565656565657,0.14925252525252528
c008,baking,F-same,main-baking-F-same-r0,False,participant,3,mature6-10,6,6,conversation:c008:0,6,False,False,incomplete_or_mismatched_source_coverage,26,False,4641664.0,0.009797517962116264,0.11948154480044884,0.1,0.391304347826087,,,,0.041883455013650116,0.06622538485226773,3.5127557830002067,2.3190116523512383e-05,0.0034940600978336828,54,33.540571077198265,54,3.5127280865554336,33.539642135488016,0.066226,54,1.0,53,edge:0008c7517f9963b3b8e7e39983f89fd2fba6d285fa5f717d84d4f2caa408a282,0.0,2,1.0,0.0,0.0,1,,,,,,,,,,,,,,,,,,0.2972972972972973,0.4057971014492754,,,,,,,,0.3515471993732864,0.3515471993732864
c008,baking,F-same,main-baking-F-same-r0,False,participant,5,mature6-10,6,6,conversation:c008:0,6,False,False,incomplete_or_mismatched_source_coverage,26,False,4641664.0,0.009797517962116264,0.11948154480044884,0.1,0.2714285714285714,,,,0.041883455013650116,0.06622538485226773,3.5127557830002067,2.3190116523512383e-05,0.0034940600978336828,54,33.540571077198265,54,3.5127280865554336,33.539642135488016,0.066226,54,1.0,53,edge:0008c7517f9963b3b8e7e39983f89fd2fba6d285fa5f717d84d4f2caa408a282,0.0,2,1.0,0.0,0.0,1,,,,,,,,,,,,,,,,,,0.2972972972972973,0.4057971014492754,,,,,,,,0.3515471993732864,0.3515471993732864
c008,baking,F-same,main-baking-F-same-r0,False,gemma,3,mature6-10,6,6,conversation:c008:0,6,False,False,incomplete_or_mismatched_source_coverage,186,False,4641664.0,0.009797517962116264,0.11948154480044884,0.10084033613445378,0.14754098360655737,,,,0.041883455013650116,0.06622538485226773,3.5127557830002067,2.3190116523512383e-05,0.0034940600978336828,54,33.540571077198265,54,3.5127280865554336,33.539642135488016,0.066226,54,1.0,53,edge:0008c7517f9963b3b8e7e39983f89fd2fba6d285fa5f717d84d4f2caa408a282,0.0,2,1.0,0.0,0.0,1,,,,,,,,,,,,,,,,,,0.03170028818443804,0.12750142938822184,,,,,,,,0.07960085878632994,0.07960085878632994
c008,baking,F-same,main-baking-F-same-r0,False,gemma,5,mature6-10,6,6,conversation:c008:0,6,False,False,incomplete_or_mismatched_source_coverage,186,False,4641664.0,0.009797517962116264,0.11948154480044884,0.10084033613445378,0.1702127659574468,,,,0.041883455013650116,0.06622538485226773,3.5127557830002067,2.3190116523512383e-05,0.0034940600978336828,54,33.540571077198265,54,3.5127280865554336,33.539642135488016,0.066226,54,1.0,53,edge:0008c7517f9963b3b8e7e39983f89fd2fba6d285fa5f717d84d4f2caa408a282,0.0,2,1.0,0.0,0.0,1,,,,,,,,,,,,,,,,,,0.03170028818443804,0.12750142938822184,,,,,,,,0.07960085878632994,0.07960085878632994
c008,baking,F-same,main-baking-F-same-r0,False,combined,3,mature6-10,6,6,conversation:c008:0,6,False,False,incomplete_or_mismatched_source_coverage,212,False,4641664.0,0.009797517962116264,0.11948154480044884,0.096,0.18699186991869918,,,,0.041883455013650116,0.06622538485226773,3.5127557830002067,2.3190116523512383e-05,0.0034940600978336828,54,33.540571077198265,54,3.5127280865554336,33.539642135488016,0.066226,54,1.0,53,edge:0008c7517f9963b3b8e7e39983f89fd2fba6d285fa5f717d84d4f2caa408a282,0.0,2,1.0,0.0,0.0,1,,,,,,,,,,,,,,,,,,0.04533333333333334,0.146875,,,,,,,,0.09610416666666667,0.09610416666666667
c008,baking,F-same,main-baking-F-same-r0,False,combined,5,mature6-10,6,6,conversation:c008:0,6,False,False,incomplete_or_mismatched_source_coverage,212,False,4641664.0,0.009797517962116264,0.11948154480044884,0.096,0.20422535211267606,,,,0.041883455013650116,0.06622538485226773,3.5127557830002067,2.3190116523512383e-05,0.0034940600978336828,54,33.540571077198265,54,3.5127280865554336,33.539642135488016,0.066226,54,1.0,53,edge:0008c7517f9963b3b8e7e39983f89fd2fba6d285fa5f717d84d4f2caa408a282,0.0,2,1.0,0.0,0.0,1,,,,,,,,,,,,,,,,,,0.04533333333333334,0.146875,,,,,,,,0.09610416666666667,0.09610416666666667
c008,baking,F-same,main-baking-F-same-r0,False,participant,3,mature6-10,7,7,conversation:c008:0,7,False,False,incomplete_or_mismatched_source_coverage,25,False,6658332.0,0.012410189418680601,0.08709418667616785,0.17777777777777778,0.3829787234042553,,,,0.041883455013650116,0.06622538485226773,3.5127557830002067,0.009406653786933115,0.006289308176100629,54,33.540571077198265,54,3.516040546187641,33.65092505447569,0.065592,53,0.9740369999999999,52,edge:639599cd7bde5879390cd5b23b8a7c2929561a29cdd26102b77e277da4ca0913,0.0,2,1.0,0.0,0.0,1,,,,,,,,,,,,,,,,,,0.23684210526315788,0.4444444444444444,,,,,,,,0.34064327485380114,0.34064327485380114
c008,baking,F-same,main-baking-F-same-r0,False,participant,5,mature6-10,7,7,conversation:c008:0,7,False,False,incomplete_or_mismatched_source_coverage,25,False,6658332.0,0.012410189418680601,0.08709418667616785,0.17777777777777778,0.3333333333333333,,,,0.041883455013650116,0.06622538485226773,3.5127557830002067,0.009406653786933115,0.006289308176100629,54,33.540571077198265,54,3.516040546187641,33.65092505447569,0.065592,53,0.9740369999999999,52,edge:639599cd7bde5879390cd5b23b8a7c2929561a29cdd26102b77e277da4ca0913,0.0,2,1.0,0.0,0.0,1,,,,,,,,,,,,,,,,,,0.2857142857142857,0.45977011494252873,,,,,,,,0.3727422003284072,0.3727422003284072
c008,baking,F-same,main-baking-F-same-r0,False,gemma,3,mature6-10,7,7,conversation:c008:0,7,False,False,incomplete_or_mismatched_source_coverage,198,False,6658332.0,0.012410189418680601,0.08709418667616785,0.1346153846153846,0.16071428571428573,,,,0.041883455013650116,0.06622538485226773,3.5127557830002067,0.009406653786933115,0.006289308176100629,54,33.540571077198265,54,3.516040546187641,33.65092505447569,0.065592,53,0.9740369999999999,52,edge:639599cd7bde5879390cd5b23b8a7c2929561a29cdd26102b77e277da4ca0913,0.0,2,1.0,0.0,0.0,1,,,,,,,,,,,,,,,,,,0.045023696682464455,0.16214511041009463,,,,,,,,0.10358440354627954,0.10358440354627954
c008,baking,F-same,main-baking-F-same-r0,False,gemma,5,mature6-10,7,7,conversation:c008:0,7,False,False,incomplete_or_mismatched_source_coverage,198,False,6658332.0,0.012410189418680601,0.08709418667616785,0.1346153846153846,0.16101694915254236,,,,0.041883455013650116,0.06622538485226773,3.5127557830002067,0.009406653786933115,0.006289308176100629,54,33.540571077198265,54,3.516040546187641,33.65092505447569,0.065592,53,0.9740369999999999,52,edge:639599cd7bde5879390cd5b23b8a7c2929561a29cdd26102b77e277da4ca0913,0.0,2,1.0,0.0,0.0,1,,,,,,,,,,,,,,,,,,0.045023696682464455,0.16214511041009463,,,,,,,,0.10358440354627954,0.10358440354627954
c008,baking,F-same,main-baking-F-same-r0,False,combined,3,mature6-10,7,7,conversation:c008:0,7,False,False,incomplete_or_mismatched_source_coverage,223,False,6658332.0,0.012410189418680601,0.08709418667616785,0.13636363636363635,0.20175438596491227,,,,0.041883455013650116,0.06622538485226773,3.5127557830002067,0.009406653786933115,0.006289308176100629,54,33.540571077198265,54,3.516040546187641,33.65092505447569,0.065592,53,0.9740369999999999,52,edge:639599cd7bde5879390cd5b23b8a7c2929561a29cdd26102b77e277da4ca0913,0.0,2,1.0,0.0,0.0,1,,,,,,,,,,,,,,,,,,0.05714285714285714,0.17912218268090155,,,,,,,,0.11813251991187934,0.11813251991187934
c008,baking,F-same,main-baking-F-same-r0,False,combined,5,mature6-10,7,7,conversation:c008:0,7,False,False,incomplete_or_mismatched_source_coverage,223,False,6658332.0,0.012410189418680601,0.08709418667616785,0.13636363636363635,0.2,,,,0.041883455013650116,0.06622538485226773,3.5127557830002067,0.009406653786933115,0.006289308176100629,54,33.540571077198265,54,3.516040546187641,33.65092505447569,0.065592,53,0.9740369999999999,52,edge:639599cd7bde5879390cd5b23b8a7c2929561a29cdd26102b77e277da4ca0913,0.0,2,1.0,0.0,0.0,1,,,,,,,,,,,,,,,,,,0.05714285714285714,0.17912218268090155,,,,,,,,0.11813251991187934,0.11813251991187934
c008,baking,F-same,main-baking-F-same-r0,False,participant,3,mature6-10,8,8,conversation:c008:0,8,False,False,incomplete_or_mismatched_source_coverage,27,False,4108329.0,0.012410189418680601,0.0950467960469188,0.14583333333333334,0.3958333333333333,,,,0.041883455013650116,0.06622538485226773,3.5127557830002067,0.012395480680399647,0.011530398322851153,54,33.540571077198265,54,3.5195783641271223,33.770186739486455,0.065384,52,0.96277,51,edge:72f6d33bb8f0a7055eb5896c718bb77d18284a07f20ec48ae1136dd7a9f2a75f,0.0,3,1.0,0.0,0.0,2,,,,,,,,,,,,,,,,,,0.4,0.4919786096256685,,,,,,,,0.4459893048128343,0.4459893048128343
c008,baking,F-same,main-baking-F-same-r0,False,participant,5,mature6-10,8,8,conversation:c008:0,8,False,False,incomplete_or_mismatched_source_coverage,27,False,4108329.0,0.012410189418680601,0.0950467960469188,0.14583333333333334,0.3333333333333333,,,,0.041883455013650116,0.06622538485226773,3.5127557830002067,0.012395480680399647,0.011530398322851153,54,33.540571077198265,54,3.5195783641271223,33.770186739486455,0.065384,52,0.96277,51,edge:72f6d33bb8f0a7055eb5896c718bb77d18284a07f20ec48ae1136dd7a9f2a75f,0.0,3,1.0,0.0,0.0,2,,,,,,,,,,,,,,,,,,0.4,0.4919786096256685,,,,,,,,0.4459893048128343,0.4459893048128343
c008,baking,F-same,main-baking-F-same-r0,False,gemma,3,mature6-10,8,8,conversation:c008:0,8,False,False,incomplete_or_mismatched_source_coverage,189,False,4108329.0,0.012410189418680601,0.0950467960469188,0.08490566037735849,0.14414414414414414,,,,0.041883455013650116,0.06622538485226773,3.5127557830002067,0.012395480680399647,0.011530398322851153,54,33.540571077198265,54,3.5195783641271223,33.770186739486455,0.065384,52,0.96277,51,edge:72f6d33bb8f0a7055eb5896c718bb77d18284a07f20ec48ae1136dd7a9f2a75f,0.0,3,1.0,0.0,0.0,2,,,,,,,,,,,,,,,,,,0.02373887240356083,0.14025623735670936,,,,,,,,0.0819975548801351,0.0819975548801351
c008,baking,F-same,main-baking-F-same-r0,False,gemma,5,mature6-10,8,8,conversation:c008:0,8,False,False,incomplete_or_mismatched_source_coverage,189,False,4108329.0,0.012410189418680601,0.0950467960469188,0.08490566037735849,0.13333333333333333,,,,0.041883455013650116,0.06622538485226773,3.5127557830002067,0.012395480680399647,0.011530398322851153,54,33.540571077198265,54,3.5195783641271223,33.770186739486455,0.065384,52,0.96277,51,edge:72f6d33bb8f0a7055eb5896c718bb77d18284a07f20ec48ae1136dd7a9f2a75f,0.0,3,1.0,0.0,0.0,2,,,,,,,,,,,,,,,,,,0.02373887240356083,0.14025623735670936,,,,,,,,0.0819975548801351,0.0819975548801351
c008,baking,F-same,main-baking-F-same-r0,False,combined,3,mature6-10,8,8,conversation:c008:0,8,False,False,incomplete_or_mismatched_source_coverage,216,False,4108329.0,0.012410189418680601,0.0950467960469188,0.09565217391304348,0.22123893805309736,,,,0.041883455013650116,0.06622538485226773,3.5127557830002067,0.012395480680399647,0.011530398322851153,54,33.540571077198265,54,3.5195783641271223,33.770186739486455,0.065384,52,0.96277,51,edge:72f6d33bb8f0a7055eb5896c718bb77d18284a07f20ec48ae1136dd7a9f2a75f,0.0,3,1.0,0.0,0.0,2,,,,,,,,,,,,,,,,,,0.057692307692307696,0.18333333333333332,,,,,,,,0.1205128205128205,0.1205128205128205
c008,baking,F-same,main-baking-F-same-r0,False,combined,5,mature6-10,8,8,conversation:c008:0,8,False,False,incomplete_or_mismatched_source_coverage,216,False,4108329.0,0.012410189418680601,0.0950467960469188,0.09565217391304348,0.20491803278688525,,,,0.041883455013650116,0.06622538485226773,3.5127557830002067,0.012395480680399647,0.011530398322851153,54,33.540571077198265,54,3.5195783641271223,33.770186739486455,0.065384,52,0.96277,51,edge:72f6d33bb8f0a7055eb5896c718bb77d18284a07f20ec48ae1136dd7a9f2a75f,0.0,3,1.0,0.0,0.0,2,,,,,,,,,,,,,,,,,,0.057692307692307696,0.18333333333333332,,,,,,,,0.1205128205128205,0.1205128205128205
c009,baking,S-rephrased,main-baking-S-rephrased-r0,False,participant,3,early1-3,1,1,conversation:c009:0,1,False,False,incomplete_or_mismatched_source_coverage,33,False,11066661.0,0.026779882429784456,0.04503672869563555,1.0,,,,,0.041883455013650116,0.06622538485226773,3.5127557830002067,0.030153307573866202,0.02236198462613557,54,33.540571077198265,54,3.5303893000358695,34.137254662727116,0.06416,51,0.936734,50,edge:62d966570215e4adc4841dcdfe206d2ea4d777d33bafee50983ccbd6ca60f181,,3,,,,2,,,,,,,,,,,,,,,,,,,,,,,,,,,,
c009,baking,S-rephrased,main-baking-S-rephrased-r0,False,participant,5,early1-3,1,1,conversation:c009:0,1,False,False,incomplete_or_mismatched_source_coverage,33,False,11066661.0,0.026779882429784456,0.04503672869563555,1.0,,,,,0.041883455013650116,0.06622538485226773,3.5127557830002067,0.030153307573866202,0.02236198462613557,54,33.540571077198265,54,3.5303893000358695,34.137254662727116,0.06416,51,0.936734,50,edge:62d966570215e4adc4841dcdfe206d2ea4d777d33bafee50983ccbd6ca60f181,,3,,,,2,,,,,,,,,,,,,,,,,,,,,,,,,,,,
c009,baking,S-rephrased,main-baking-S-rephrased-r0,False,gemma,3,early1-3,1,1,conversation:c009:0,1,False,False,incomplete_or_mismatched_source_coverage,255,False,11066661.0,0.026779882429784456,0.04503672869563555,0.1267605633802817,,,,,0.041883455013650116,0.06622538485226773,3.5127557830002067,0.030153307573866202,0.02236198462613557,54,33.540571077198265,54,3.5303893000358695,34.137254662727116,0.06416,51,0.936734,50,edge:62d966570215e4adc4841dcdfe206d2ea4d777d33bafee50983ccbd6ca60f181,,3,,,,2,,,,,,,,,,,,,,,,,,,,,,,,,,,,
c009,baking,S-rephrased,main-baking-S-rephrased-r0,False,gemma,5,early1-3,1,1,conversation:c009:0,1,False,False,incomplete_or_mismatched_source_coverage,255,False,11066661.0,0.026779882429784456,0.04503672869563555,0.1267605633802817,,,,,0.041883455013650116,0.06622538485226773,3.5127557830002067,0.030153307573866202,0.02236198462613557,54,33.540571077198265,54,3.5303893000358695,34.137254662727116,0.06416,51,0.936734,50,edge:62d966570215e4adc4841dcdfe206d2ea4d777d33bafee50983ccbd6ca60f181,,3,,,,2,,,,,,,,,,,,,,,,,,,,,,,,,,,,
c009,baking,S-rephrased,main-baking-S-rephrased-r0,False,combined,3,early1-3,1,1,conversation:c009:0,1,False,False,incomplete_or_mismatched_source_coverage,288,False,11066661.0,0.026779882429784456,0.04503672869563555,0.2112676056338028,,,,,0.041883455013650116,0.06622538485226773,3.5127557830002067,0.030153307573866202,0.02236198462613557,54,33.540571077198265,54,3.5303893000358695,34.137254662727116,0.06416,51,0.936734,50,edge:62d966570215e4adc4841dcdfe206d2ea4d777d33bafee50983ccbd6ca60f181,,3,,,,2,,,,,,,,,,,,,,,,,,,,,,,,,,,,
c009,baking,S-rephrased,main-baking-S-rephrased-r0,False,combined,5,early1-3,1,1,conversation:c009:0,1,False,False,incomplete_or_mismatched_source_coverage,288,False,11066661.0,0.026779882429784456,0.04503672869563555,0.2112676056338028,,,,,0.041883455013650116,0.06622538485226773,3.5127557830002067,0.030153307573866202,0.02236198462613557,54,33.540571077198265,54,3.5303893000358695,34.137254662727116,0.06416,51,0.936734,50,edge:62d966570215e4adc4841dcdfe206d2ea4d777d33bafee50983ccbd6ca60f181,,3,,,,2,,,,,,,,,,,,,,,,,,,,,,,,,,,,
c009,baking,S-rephrased,main-baking-S-rephrased-r0,False,participant,3,early1-3,2,2,conversation:c009:0,2,False,False,incomplete_or_mismatched_source_coverage,25,False,5646425.0,0.015022860875244938,0.06509756495229366,0.0851063829787234,0.0851063829787234,,,,0.041883455013650116,0.06622538485226773,3.5127557830002067,0.0139254806803996,0.011530398322851153,54,33.540571077198265,54,3.521007503942537,33.818483561164975,0.06528,52,0.9612400000000001,51,edge:72f6d33bb8f0a7055eb5896c718bb77d18284a07f20ec48ae1136dd7a9f2a75f,,3,1.0,1.0,0.0,2,,,,,,,,,,,,,,,,,,0.0,0.06884057971014493,,,,,,,,0.034420289855072464,0.0068840579710144935
c009,baking,S-rephrased,main-baking-S-rephrased-r0,False,participant,5,early1-3,2,2,conversation:c009:0,2,False,False,incomplete_or_mismatched_source_coverage,25,False,5646425.0,0.015022860875244938,0.06509756495229366,0.0851063829787234,0.0851063829787234,,,,0.041883455013650116,0.06622538485226773,3.5127557830002067,0.0139254806803996,0.011530398322851153,54,33.540571077198265,54,3.521007503942537,33.818483561164975,0.06528,52,0.9612400000000001,51,edge:72f6d33bb8f0a7055eb5896c718bb77d18284a07f20ec48ae1136dd7a9f2a75f,,3,1.0,1.0,0.0,2,,,,,,,,,,,,,,,,,,0.0,0.06884057971014493,,,,,,,,0.034420289855072464,0.0068840579710144935
c009,baking,S-rephrased,main-baking-S-rephrased-r0,False,gemma,3,early1-3,2,2,conversation:c009:0,2,False,False,incomplete_or_mismatched_source_coverage,246,False,5646425.0,0.015022860875244938,0.06509756495229366,0.17692307692307693,0.17692307692307693,,,,0.041883455013650116,0.06622538485226773,3.5127557830002067,0.0139254806803996,0.011530398322851153,54,33.540571077198265,54,3.521007503942537,33.818483561164975,0.06528,52,0.9612400000000001,51,edge:72f6d33bb8f0a7055eb5896c718bb77d18284a07f20ec48ae1136dd7a9f2a75f,,3,1.0,1.0,0.0,2,,,,,,,,,,,,,,,,,,0.028824833702882482,0.16161616161616163,,,,,,,,0.09522049765952206,0.019044099531904415
c009,baking,S-rephrased,main-baking-S-rephrased-r0,False,gemma,5,early1-3,2,2,conversation:c009:0,2,False,False,incomplete_or_mismatched_source_coverage,246,False,5646425.0,0.015022860875244938,0.06509756495229366,0.17692307692307693,0.17692307692307693,,,,0.041883455013650116,0.06622538485226773,3.5127557830002067,0.0139254806803996,0.011530398322851153,54,33.540571077198265,54,3.521007503942537,33.818483561164975,0.06528,52,0.9612400000000001,51,edge:72f6d33bb8f0a7055eb5896c718bb77d18284a07f20ec48ae1136dd7a9f2a75f,,3,1.0,1.0,0.0,2,,,,,,,,,,,,,,,,,,0.028824833702882482,0.16161616161616163,,,,,,,,0.09522049765952206,0.019044099531904415
c009,baking,S-rephrased,main-baking-S-rephrased-r0,False,combined,3,early1-3,2,2,conversation:c009:0,2,False,False,incomplete_or_mismatched_source_coverage,271,False,5646425.0,0.015022860875244938,0.06509756495229366,0.16546762589928057,0.16546762589928057,,,,0.041883455013650116,0.06622538485226773,3.5127557830002067,0.0139254806803996,0.011530398322851153,54,33.540571077198265,54,3.521007503942537,33.818483561164975,0.06528,52,0.9612400000000001,51,edge:72f6d33bb8f0a7055eb5896c718bb77d18284a07f20ec48ae1136dd7a9f2a75f,,3,1.0,1.0,0.0,2,,,,,,,,,,,,,,,,,,0.02564102564102564,0.1611740473738414,,,,,,,,0.09340753650743351,0.018681507301486704
c009,baking,S-rephrased,main-baking-S-rephrased-r0,False,combined,5,early1-3,2,2,conversation:c009:0,2,False,False,incomplete_or_mismatched_source_coverage,271,False,5646425.0,0.015022860875244938,0.06509756495229366,0.16546762589928057,0.16546762589928057,,,,0.041883455013650116,0.06622538485226773,3.5127557830002067,0.0139254806803996,0.011530398322851153,54,33.540571077198265,54,3.521007503942537,33.818483561164975,0.06528,52,0.9612400000000001,51,edge:72f6d33bb8f0a7055eb5896c718bb77d18284a07f20ec48ae1136dd7a9f2a75f,,3,1.0,1.0,0.0,2,,,,,,,,,,,,,,,,,,0.02564102564102564,0.1611740473738414,,,,,,,,0.09340753650743351,0.018681507301486704
c009,baking,S-rephrased,main-baking-S-rephrased-r0,False,participant,3,early1-3,3,3,conversation:c009:0,3,False,True,,27,False,8758329.0,0.018288700195950358,0.06559567816679718,0.14,0.15625,,,,0.041883455013650116,0.06622538485226773,3.5127557830002067,0.003179826893466554,0.008735150244584208,54,33.540571077198265,54,3.5162843277445996,33.65912952938777,0.066013,53,0.988542,52,edge:4277c1b9cf38f6fe4d18d855232b0457d86ee215f1af70ac67d1ceb3d6cbb1c3,0.0,5,1.0,0.0,0.0,4,0,0,,,,,,,,,,,,,,,,0.0,0.0782312925170068,,,,,,,,0.0391156462585034,0.015646258503401362
c009,baking,S-rephrased,main-baking-S-rephrased-r0,False,participant,5,early1-3,3,3,conversation:c009:0,3,False,True,,27,False,8758329.0,0.018288700195950358,0.06559567816679718,0.14,0.15625,,,,0.041883455013650116,0.06622538485226773,3.5127557830002067,0.003179826893466554,0.008735150244584208,54,33.540571077198265,54,3.5162843277445996,33.65912952938777,0.066013,53,0.988542,52,edge:4277c1b9cf38f6fe4d18d855232b0457d86ee215f1af70ac67d1ceb3d6cbb1c3,,5,1.0,0.0,0.0,4,0,0,,,,,,,,,,,,,,,,0.0,0.0782312925170068,,,,,,,,0.0391156462585034,0.015646258503401362
c009,baking,S-rephrased,main-baking-S-rephrased-r0,False,gemma,3,early1-3,3,3,conversation:c009:0,3,False,False,incomplete_or_mismatched_source_coverage,282,False,8758329.0,0.018288700195950358,0.06559567816679718,0.1342281879194631,0.16981132075471697,,,,0.041883455013650116,0.06622538485226773,3.5127557830002067,0.003179826893466554,0.008735150244584208,54,33.540571077198265,54,3.5162843277445996,33.65912952938777,0.066013,53,0.988542,52,edge:4277c1b9cf38f6fe4d18d855232b0457d86ee215f1af70ac67d1ceb3d6cbb1c3,0.0,5,1.0,0.0,0.0,4,,,,,,,,,,,,,,,,,,0.07291666666666667,0.18756476683937823,,,,,,,,0.13024071675302246,0.052096286701208985
c009,baking,S-rephrased,main-baking-S-rephrased-r0,False,gemma,5,early1-3,3,3,conversation:c009:0,3,False,False,incomplete_or_mismatched_source_coverage,282,False,8758329.0,0.018288700195950358,0.06559567816679718,0.1342281879194631,0.16981132075471697,,,,0.041883455013650116,0.06622538485226773,3.5127557830002067,0.003179826893466554,0.008735150244584208,54,33.540571077198265,54,3.5162843277445996,33.65912952938777,0.066013,53,0.988542,52,edge:4277c1b9cf38f6fe4d18d855232b0457d86ee215f1af70ac67d1ceb3d6cbb1c3,,5,1.0,0.0,0.0,4,,,,,,,,,,,,,,,,,,0.07291666666666667,0.18756476683937823,,,,,,,,0.13024071675302246,0.052096286701208985
c009,baking,S-rephrased,main-baking-S-rephrased-r0,False,combined,3,early1-3,3,3,conversation:c009:0,3,False,False,incomplete_or_mismatched_source_coverage,309,False,8758329.0,0.018288700195950358,0.06559567816679718,0.12121212121212122,0.1744186046511628,,,,0.041883455013650116,0.06622538485226773,3.5127557830002067,0.003179826893466554,0.008735150244584208,54,33.540571077198265,54,3.5162843277445996,33.65912952938777,0.066013,53,0.988542,52,edge:4277c1b9cf38f6fe4d18d855232b0457d86ee215f1af70ac67d1ceb3d6cbb1c3,0.0,5,1.0,0.0,0.0,4,,,,,,,,,,,,,,,,,,0.06691449814126393,0.18401135288552506,,,,,,,,0.1254629255133945,0.0501851702053578
c009,baking,S-rephrased,main-baking-S-rephrased-r0,False,combined,5,early1-3,3,3,conversation:c009:0,3,False,False,incomplete_or_mismatched_source_coverage,309,False,8758329.0,0.018288700195950358,0.06559567816679718,0.12121212121212122,0.1744186046511628,,,,0.041883455013650116,0.06622538485226773,3.5127557830002067,0.003179826893466554,0.008735150244584208,54,33.540571077198265,54,3.5162843277445996,33.65912952938777,0.066013,53,0.988542,52,edge:4277c1b9cf38f6fe4d18d855232b0457d86ee215f1af70ac67d1ceb3d6cbb1c3,,5,1.0,0.0,0.0,4,,,,,,,,,,,,,,,,,,0.06691449814126393,0.18401135288552506,,,,,,,,0.1254629255133945,0.0501851702053578
c009,baking,S-rephrased,main-baking-S-rephrased-r0,False,participant,3,middle4-5,4,4,conversation:c009:0,4,False,True,,29,False,1749998.0,0.005225342913128674,0.12925177842610022,0.20833333333333334,0.19480519480519481,,,,0.041883455013650116,0.06622538485226773,3.5127557830002067,2.165378693305773e-05,0.0034940600978336828,54,33.540571077198265,54,3.5127471526167704,33.5402816104583,0.066225,54,1.0,53,edge:7d497ab0de00336608711ee470cf00fe911f162fa9443682ca2bd163b3a9cf43,0.0,5,1.0,0.6666666666666666,0.0,4,0,0,,,,,,,,,,,,,,,,0.02040816326530612,0.08970099667774087,,,,,,,,0.05505457997152349,0.03303274798291409
c009,baking,S-rephrased,main-baking-S-rephrased-r0,False,participant,5,middle4-5,4,4,conversation:c009:0,4,False,True,,29,False,1749998.0,0.005225342913128674,0.12925177842610022,0.20833333333333334,0.19480519480519481,,,,0.041883455013650116,0.06622538485226773,3.5127557830002067,2.165378693305773e-05,0.0034940600978336828,54,33.540571077198265,54,3.5127471526167704,33.5402816104583,0.066225,54,1.0,53,edge:7d497ab0de00336608711ee470cf00fe911f162fa9443682ca2bd163b3a9cf43,,5,1.0,0.6666666666666666,0.0,4,0,0,,,,,,,,,,,,,,,,0.02040816326530612,0.08970099667774087,,,,,,,,0.05505457997152349,0.03303274798291409
c009,baking,S-rephrased,main-baking-S-rephrased-r0,False,gemma,3,middle4-5,4,4,conversation:c009:0,4,False,False,incomplete_or_mismatched_source_coverage,295,False,1749998.0,0.005225342913128674,0.12925177842610022,0.11888111888111888,0.17575757575757575,,,,0.041883455013650116,0.06622538485226773,3.5127557830002067,2.165378693305773e-05,0.0034940600978336828,54,33.540571077198265,54,3.5127471526167704,33.5402816104583,0.066225,54,1.0,53,edge:7d497ab0de00336608711ee470cf00fe911f162fa9443682ca2bd163b3a9cf43,0.0,5,1.0,0.6666666666666666,0.0,4,,,,,,,,,,,,,,,,,,0.06318082788671024,0.18361737218251786,,,,,,,,0.12339910003461405,0.07403946002076843
c009,baking,S-rephrased,main-baking-S-rephrased-r0,False,gemma,5,middle4-5,4,4,conversation:c009:0,4,False,False,incomplete_or_mismatched_source_coverage,295,False,1749998.0,0.005225342913128674,0.12925177842610022,0.11888111888111888,0.17575757575757575,,,,0.041883455013650116,0.06622538485226773,3.5127557830002067,2.165378693305773e-05,0.0034940600978336828,54,33.540571077198265,54,3.5127471526167704,33.5402816104583,0.066225,54,1.0,53,edge:7d497ab0de00336608711ee470cf00fe911f162fa9443682ca2bd163b3a9cf43,,5,1.0,0.6666666666666666,0.0,4,,,,,,,,,,,,,,,,,,0.06318082788671024,0.18361737218251786,,,,,,,,0.12339910003461405,0.07403946002076843
c009,baking,S-rephrased,main-baking-S-rephrased-r0,False,combined,3,middle4-5,4,4,conversation:c009:0,4,False,False,incomplete_or_mismatched_source_coverage,324,False,1749998.0,0.005225342913128674,0.12925177842610022,0.12258064516129032,0.18857142857142858,,,,0.041883455013650116,0.06622538485226773,3.5127557830002067,2.165378693305773e-05,0.0034940600978336828,54,33.540571077198265,54,3.5127471526167704,33.5402816104583,0.066225,54,1.0,53,edge:7d497ab0de00336608711ee470cf00fe911f162fa9443682ca2bd163b3a9cf43,0.0,5,1.0,0.6666666666666666,0.0,4,,,,,,,,,,,,,,,,,,0.05870841487279843,0.18825301204819278,,,,,,,,0.1234807134604956,0.07408842807629736
c009,baking,S-rephrased,main-baking-S-rephrased-r0,False,combined,5,middle4-5,4,4,conversation:c009:0,4,False,False,incomplete_or_mismatched_source_coverage,324,False,1749998.0,0.005225342913128674,0.12925177842610022,0.12258064516129032,0.18857142857142858,,,,0.041883455013650116,0.06622538485226773,3.5127557830002067,2.165378693305773e-05,0.0034940600978336828,54,33.540571077198265,54,3.5127471526167704,33.5402816104583,0.066225,54,1.0,53,edge:7d497ab0de00336608711ee470cf00fe911f162fa9443682ca2bd163b3a9cf43,,5,1.0,0.6666666666666666,0.0,4,,,,,,,,,,,,,,,,,,0.05870841487279843,0.18825301204819278,,,,,,,,0.1234807134604956,0.07408842807629736
c009,baking,S-rephrased,main-baking-S-rephrased-r0,False,participant,3,middle4-5,5,5,conversation:c009:0,5,False,False,incomplete_or_mismatched_source_coverage,26,False,5971425.0,0.013716525146962769,0.10010137769074073,0.16666666666666666,0.14666666666666667,,,,0.041883455013650116,0.06622538485226773,3.5127557830002067,0.012395480680399647,0.011530398322851153,54,33.540571077198265,54,3.5195783641271223,33.770186739486455,0.065384,52,0.96277,51,edge:e65a5e961a6bbf3e20dadabc05b3e6f3b24d709ce4f61f9de3994befdb262b30,0.0,2,1.0,0.0,0.0,1,,,,,,,,,,,,,,,,,,0.0,0.056,,,,,,,,0.028,0.022400000000000003
c009,baking,S-rephrased,main-baking-S-rephrased-r0,False,participant,5,middle4-5,5,5,conversation:c009:0,5,False,False,incomplete_or_mismatched_source_coverage,26,False,5971425.0,0.013716525146962769,0.10010137769074073,0.16666666666666666,0.14444444444444443,,,,0.041883455013650116,0.06622538485226773,3.5127557830002067,0.012395480680399647,0.011530398322851153,54,33.540571077198265,54,3.5195783641271223,33.770186739486455,0.065384,52,0.96277,51,edge:e65a5e961a6bbf3e20dadabc05b3e6f3b24d709ce4f61f9de3994befdb262b30,0.0,2,1.0,0.0,0.0,1,,,,,,,,,,,,,,,,,,0.0,0.056,,,,,,,,0.028,0.022400000000000003
c009,baking,S-rephrased,main-baking-S-rephrased-r0,False,gemma,3,middle4-5,5,5,conversation:c009:0,5,False,False,incomplete_or_mismatched_source_coverage,327,False,5971425.0,0.013716525146962769,0.10010137769074073,0.10778443113772455,0.14361702127659576,,,,0.041883455013650116,0.06622538485226773,3.5127557830002067,0.012395480680399647,0.011530398322851153,54,33.540571077198265,54,3.5195783641271223,33.770186739486455,0.065384,52,0.96277,51,edge:e65a5e961a6bbf3e20dadabc05b3e6f3b24d709ce4f61f9de3994befdb262b30,0.0,2,1.0,0.0,0.0,1,,,,,,,,,,,,,,,,,,0.09248554913294797,0.23659147869674185,,,,,,,,0.16453851391484492,0.13163081113187594
c009,baking,S-rephrased,main-baking-S-rephrased-r0,False,gemma,5,middle4-5,5,5,conversation:c009:0,5,False,False,incomplete_or_mismatched_source_coverage,327,False,5971425.0,0.013716525146962769,0.10010137769074073,0.10778443113772455,0.1717171717171717,,,,0.041883455013650116,0.06622538485226773,3.5127557830002067,0.012395480680399647,0.011530398322851153,54,33.540571077198265,54,3.5195783641271223,33.770186739486455,0.065384,52,0.96277,51,edge:e65a5e961a6bbf3e20dadabc05b3e6f3b24d709ce4f61f9de3994befdb262b30,0.0,2,1.0,0.0,0.0,1,,,,,,,,,,,,,,,,,,0.09248554913294797,0.23659147869674185,,,,,,,,0.16453851391484492,0.13163081113187594
c009,baking,S-rephrased,main-baking-S-rephrased-r0,False,combined,3,middle4-5,5,5,conversation:c009:0,5,False,False,incomplete_or_mismatched_source_coverage,353,False,5971425.0,0.013716525146962769,0.10010137769074073,0.11363636363636363,0.15306122448979592,,,,0.041883455013650116,0.06622538485226773,3.5127557830002067,0.012395480680399647,0.011530398322851153,54,33.540571077198265,54,3.5195783641271223,33.770186739486455,0.065384,52,0.96277,51,edge:e65a5e961a6bbf3e20dadabc05b3e6f3b24d709ce4f61f9de3994befdb262b30,0.0,2,1.0,0.0,0.0,1,,,,,,,,,,,,,,,,,,0.08611599297012303,0.2331653687585891,,,,,,,,0.15964068086435607,0.12771254469148485
c009,baking,S-rephrased,main-baking-S-rephrased-r0,False,combined,5,middle4-5,5,5,conversation:c009:0,5,False,False,incomplete_or_mismatched_source_coverage,353,False,5971425.0,0.013716525146962769,0.10010137769074073,0.11363636363636363,0.18536585365853658,,,,0.041883455013650116,0.06622538485226773,3.5127557830002067,0.012395480680399647,0.011530398322851153,54,33.540571077198265,54,3.5195783641271223,33.770186739486455,0.065384,52,0.96277,51,edge:e65a5e961a6bbf3e20dadabc05b3e6f3b24d709ce4f61f9de3994befdb262b30,0.0,2,1.0,0.0,0.0,1,,,,,,,,,,,,,,,,,,0.08611599297012303,0.2331653687585891,,,,,,,,0.15964068086435607,0.12771254469148485
c009,baking,S-rephrased,main-baking-S-rephrased-r0,False,participant,3,mature6-10,6,6,conversation:c009:0,6,False,True,,26,False,3999998.0,0.007184846505551927,0.15364594531265693,0.1276595744680851,0.1917808219178082,,,,0.041883455013650116,0.06622538485226773,3.5127557830002067,2.3190116523512383e-05,0.0034940600978336828,54,33.540571077198265,54,3.5127280865554336,33.539642135488016,0.066226,54,1.0,53,edge:0008c7517f9963b3b8e7e39983f89fd2fba6d285fa5f717d84d4f2caa408a282,0.0,2,1.0,0.0,0.0,1,0,0,,,,,,,,,,,,,,,,0.0,0.12790697674418605,,,,,,,,0.06395348837209303,0.06395348837209303
c009,baking,S-rephrased,main-baking-S-rephrased-r0,False,participant,5,mature6-10,6,6,conversation:c009:0,6,False,True,,26,False,3999998.0,0.007184846505551927,0.15364594531265693,0.1276595744680851,0.16494845360824742,,,,0.041883455013650116,0.06622538485226773,3.5127557830002067,2.3190116523512383e-05,0.0034940600978336828,54,33.540571077198265,54,3.5127280865554336,33.539642135488016,0.066226,54,1.0,53,edge:0008c7517f9963b3b8e7e39983f89fd2fba6d285fa5f717d84d4f2caa408a282,0.0,2,1.0,0.0,0.0,1,0,0,,,,,,,,,,,,,,,,0.0,0.12790697674418605,,,,,,,,0.06395348837209303,0.06395348837209303
c009,baking,S-rephrased,main-baking-S-rephrased-r0,False,gemma,3,mature6-10,6,6,conversation:c009:0,6,False,False,incomplete_or_mismatched_source_coverage,245,False,3999998.0,0.007184846505551927,0.15364594531265693,0.10218978102189781,0.15625,,,,0.041883455013650116,0.06622538485226773,3.5127557830002067,2.3190116523512383e-05,0.0034940600978336828,54,33.540571077198265,54,3.5127280865554336,33.539642135488016,0.066226,54,1.0,53,edge:0008c7517f9963b3b8e7e39983f89fd2fba6d285fa5f717d84d4f2caa408a282,0.0,2,1.0,0.0,0.0,1,,,,,,,,,,,,,,,,,,0.08714596949891068,0.22006651884700665,,,,,,,,0.15360624417295865,0.15360624417295865
c009,baking,S-rephrased,main-baking-S-rephrased-r0,False,gemma,5,mature6-10,6,6,conversation:c009:0,6,False,False,incomplete_or_mismatched_source_coverage,245,False,3999998.0,0.007184846505551927,0.15364594531265693,0.10218978102189781,0.1787709497206704,,,,0.041883455013650116,0.06622538485226773,3.5127557830002067,2.3190116523512383e-05,0.0034940600978336828,54,33.540571077198265,54,3.5127280865554336,33.539642135488016,0.066226,54,1.0,53,edge:0008c7517f9963b3b8e7e39983f89fd2fba6d285fa5f717d84d4f2caa408a282,0.0,2,1.0,0.0,0.0,1,,,,,,,,,,,,,,,,,,0.08714596949891068,0.22006651884700665,,,,,,,,0.15360624417295865,0.15360624417295865
c009,baking,S-rephrased,main-baking-S-rephrased-r0,False,combined,3,mature6-10,6,6,conversation:c009:0,6,False,False,incomplete_or_mismatched_source_coverage,271,False,3999998.0,0.007184846505551927,0.15364594531265693,0.10067114093959731,0.18562874251497005,,,,0.041883455013650116,0.06622538485226773,3.5127557830002067,2.3190116523512383e-05,0.0034940600978336828,54,33.540571077198265,54,3.5127280865554336,33.539642135488016,0.066226,54,1.0,53,edge:0008c7517f9963b3b8e7e39983f89fd2fba6d285fa5f717d84d4f2caa408a282,0.0,2,1.0,0.0,0.0,1,,,,,,,,,,,,,,,,,,0.07782101167315175,0.22066198595787362,,,,,,,,0.14924149881551269,0.14924149881551269
c009,baking,S-rephrased,main-baking-S-rephrased-r0,False,combined,5,mature6-10,6,6,conversation:c009:0,6,False,False,incomplete_or_mismatched_source_coverage,271,False,3999998.0,0.007184846505551927,0.15364594531265693,0.10067114093959731,0.21739130434782608,,,,0.041883455013650116,0.06622538485226773,3.5127557830002067,2.3190116523512383e-05,0.0034940600978336828,54,33.540571077198265,54,3.5127280865554336,33.539642135488016,0.066226,54,1.0,53,edge:0008c7517f9963b3b8e7e39983f89fd2fba6d285fa5f717d84d4f2caa408a282,0.0,2,1.0,0.0,0.0,1,,,,,,,,,,,,,,,,,,0.07782101167315175,0.22066198595787362,,,,,,,,0.14924149881551269,0.14924149881551269
c009,baking,S-rephrased,main-baking-S-rephrased-r0,False,participant,3,mature6-10,7,7,conversation:c009:0,7,False,False,incomplete_or_mismatched_source_coverage,22,False,5974996.0,0.013716525146962769,0.0806650916931032,0.0851063829787234,0.07792207792207792,,,,0.041883455013650116,0.06622538485226773,3.5127557830002067,0.009406653786933115,0.006289308176100629,54,33.540571077198265,54,3.516040546187641,33.65092505447569,0.065592,53,0.9740369999999999,52,edge:639599cd7bde5879390cd5b23b8a7c2929561a29cdd26102b77e277da4ca0913,0.0,2,1.0,0.0,0.0,1,,,,,,,,,,,,,,,,,,0.0,0.030716723549488054,,,,,,,,0.015358361774744027,0.015358361774744027
c009,baking,S-rephrased,main-baking-S-rephrased-r0,False,participant,5,mature6-10,7,7,conversation:c009:0,7,False,False,incomplete_or_mismatched_source_coverage,22,False,5974996.0,0.013716525146962769,0.0806650916931032,0.0851063829787234,0.07216494845360824,,,,0.041883455013650116,0.06622538485226773,3.5127557830002067,0.009406653786933115,0.006289308176100629,54,33.540571077198265,54,3.516040546187641,33.65092505447569,0.065592,53,0.9740369999999999,52,edge:639599cd7bde5879390cd5b23b8a7c2929561a29cdd26102b77e277da4ca0913,0.0,2,1.0,0.0,0.0,1,,,,,,,,,,,,,,,,,,0.0,0.08032128514056225,,,,,,,,0.040160642570281124,0.040160642570281124
c009,baking,S-rephrased,main-baking-S-rephrased-r0,False,gemma,3,mature6-10,7,7,conversation:c009:0,7,False,False,incomplete_or_mismatched_source_coverage,169,False,5974996.0,0.013716525146962769,0.0806650916931032,0.12380952380952381,0.1450381679389313,,,,0.041883455013650116,0.06622538485226773,3.5127557830002067,0.009406653786933115,0.006289308176100629,54,33.540571077198265,54,3.516040546187641,33.65092505447569,0.065592,53,0.9740369999999999,52,edge:639599cd7bde5879390cd5b23b8a7c2929561a29cdd26102b77e277da4ca0913,0.0,2,1.0,0.0,0.0,1,,,,,,,,,,,,,,,,,,0.12173913043478261,0.21601104209799862,,,,,,,,0.1688750862663906,0.1688750862663906
c009,baking,S-rephrased,main-baking-S-rephrased-r0,False,gemma,5,mature6-10,7,7,conversation:c009:0,7,False,False,incomplete_or_mismatched_source_coverage,169,False,5974996.0,0.013716525146962769,0.0806650916931032,0.12380952380952381,0.1793103448275862,,,,0.041883455013650116,0.06622538485226773,3.5127557830002067,0.009406653786933115,0.006289308176100629,54,33.540571077198265,54,3.516040546187641,33.65092505447569,0.065592,53,0.9740369999999999,52,edge:639599cd7bde5879390cd5b23b8a7c2929561a29cdd26102b77e277da4ca0913,0.0,2,1.0,0.0,0.0,1,,,,,,,,,,,,,,,,,,0.12173913043478261,0.21601104209799862,,,,,,,,0.1688750862663906,0.1688750862663906
c009,baking,S-rephrased,main-baking-S-rephrased-r0,False,combined,3,mature6-10,7,7,conversation:c009:0,7,False,False,incomplete_or_mismatched_source_coverage,191,False,5974996.0,0.013716525146962769,0.0806650916931032,0.1092436974789916,0.1388888888888889,,,,0.041883455013650116,0.06622538485226773,3.5127557830002067,0.009406653786933115,0.006289308176100629,54,33.540571077198265,54,3.516040546187641,33.65092505447569,0.065592,53,0.9740369999999999,52,edge:639599cd7bde5879390cd5b23b8a7c2929561a29cdd26102b77e277da4ca0913,0.0,2,1.0,0.0,0.0,1,,,,,,,,,,,,,,,,,,0.10714285714285714,0.20853658536585365,,,,,,,,0.1578397212543554,0.1578397212543554
c009,baking,S-rephrased,main-baking-S-rephrased-r0,False,combined,5,mature6-10,7,7,conversation:c009:0,7,False,False,incomplete_or_mismatched_source_coverage,191,False,5974996.0,0.013716525146962769,0.0806650916931032,0.1092436974789916,0.17088607594936708,,,,0.041883455013650116,0.06622538485226773,3.5127557830002067,0.009406653786933115,0.006289308176100629,54,33.540571077198265,54,3.516040546187641,33.65092505447569,0.065592,53,0.9740369999999999,52,edge:639599cd7bde5879390cd5b23b8a7c2929561a29cdd26102b77e277da4ca0913,0.0,2,1.0,0.0,0.0,1,,,,,,,,,,,,,,,,,,0.10714285714285714,0.20853658536585365,,,,,,,,0.1578397212543554,0.1578397212543554
c009,baking,S-rephrased,main-baking-S-rephrased-r0,False,participant,3,mature6-10,8,8,conversation:c009:0,8,False,True,,33,False,4541664.0,0.009144350097975179,0.12431623789753944,0.20408163265306123,0.15384615384615385,,,,0.041883455013650116,0.06622538485226773,3.5127557830002067,0.004765826893466577,0.008735150244584208,54,33.540571077198265,54,3.517711502983487,33.70720130087609,0.065907,53,0.9869559999999999,52,edge:72f6d33bb8f0a7055eb5896c718bb77d18284a07f20ec48ae1136dd7a9f2a75f,0.0,3,1.0,0.0,0.0,2,0,0,,,,,,,,,,,,,,,,0.0,0.06761565836298933,,,,,,,,0.033807829181494664,0.033807829181494664
c009,baking,S-rephrased,main-baking-S-rephrased-r0,False,participant,5,mature6-10,8,8,conversation:c009:0,8,False,True,,33,False,4541664.0,0.009144350097975179,0.12431623789753944,0.20408163265306123,0.17,,,,0.041883455013650116,0.06622538485226773,3.5127557830002067,0.004765826893466577,0.008735150244584208,54,33.540571077198265,54,3.517711502983487,33.70720130087609,0.065907,53,0.9869559999999999,52,edge:72f6d33bb8f0a7055eb5896c718bb77d18284a07f20ec48ae1136dd7a9f2a75f,0.0,3,1.0,0.0,0.0,2,0,0,,,,,,,,,,,,,,,,0.017543859649122806,0.10104529616724739,,,,,,,,0.0592945779081851,0.0592945779081851
c009,baking,S-rephrased,main-baking-S-rephrased-r0,False,gemma,3,mature6-10,8,8,conversation:c009:0,8,False,False,incomplete_or_mismatched_source_coverage,212,False,4541664.0,0.009144350097975179,0.12431623789753944,0.14018691588785046,0.13333333333333333,,,,0.041883455013650116,0.06622538485226773,3.5127557830002067,0.004765826893466577,0.008735150244584208,54,33.540571077198265,54,3.517711502983487,33.70720130087609,0.065907,53,0.9869559999999999,52,edge:72f6d33bb8f0a7055eb5896c718bb77d18284a07f20ec48ae1136dd7a9f2a75f,0.0,3,1.0,0.0,0.0,2,,,,,,,,,,,,,,,,,,0.15426997245179064,0.27468099395567497,,,,,,,,0.2144754832037328,0.2144754832037328
c009,baking,S-rephrased,main-baking-S-rephrased-r0,False,gemma,5,mature6-10,8,8,conversation:c009:0,8,False,False,incomplete_or_mismatched_source_coverage,212,False,4541664.0,0.009144350097975179,0.12431623789753944,0.14018691588785046,0.16129032258064516,,,,0.041883455013650116,0.06622538485226773,3.5127557830002067,0.004765826893466577,0.008735150244584208,54,33.540571077198265,54,3.517711502983487,33.70720130087609,0.065907,53,0.9869559999999999,52,edge:72f6d33bb8f0a7055eb5896c718bb77d18284a07f20ec48ae1136dd7a9f2a75f,0.0,3,1.0,0.0,0.0,2,,,,,,,,,,,,,,,,,,0.15426997245179064,0.27468099395567497,,,,,,,,0.2144754832037328,0.2144754832037328
c009,baking,S-rephrased,main-baking-S-rephrased-r0,False,combined,3,mature6-10,8,8,conversation:c009:0,8,False,False,incomplete_or_mismatched_source_coverage,245,False,4541664.0,0.009144350097975179,0.12431623789753944,0.14166666666666666,0.15862068965517243,,,,0.041883455013650116,0.06622538485226773,3.5127557830002067,0.004765826893466577,0.008735150244584208,54,33.540571077198265,54,3.517711502983487,33.70720130087609,0.065907,53,0.9869559999999999,52,edge:72f6d33bb8f0a7055eb5896c718bb77d18284a07f20ec48ae1136dd7a9f2a75f,0.0,3,1.0,0.0,0.0,2,,,,,,,,,,,,,,,,,,0.13270142180094788,0.2571090047393365,,,,,,,,0.1949052132701422,0.1949052132701422
c009,baking,S-rephrased,main-baking-S-rephrased-r0,False,combined,5,mature6-10,8,8,conversation:c009:0,8,False,False,incomplete_or_mismatched_source_coverage,245,False,4541664.0,0.009144350097975179,0.12431623789753944,0.14166666666666666,0.2037037037037037,,,,0.041883455013650116,0.06622538485226773,3.5127557830002067,0.004765826893466577,0.008735150244584208,54,33.540571077198265,54,3.517711502983487,33.70720130087609,0.065907,53,0.9869559999999999,52,edge:72f6d33bb8f0a7055eb5896c718bb77d18284a07f20ec48ae1136dd7a9f2a75f,0.0,3,1.0,0.0,0.0,2,,,,,,,,,,,,,,,,,,0.13270142180094788,0.2571090047393365,,,,,,,,0.1949052132701422,0.1949052132701422
c009,baking,S-rephrased,main-baking-S-rephrased-r0,False,participant,3,mature6-10,9,9,conversation:c009:0,9,False,True,,27,False,4799995.0,0.012410189418680601,0.10905566460287215,0.1,0.13157894736842105,,,,0.041883455013650116,0.06622538485226773,3.5127557830002067,0.003179826893466554,0.008735150244584208,54,33.540571077198265,54,3.5162843277445996,33.65912952938777,0.066013,53,0.988542,52,edge:0c2ebba1e4ea2c9344038e6ba01b958336320087df44d08e33bfc09da70f172e,0.0,2,1.0,0.0,0.0,1,0,0,,,,,,,,,,,,,,,,0.01818181818181818,0.040892193308550186,,,,,,,,0.029537005745184183,0.029537005745184183
c009,baking,S-rephrased,main-baking-S-rephrased-r0,False,participant,5,mature6-10,9,9,conversation:c009:0,9,False,True,,27,False,4799995.0,0.012410189418680601,0.10905566460287215,0.1,0.13861386138613863,,,,0.041883455013650116,0.06622538485226773,3.5127557830002067,0.003179826893466554,0.008735150244584208,54,33.540571077198265,54,3.5162843277445996,33.65912952938777,0.066013,53,0.988542,52,edge:0c2ebba1e4ea2c9344038e6ba01b958336320087df44d08e33bfc09da70f172e,0.0,2,1.0,0.0,0.0,1,0,0,,,,,,,,,,,,,,,,0.01818181818181818,0.05226480836236934,,,,,,,,0.035223313272093756,0.035223313272093756
c009,baking,S-rephrased,main-baking-S-rephrased-r0,False,gemma,3,mature6-10,9,9,conversation:c009:0,9,False,False,incomplete_or_mismatched_source_coverage,245,False,4799995.0,0.012410189418680601,0.10905566460287215,0.09859154929577464,0.13333333333333333,,,,0.041883455013650116,0.06622538485226773,3.5127557830002067,0.003179826893466554,0.008735150244584208,54,33.540571077198265,54,3.5162843277445996,33.65912952938777,0.066013,53,0.988542,52,edge:0c2ebba1e4ea2c9344038e6ba01b958336320087df44d08e33bfc09da70f172e,0.0,2,1.0,0.0,0.0,1,,,,,,,,,,,,,,,,,,0.11271676300578035,0.2429042904290429,,,,,,,,0.17781052671741163,0.17781052671741163
c009,baking,S-rephrased,main-baking-S-rephrased-r0,False,gemma,5,mature6-10,9,9,conversation:c009:0,9,False,False,incomplete_or_mismatched_source_coverage,245,False,4799995.0,0.012410189418680601,0.10905566460287215,0.09859154929577464,0.18681318681318682,,,,0.041883455013650116,0.06622538485226773,3.5127557830002067,0.003179826893466554,0.008735150244584208,54,33.540571077198265,54,3.5162843277445996,33.65912952938777,0.066013,53,0.988542,52,edge:0c2ebba1e4ea2c9344038e6ba01b958336320087df44d08e33bfc09da70f172e,0.0,2,1.0,0.0,0.0,1,,,,,,,,,,,,,,,,,,0.11271676300578035,0.2429042904290429,,,,,,,,0.17781052671741163,0.17781052671741163
c009,baking,S-rephrased,main-baking-S-rephrased-r0,False,combined,3,mature6-10,9,9,conversation:c009:0,9,False,False,incomplete_or_mismatched_source_coverage,272,False,4799995.0,0.012410189418680601,0.10905566460287215,0.09803921568627451,0.1569767441860465,,,,0.041883455013650116,0.06622538485226773,3.5127557830002067,0.003179826893466554,0.008735150244584208,54,33.540571077198265,54,3.5162843277445996,33.65912952938777,0.066013,53,0.988542,52,edge:0c2ebba1e4ea2c9344038e6ba01b958336320087df44d08e33bfc09da70f172e,0.0,2,1.0,0.0,0.0,1,,,,,,,,,,,,,,,,,,0.09974424552429667,0.23014018691588786,,,,,,,,0.16494221622009225,0.16494221622009225
c009,baking,S-rephrased,main-baking-S-rephrased-r0,False,combined,5,mature6-10,9,9,conversation:c009:0,9,False,False,incomplete_or_mismatched_source_coverage,272,False,4799995.0,0.012410189418680601,0.10905566460287215,0.09803921568627451,0.2127659574468085,,,,0.041883455013650116,0.06622538485226773,3.5127557830002067,0.003179826893466554,0.008735150244584208,54,33.540571077198265,54,3.5162843277445996,33.65912952938777,0.066013,53,0.988542,52,edge:0c2ebba1e4ea2c9344038e6ba01b958336320087df44d08e33bfc09da70f172e,0.0,2,1.0,0.0,0.0,1,,,,,,,,,,,,,,,,,,0.09974424552429667,0.23014018691588786,,,,,,,,0.16494221622009225,0.16494221622009225
c009,baking,S-rephrased,main-baking-S-rephrased-r0,False,participant,3,mature6-10,10,10,conversation:c009:0,10,False,False,incomplete_or_mismatched_source_coverage,27,False,10999996.0,0.022207707380796866,0.04775025419487276,0.0784313725490196,0.1282051282051282,,,,0.041883455013650116,0.06622538485226773,3.5127557830002067,0.009405653786933114,0.013277428371767994,54,33.540571077198265,54,3.522670264188779,33.87476236733296,0.065592,52,0.974038,51,edge:0008c7517f9963b3b8e7e39983f89fd2fba6d285fa5f717d84d4f2caa408a282,0.0,2,1.0,0.0,0.0,1,,,,,,,,,,,,,,,,,,0.02040816326530612,0.10380622837370242,,,,,,,,0.06210719581950427,0.06210719581950427
c009,baking,S-rephrased,main-baking-S-rephrased-r0,False,participant,5,mature6-10,10,10,conversation:c009:0,10,False,False,incomplete_or_mismatched_source_coverage,27,False,10999996.0,0.022207707380796866,0.04775025419487276,0.0784313725490196,0.09523809523809523,,,,0.041883455013650116,0.06622538485226773,3.5127557830002067,0.009405653786933114,0.013277428371767994,54,33.540571077198265,54,3.522670264188779,33.87476236733296,0.065592,52,0.974038,51,edge:0008c7517f9963b3b8e7e39983f89fd2fba6d285fa5f717d84d4f2caa408a282,0.19999999999999996,2,1.0,0.0,0.0,1,,,,,,,,,,,,,,,,,,0.02040816326530612,0.10380622837370242,,,,,,,,0.06210719581950427,0.06210719581950427
c009,baking,S-rephrased,main-baking-S-rephrased-r0,False,gemma,3,mature6-10,10,10,conversation:c009:0,10,False,False,incomplete_or_mismatched_source_coverage,214,False,10999996.0,0.022207707380796866,0.04775025419487276,0.1322314049586777,0.1643835616438356,,,,0.041883455013650116,0.06622538485226773,3.5127557830002067,0.009405653786933114,0.013277428371767994,54,33.540571077198265,54,3.522670264188779,33.87476236733296,0.065592,52,0.974038,51,edge:0008c7517f9963b3b8e7e39983f89fd2fba6d285fa5f717d84d4f2caa408a282,0.0,2,1.0,0.0,0.0,1,,,,,,,,,,,,,,,,,,0.09560723514211886,0.21169739351557534,,,,,,,,0.1536523143288471,0.1536523143288471
c009,baking,S-rephrased,main-baking-S-rephrased-r0,False,gemma,5,mature6-10,10,10,conversation:c009:0,10,False,False,incomplete_or_mismatched_source_coverage,214,False,10999996.0,0.022207707380796866,0.04775025419487276,0.1322314049586777,0.1588235294117647,,,,0.041883455013650116,0.06622538485226773,3.5127557830002067,0.009405653786933114,0.013277428371767994,54,33.540571077198265,54,3.522670264188779,33.87476236733296,0.065592,52,0.974038,51,edge:0008c7517f9963b3b8e7e39983f89fd2fba6d285fa5f717d84d4f2caa408a282,0.19999999999999996,2,1.0,0.0,0.0,1,,,,,,,,,,,,,,,,,,0.09560723514211886,0.21169739351557534,,,,,,,,0.1536523143288471,0.1536523143288471
c009,baking,S-rephrased,main-baking-S-rephrased-r0,False,combined,3,mature6-10,10,10,conversation:c009:0,10,False,False,incomplete_or_mismatched_source_coverage,241,False,10999996.0,0.022207707380796866,0.04775025419487276,0.12686567164179105,0.1794871794871795,,,,0.041883455013650116,0.06622538485226773,3.5127557830002067,0.009405653786933114,0.013277428371767994,54,33.540571077198265,54,3.522670264188779,33.87476236733296,0.065592,52,0.974038,51,edge:0008c7517f9963b3b8e7e39983f89fd2fba6d285fa5f717d84d4f2caa408a282,0.0,2,1.0,0.0,0.0,1,,,,,,,,,,,,,,,,,,0.08735632183908046,0.19865319865319866,,,,,,,,0.14300476024613956,0.14300476024613956
c009,baking,S-rephrased,main-baking-S-rephrased-r0,False,combined,5,mature6-10,10,10,conversation:c009:0,10,False,False,incomplete_or_mismatched_source_coverage,241,False,10999996.0,0.022207707380796866,0.04775025419487276,0.12686567164179105,0.17222222222222222,,,,0.041883455013650116,0.06622538485226773,3.5127557830002067,0.009405653786933114,0.013277428371767994,54,33.540571077198265,54,3.522670264188779,33.87476236733296,0.065592,52,0.974038,51,edge:0008c7517f9963b3b8e7e39983f89fd2fba6d285fa5f717d84d4f2caa408a282,0.19999999999999996,2,1.0,0.0,0.0,1,,,,,,,,,,,,,,,,,,0.08735632183908046,0.19865319865319866,,,,,,,,0.14300476024613956,0.14300476024613956
c201,network,F-new,main-network-F-new-r1,False,participant,3,early1-3,1,1,conversation:c201:0,1,False,True,,30,False,4941661.0,0.015022860875244938,0.07308717654071288,1.0,,,,,0.041883455013650116,0.06622538485226773,3.5127557830002067,0.0050366537869331015,0.013277428371767994,54,33.540571077198265,54,3.5185245414082225,33.73461769450448,0.065887,52,0.978407,51,edge:44f3ab3b090bf8d802781188c66a6cd61b8607f0cdf618569e1e7b0a1f8ea497,,2,,,,1,0,0,,,,,,,,,,,,,,,,,,,,,,,,,,
c201,network,F-new,main-network-F-new-r1,False,participant,5,early1-3,1,1,conversation:c201:0,1,False,True,,30,False,4941661.0,0.015022860875244938,0.07308717654071288,1.0,,,,,0.041883455013650116,0.06622538485226773,3.5127557830002067,0.0050366537869331015,0.013277428371767994,54,33.540571077198265,54,3.5185245414082225,33.73461769450448,0.065887,52,0.978407,51,edge:44f3ab3b090bf8d802781188c66a6cd61b8607f0cdf618569e1e7b0a1f8ea497,,2,,,,1,0,0,,,,,,,,,,,,,,,,,,,,,,,,,,
c201,network,F-new,main-network-F-new-r1,False,gemma,3,early1-3,1,1,conversation:c201:0,1,False,False,incomplete_or_mismatched_source_coverage,367,False,4941661.0,0.015022860875244938,0.07308717654071288,0.1144578313253012,,,,,0.041883455013650116,0.06622538485226773,3.5127557830002067,0.0050366537869331015,0.013277428371767994,54,33.540571077198265,54,3.5185245414082225,33.73461769450448,0.065887,52,0.978407,51,edge:44f3ab3b090bf8d802781188c66a6cd61b8607f0cdf618569e1e7b0a1f8ea497,,2,,,,1,,,,,,,,,,,,,,,,,,,,,,,,,,,,
c201,network,F-new,main-network-F-new-r1,False,gemma,5,early1-3,1,1,conversation:c201:0,1,False,False,incomplete_or_mismatched_source_coverage,367,False,4941661.0,0.015022860875244938,0.07308717654071288,0.1144578313253012,,,,,0.041883455013650116,0.06622538485226773,3.5127557830002067,0.0050366537869331015,0.013277428371767994,54,33.540571077198265,54,3.5185245414082225,33.73461769450448,0.065887,52,0.978407,51,edge:44f3ab3b090bf8d802781188c66a6cd61b8607f0cdf618569e1e7b0a1f8ea497,,2,,,,1,,,,,,,,,,,,,,,,,,,,,,,,,,,,
c201,network,F-new,main-network-F-new-r1,False,combined,3,early1-3,1,1,conversation:c201:0,1,False,False,incomplete_or_mismatched_source_coverage,397,False,4941661.0,0.015022860875244938,0.07308717654071288,0.1686746987951807,,,,,0.041883455013650116,0.06622538485226773,3.5127557830002067,0.0050366537869331015,0.013277428371767994,54,33.540571077198265,54,3.5185245414082225,33.73461769450448,0.065887,52,0.978407,51,edge:44f3ab3b090bf8d802781188c66a6cd61b8607f0cdf618569e1e7b0a1f8ea497,,2,,,,1,,,,,,,,,,,,,,,,,,,,,,,,,,,,
c201,network,F-new,main-network-F-new-r1,False,combined,5,early1-3,1,1,conversation:c201:0,1,False,False,incomplete_or_mismatched_source_coverage,397,False,4941661.0,0.015022860875244938,0.07308717654071288,0.1686746987951807,,,,,0.041883455013650116,0.06622538485226773,3.5127557830002067,0.0050366537869331015,0.013277428371767994,54,33.540571077198265,54,3.5185245414082225,33.73461769450448,0.065887,52,0.978407,51,edge:44f3ab3b090bf8d802781188c66a6cd61b8607f0cdf618569e1e7b0a1f8ea497,,2,,,,1,,,,,,,,,,,,,,,,,,,,,,,,,,,,
c201,network,F-new,main-network-F-new-r1,False,participant,3,early1-3,2,2,conversation:c201:0,2,False,False,incomplete_or_mismatched_source_coverage,22,False,3100000.0,0.0045721750489875895,0.2351716961498439,0.11904761904761904,0.11904761904761904,,,,0.041883455013650116,0.06622538485226773,3.5127557830002067,0.00191182689346654,0.008735150244584208,54,33.540571077198265,54,3.514988994626735,33.61555797012406,0.066098,53,0.9898100000000001,52,edge:44f3ab3b090bf8d802781188c66a6cd61b8607f0cdf618569e1e7b0a1f8ea497,,2,1.0,1.0,1.0,1,,,,,,,,,,,,,,,,,,0.0,0.05263157894736842,,,,,,,,0.02631578947368421,0.005263157894736842
c201,network,F-new,main-network-F-new-r1,False,participant,5,early1-3,2,2,conversation:c201:0,2,False,False,incomplete_or_mismatched_source_coverage,22,False,3100000.0,0.0045721750489875895,0.2351716961498439,0.11904761904761904,0.11904761904761904,,,,0.041883455013650116,0.06622538485226773,3.5127557830002067,0.00191182689346654,0.008735150244584208,54,33.540571077198265,54,3.514988994626735,33.61555797012406,0.066098,53,0.9898100000000001,52,edge:44f3ab3b090bf8d802781188c66a6cd61b8607f0cdf618569e1e7b0a1f8ea497,,2,1.0,1.0,1.0,1,,,,,,,,,,,,,,,,,,0.0,0.05263157894736842,,,,,,,,0.02631578947368421,0.005263157894736842
c201,network,F-new,main-network-F-new-r1,False,gemma,3,early1-3,2,2,conversation:c201:0,2,False,False,incomplete_or_mismatched_source_coverage,345,False,3100000.0,0.0045721750489875895,0.2351716961498439,0.10884353741496598,0.10884353741496598,,,,0.041883455013650116,0.06622538485226773,3.5127557830002067,0.00191182689346654,0.008735150244584208,54,33.540571077198265,54,3.514988994626735,33.61555797012406,0.066098,53,0.9898100000000001,52,edge:44f3ab3b090bf8d802781188c66a6cd61b8607f0cdf618569e1e7b0a1f8ea497,,2,1.0,1.0,1.0,1,,,,,,,,,,,,,,,,,,0.05451713395638629,0.1717815862893583,,,,,,,,0.1131493601228723,0.022629872024574463
c201,network,F-new,main-network-F-new-r1,False,gemma,5,early1-3,2,2,conversation:c201:0,2,False,False,incomplete_or_mismatched_source_coverage,345,False,3100000.0,0.0045721750489875895,0.2351716961498439,0.10884353741496598,0.10884353741496598,,,,0.041883455013650116,0.06622538485226773,3.5127557830002067,0.00191182689346654,0.008735150244584208,54,33.540571077198265,54,3.514988994626735,33.61555797012406,0.066098,53,0.9898100000000001,52,edge:44f3ab3b090bf8d802781188c66a6cd61b8607f0cdf618569e1e7b0a1f8ea497,,2,1.0,1.0,1.0,1,,,,,,,,,,,,,,,,,,0.05451713395638629,0.1717815862893583,,,,,,,,0.1131493601228723,0.022629872024574463
c201,network,F-new,main-network-F-new-r1,False,combined,3,early1-3,2,2,conversation:c201:0,2,False,False,incomplete_or_mismatched_source_coverage,367,False,3100000.0,0.0045721750489875895,0.2351716961498439,0.10256410256410256,0.10256410256410256,,,,0.041883455013650116,0.06622538485226773,3.5127557830002067,0.00191182689346654,0.008735150244584208,54,33.540571077198265,54,3.514988994626735,33.61555797012406,0.066098,53,0.9898100000000001,52,edge:44f3ab3b090bf8d802781188c66a6cd61b8607f0cdf618569e1e7b0a1f8ea497,,2,1.0,1.0,1.0,1,,,,,,,,,,,,,,,,,,0.05057803468208093,0.1667913238593867,,,,,,,,0.1086846792707338,0.021736935854146763
c201,network,F-new,main-network-F-new-r1,False,combined,5,early1-3,2,2,conversation:c201:0,2,False,False,incomplete_or_mismatched_source_coverage,367,False,3100000.0,0.0045721750489875895,0.2351716961498439,0.10256410256410256,0.10256410256410256,,,,0.041883455013650116,0.06622538485226773,3.5127557830002067,0.00191182689346654,0.008735150244584208,54,33.540571077198265,54,3.514988994626735,33.61555797012406,0.066098,53,0.9898100000000001,52,edge:44f3ab3b090bf8d802781188c66a6cd61b8607f0cdf618569e1e7b0a1f8ea497,,2,1.0,1.0,1.0,1,,,,,,,,,,,,,,,,,,0.05057803468208093,0.1667913238593867,,,,,,,,0.1086846792707338,0.021736935854146763
c201,network,F-new,main-network-F-new-r1,False,participant,3,early1-3,3,3,conversation:c201:0,3,False,False,incomplete_or_mismatched_source_coverage,21,False,5474998.0,0.011757021554539516,0.09329112269529707,0.06818181818181818,0.05172413793103448,,,,0.041883455013650116,0.06622538485226773,3.5127557830002067,0.006603653786933064,0.013277428371767994,54,33.540571077198265,54,3.519963300918717,33.78318862911379,0.065781,52,0.97684,51,edge:4277c1b9cf38f6fe4d18d855232b0457d86ee215f1af70ac67d1ceb3d6cbb1c3,0.33333333333333337,5,1.0,0.0,0.0,4,,,,,,,,,,,,,,,,,,0.0,0.039647577092511016,,,,,,,,0.019823788546255508,0.007929515418502203
c201,network,F-new,main-network-F-new-r1,False,participant,5,early1-3,3,3,conversation:c201:0,3,False,False,incomplete_or_mismatched_source_coverage,21,False,5474998.0,0.011757021554539516,0.09329112269529707,0.06818181818181818,0.05172413793103448,,,,0.041883455013650116,0.06622538485226773,3.5127557830002067,0.006603653786933064,0.013277428371767994,54,33.540571077198265,54,3.519963300918717,33.78318862911379,0.065781,52,0.97684,51,edge:4277c1b9cf38f6fe4d18d855232b0457d86ee215f1af70ac67d1ceb3d6cbb1c3,,5,1.0,0.0,0.0,4,,,,,,,,,,,,,,,,,,0.0,0.039647577092511016,,,,,,,,0.019823788546255508,0.007929515418502203
c201,network,F-new,main-network-F-new-r1,False,gemma,3,early1-3,3,3,conversation:c201:0,3,False,False,incomplete_or_mismatched_source_coverage,338,False,5474998.0,0.011757021554539516,0.09329112269529707,0.07534246575342465,0.06875,,,,0.041883455013650116,0.06622538485226773,3.5127557830002067,0.006603653786933064,0.013277428371767994,54,33.540571077198265,54,3.519963300918717,33.78318862911379,0.065781,52,0.97684,51,edge:4277c1b9cf38f6fe4d18d855232b0457d86ee215f1af70ac67d1ceb3d6cbb1c3,0.33333333333333337,5,1.0,0.0,0.0,4,,,,,,,,,,,,,,,,,,0.026533996683250415,0.13305084745762713,,,,,,,,0.07979242207043877,0.03191696882817551
c201,network,F-new,main-network-F-new-r1,False,gemma,5,early1-3,3,3,conversation:c201:0,3,False,False,incomplete_or_mismatched_source_coverage,338,False,5474998.0,0.011757021554539516,0.09329112269529707,0.07534246575342465,0.06875,,,,0.041883455013650116,0.06622538485226773,3.5127557830002067,0.006603653786933064,0.013277428371767994,54,33.540571077198265,54,3.519963300918717,33.78318862911379,0.065781,52,0.97684,51,edge:4277c1b9cf38f6fe4d18d855232b0457d86ee215f1af70ac67d1ceb3d6cbb1c3,,5,1.0,0.0,0.0,4,,,,,,,,,,,,,,,,,,0.026533996683250415,0.13305084745762713,,,,,,,,0.07979242207043877,0.03191696882817551
c201,network,F-new,main-network-F-new-r1,False,combined,3,early1-3,3,3,conversation:c201:0,3,False,False,incomplete_or_mismatched_source_coverage,359,False,5474998.0,0.011757021554539516,0.09329112269529707,0.07432432432432433,0.06790123456790123,,,,0.041883455013650116,0.06622538485226773,3.5127557830002067,0.006603653786933064,0.013277428371767994,54,33.540571077198265,54,3.519963300918717,33.78318862911379,0.065781,52,0.97684,51,edge:4277c1b9cf38f6fe4d18d855232b0457d86ee215f1af70ac67d1ceb3d6cbb1c3,0.33333333333333337,5,1.0,0.0,0.0,4,,,,,,,,,,,,,,,,,,0.02476780185758514,0.12800963081861957,,,,,,,,0.07638871633810236,0.030555486535240945
c201,network,F-new,main-network-F-new-r1,False,combined,5,early1-3,3,3,conversation:c201:0,3,False,False,incomplete_or_mismatched_source_coverage,359,False,5474998.0,0.011757021554539516,0.09329112269529707,0.07432432432432433,0.06790123456790123,,,,0.041883455013650116,0.06622538485226773,3.5127557830002067,0.006603653786933064,0.013277428371767994,54,33.540571077198265,54,3.519963300918717,33.78318862911379,0.065781,52,0.97684,51,edge:4277c1b9cf38f6fe4d18d855232b0457d86ee215f1af70ac67d1ceb3d6cbb1c3,,5,1.0,0.0,0.0,4,,,,,,,,,,,,,,,,,,0.02476780185758514,0.12800963081861957,,,,,,,,0.07638871633810236,0.030555486535240945
c201,network,F-new,main-network-F-new-r1,False,participant,3,middle4-5,4,4,conversation:c201:0,4,False,False,incomplete_or_mismatched_source_coverage,25,False,1350000.0,0.001959503592423253,0.5884773662551439,0.08888888888888889,0.19696969696969696,,,,0.041883455013650116,0.06622538485226773,3.5127557830002067,2.3190116523512383e-05,0.0034940600978336828,54,33.540571077198265,54,3.5127280865554336,33.539642135488016,0.066226,54,1.0,53,edge:f508c1eeff2ab6b0c245a5c3b84f41bdeef02dcf00b94278cadf40ea8f9928e8,0.0,2,1.0,0.0,0.0,1,,,,,,,,,,,,,,,,,,0.024390243902439025,0.0871559633027523,,,,,,,,0.05577310360259566,0.033463862161557396
c201,network,F-new,main-network-F-new-r1,False,participant,5,middle4-5,4,4,conversation:c201:0,4,False,False,incomplete_or_mismatched_source_coverage,25,False,1350000.0,0.001959503592423253,0.5884773662551439,0.08888888888888889,0.19696969696969696,,,,0.041883455013650116,0.06622538485226773,3.5127557830002067,2.3190116523512383e-05,0.0034940600978336828,54,33.540571077198265,54,3.5127280865554336,33.539642135488016,0.066226,54,1.0,53,edge:f508c1eeff2ab6b0c245a5c3b84f41bdeef02dcf00b94278cadf40ea8f9928e8,,2,1.0,0.0,0.0,1,,,,,,,,,,,,,,,,,,0.024390243902439025,0.0871559633027523,,,,,,,,0.05577310360259566,0.033463862161557396
c201,network,F-new,main-network-F-new-r1,False,gemma,3,middle4-5,4,4,conversation:c201:0,4,False,False,incomplete_or_mismatched_source_coverage,225,False,1350000.0,0.001959503592423253,0.5884773662551439,0.08403361344537816,0.16911764705882354,,,,0.041883455013650116,0.06622538485226773,3.5127557830002067,2.3190116523512383e-05,0.0034940600978336828,54,33.540571077198265,54,3.5127280865554336,33.539642135488016,0.066226,54,1.0,53,edge:f508c1eeff2ab6b0c245a5c3b84f41bdeef02dcf00b94278cadf40ea8f9928e8,0.0,2,1.0,0.0,0.0,1,,,,,,,,,,,,,,,,,,0.028747433264887063,0.14911366006256518,,,,,,,,0.08893054666372613,0.05335832799823568
c201,network,F-new,main-network-F-new-r1,False,gemma,5,middle4-5,4,4,conversation:c201:0,4,False,False,incomplete_or_mismatched_source_coverage,225,False,1350000.0,0.001959503592423253,0.5884773662551439,0.08403361344537816,0.16911764705882354,,,,0.041883455013650116,0.06622538485226773,3.5127557830002067,2.3190116523512383e-05,0.0034940600978336828,54,33.540571077198265,54,3.5127280865554336,33.539642135488016,0.066226,54,1.0,53,edge:f508c1eeff2ab6b0c245a5c3b84f41bdeef02dcf00b94278cadf40ea8f9928e8,,2,1.0,0.0,0.0,1,,,,,,,,,,,,,,,,,,0.028747433264887063,0.14911366006256518,,,,,,,,0.08893054666372613,0.05335832799823568
c201,network,F-new,main-network-F-new-r1,False,combined,3,middle4-5,4,4,conversation:c201:0,4,False,False,incomplete_or_mismatched_source_coverage,250,False,1350000.0,0.001959503592423253,0.5884773662551439,0.07936507936507936,0.18571428571428572,,,,0.041883455013650116,0.06622538485226773,3.5127557830002067,2.3190116523512383e-05,0.0034940600978336828,54,33.540571077198265,54,3.5127280865554336,33.539642135488016,0.066226,54,1.0,53,edge:f508c1eeff2ab6b0c245a5c3b84f41bdeef02dcf00b94278cadf40ea8f9928e8,0.0,2,1.0,0.0,0.0,1,,,,,,,,,,,,,,,,,,0.02835538752362949,0.15012345679012346,,,,,,,,0.08923942215687647,0.05354365329412588
c201,network,F-new,main-network-F-new-r1,False,combined,5,middle4-5,4,4,conversation:c201:0,4,False,False,incomplete_or_mismatched_source_coverage,250,False,1350000.0,0.001959503592423253,0.5884773662551439,0.07936507936507936,0.18571428571428572,,,,0.041883455013650116,0.06622538485226773,3.5127557830002067,2.3190116523512383e-05,0.0034940600978336828,54,33.540571077198265,54,3.5127280865554336,33.539642135488016,0.066226,54,1.0,53,edge:f508c1eeff2ab6b0c245a5c3b84f41bdeef02dcf00b94278cadf40ea8f9928e8,,2,1.0,0.0,0.0,1,,,,,,,,,,,,,,,,,,0.02835538752362949,0.15012345679012346,,,,,,,,0.08923942215687647,0.05354365329412588
c201,network,F-new,main-network-F-new-r1,False,participant,3,middle4-5,5,5,conversation:c201:0,5,False,False,incomplete_or_mismatched_source_coverage,20,False,2366666.0,0.007184846505551927,0.09779807136419034,0.11904761904761904,0.06557377049180328,,,,0.041883455013650116,0.06622538485226773,3.5127557830002067,0.009735518703704345,0.0143256464011181,54,33.540571077198265,54,3.505017361039201,33.28202165787077,0.07078,50,0.842913,50,edge:d4dfd250ba3e85a1d0068d7d642085ae42888f8d17a6494103df42d52cbcd0e9,0.0,2,1.0,0.0,0.0,1,,,,,,,,,,,,,,,,,,0.0,0.04065040650406504,,,,,,,,0.02032520325203252,0.016260162601626018
c201,network,F-new,main-network-F-new-r1,False,participant,5,middle4-5,5,5,conversation:c201:0,5,False,False,incomplete_or_mismatched_source_coverage,20,False,2366666.0,0.007184846505551927,0.09779807136419034,0.11904761904761904,0.0625,,,,0.041883455013650116,0.06622538485226773,3.5127557830002067,0.009735518703704345,0.0143256464011181,54,33.540571077198265,54,3.505017361039201,33.28202165787077,0.07078,50,0.842913,50,edge:d4dfd250ba3e85a1d0068d7d642085ae42888f8d17a6494103df42d52cbcd0e9,0.19999999999999996,2,1.0,0.0,0.0,1,,,,,,,,,,,,,,,,,,0.0,0.04065040650406504,,,,,,,,0.02032520325203252,0.016260162601626018
c201,network,F-new,main-network-F-new-r1,False,gemma,3,middle4-5,5,5,conversation:c201:0,5,False,False,incomplete_or_mismatched_source_coverage,311,False,2366666.0,0.007184846505551927,0.09779807136419034,0.09243697478991597,0.1044776119402985,,,,0.041883455013650116,0.06622538485226773,3.5127557830002067,0.009735518703704345,0.0143256464011181,54,33.540571077198265,54,3.505017361039201,33.28202165787077,0.07078,50,0.842913,50,edge:d4dfd250ba3e85a1d0068d7d642085ae42888f8d17a6494103df42d52cbcd0e9,0.0,2,1.0,0.0,0.0,1,,,,,,,,,,,,,,,,,,0.02613240418118467,0.1400900900900901,,,,,,,,0.08311124713563739,0.06648899770850991
c201,network,F-new,main-network-F-new-r1,False,gemma,5,middle4-5,5,5,conversation:c201:0,5,False,False,incomplete_or_mismatched_source_coverage,311,False,2366666.0,0.007184846505551927,0.09779807136419034,0.09243697478991597,0.12,,,,0.041883455013650116,0.06622538485226773,3.5127557830002067,0.009735518703704345,0.0143256464011181,54,33.540571077198265,54,3.505017361039201,33.28202165787077,0.07078,50,0.842913,50,edge:d4dfd250ba3e85a1d0068d7d642085ae42888f8d17a6494103df42d52cbcd0e9,0.19999999999999996,2,1.0,0.0,0.0,1,,,,,,,,,,,,,,,,,,0.02613240418118467,0.1400900900900901,,,,,,,,0.08311124713563739,0.06648899770850991
c201,network,F-new,main-network-F-new-r1,False,combined,3,middle4-5,5,5,conversation:c201:0,5,False,False,incomplete_or_mismatched_source_coverage,331,False,2366666.0,0.007184846505551927,0.09779807136419034,0.096,0.09929078014184398,,,,0.041883455013650116,0.06622538485226773,3.5127557830002067,0.009735518703704345,0.0143256464011181,54,33.540571077198265,54,3.505017361039201,33.28202165787077,0.07078,50,0.842913,50,edge:d4dfd250ba3e85a1d0068d7d642085ae42888f8d17a6494103df42d52cbcd0e9,0.0,2,1.0,0.0,0.0,1,,,,,,,,,,,,,,,,,,0.024429967426710098,0.13743676222596965,,,,,,,,0.08093336482633988,0.0647466918610719
c201,network,F-new,main-network-F-new-r1,False,combined,5,middle4-5,5,5,conversation:c201:0,5,False,False,incomplete_or_mismatched_source_coverage,331,False,2366666.0,0.007184846505551927,0.09779807136419034,0.096,0.12179487179487179,,,,0.041883455013650116,0.06622538485226773,3.5127557830002067,0.009735518703704345,0.0143256464011181,54,33.540571077198265,54,3.505017361039201,33.28202165787077,0.07078,50,0.842913,50,edge:d4dfd250ba3e85a1d0068d7d642085ae42888f8d17a6494103df42d52cbcd0e9,0.19999999999999996,2,1.0,0.0,0.0,1,,,,,,,,,,,,,,,,,,0.024429967426710098,0.13743676222596965,,,,,,,,0.08093336482633988,0.0647466918610719
c201,network,F-new,main-network-F-new-r1,False,participant,3,mature6-10,6,6,conversation:c201:0,6,False,False,incomplete_or_mismatched_source_coverage,20,False,5171428.0,0.010450685826257348,0.10339277337578333,0.06666666666666667,0.1111111111111111,,,,0.041883455013650116,0.06622538485226773,3.5127557830002067,0.06460269181023783,0.02026554856743536,54,33.540571077198265,54,3.4454812129864645,31.35836987130296,0.096989,51,0.7963239999999999,50,edge:639599cd7bde5879390cd5b23b8a7c2929561a29cdd26102b77e277da4ca0913,0.0,2,1.0,0.0,0.0,1,,,,,,,,,,,,,,,,,,0.02857142857142857,0.06938775510204082,,,,,,,,0.04897959183673469,0.04897959183673469
c201,network,F-new,main-network-F-new-r1,False,participant,5,mature6-10,6,6,conversation:c201:0,6,False,False,incomplete_or_mismatched_source_coverage,20,False,5171428.0,0.010450685826257348,0.10339277337578333,0.06666666666666667,0.07526881720430108,,,,0.041883455013650116,0.06622538485226773,3.5127557830002067,0.06460269181023783,0.02026554856743536,54,33.540571077198265,54,3.4454812129864645,31.35836987130296,0.096989,51,0.7963239999999999,50,edge:639599cd7bde5879390cd5b23b8a7c2929561a29cdd26102b77e277da4ca0913,0.0,2,1.0,0.0,0.0,1,,,,,,,,,,,,,,,,,,0.02857142857142857,0.06938775510204082,,,,,,,,0.04897959183673469,0.04897959183673469
c201,network,F-new,main-network-F-new-r1,False,gemma,3,mature6-10,6,6,conversation:c201:0,6,False,False,incomplete_or_mismatched_source_coverage,294,False,5171428.0,0.010450685826257348,0.10339277337578333,0.06422018348623854,0.09523809523809523,,,,0.041883455013650116,0.06622538485226773,3.5127557830002067,0.06460269181023783,0.02026554856743536,54,33.540571077198265,54,3.4454812129864645,31.35836987130296,0.096989,51,0.7963239999999999,50,edge:639599cd7bde5879390cd5b23b8a7c2929561a29cdd26102b77e277da4ca0913,0.0,2,1.0,0.0,0.0,1,,,,,,,,,,,,,,,,,,0.08026030368763558,0.21375358166189112,,,,,,,,0.14700694267476336,0.14700694267476336
c201,network,F-new,main-network-F-new-r1,False,gemma,5,mature6-10,6,6,conversation:c201:0,6,False,False,incomplete_or_mismatched_source_coverage,294,False,5171428.0,0.010450685826257348,0.10339277337578333,0.06422018348623854,0.09803921568627451,,,,0.041883455013650116,0.06622538485226773,3.5127557830002067,0.06460269181023783,0.02026554856743536,54,33.540571077198265,54,3.4454812129864645,31.35836987130296,0.096989,51,0.7963239999999999,50,edge:639599cd7bde5879390cd5b23b8a7c2929561a29cdd26102b77e277da4ca0913,0.0,2,1.0,0.0,0.0,1,,,,,,,,,,,,,,,,,,0.08026030368763558,0.21375358166189112,,,,,,,,0.14700694267476336,0.14700694267476336
c201,network,F-new,main-network-F-new-r1,False,combined,3,mature6-10,6,6,conversation:c201:0,6,False,False,incomplete_or_mismatched_source_coverage,314,False,5171428.0,0.010450685826257348,0.10339277337578333,0.06837606837606838,0.11363636363636363,,,,0.041883455013650116,0.06622538485226773,3.5127557830002067,0.06460269181023783,0.02026554856743536,54,33.540571077198265,54,3.4454812129864645,31.35836987130296,0.096989,51,0.7963239999999999,50,edge:639599cd7bde5879390cd5b23b8a7c2929561a29cdd26102b77e277da4ca0913,0.0,2,1.0,0.0,0.0,1,,,,,,,,,,,,,,,,,,0.07676767676767676,0.20755721128259713,,,,,,,,0.14216244402513695,0.14216244402513695
c201,network,F-new,main-network-F-new-r1,False,combined,5,mature6-10,6,6,conversation:c201:0,6,False,False,incomplete_or_mismatched_source_coverage,314,False,5171428.0,0.010450685826257348,0.10339277337578333,0.06837606837606838,0.11320754716981132,,,,0.041883455013650116,0.06622538485226773,3.5127557830002067,0.06460269181023783,0.02026554856743536,54,33.540571077198265,54,3.4454812129864645,31.35836987130296,0.096989,51,0.7963239999999999,50,edge:639599cd7bde5879390cd5b23b8a7c2929561a29cdd26102b77e277da4ca0913,0.0,2,1.0,0.0,0.0,1,,,,,,,,,,,,,,,,,,0.07676767676767676,0.20755721128259713,,,,,,,,0.14216244402513695,0.14216244402513695
c201,network,F-new,main-network-F-new-r1,False,participant,3,mature6-10,7,7,conversation:c201:0,7,False,True,,19,False,4988094.0,0.008491182233834096,0.138222668487796,0.06976744186046512,0.16393442622950818,,,,0.041883455013650116,0.06622538485226773,3.5127557830002067,2.3190116523512383e-05,0.0034940600978336828,54,33.540571077198265,54,3.5127280865554336,33.539642135488016,0.066226,54,1.0,53,edge:1d226b8ebd700c5afbfecfd6944ffb9095b4b1a79329e89684443f19b38d0a8b,0.0,2,1.0,0.0,0.0,1,0,0,,,,,,,,,,,,,,,,0.25,0.28426395939086296,,,,,,,,0.26713197969543145,0.26713197969543145
c201,network,F-new,main-network-F-new-r1,False,participant,5,mature6-10,7,7,conversation:c201:0,7,False,True,,19,False,4988094.0,0.008491182233834096,0.138222668487796,0.06976744186046512,0.12195121951219512,,,,0.041883455013650116,0.06622538485226773,3.5127557830002067,2.3190116523512383e-05,0.0034940600978336828,54,33.540571077198265,54,3.5127280865554336,33.539642135488016,0.066226,54,1.0,53,edge:1d226b8ebd700c5afbfecfd6944ffb9095b4b1a79329e89684443f19b38d0a8b,0.0,2,1.0,0.0,0.0,1,0,0,,,,,,,,,,,,,,,,0.25,0.28426395939086296,,,,,,,,0.26713197969543145,0.26713197969543145
c201,network,F-new,main-network-F-new-r1,False,gemma,3,mature6-10,7,7,conversation:c201:0,7,False,False,incomplete_or_mismatched_source_coverage,321,False,4988094.0,0.008491182233834096,0.138222668487796,0.07894736842105263,0.0962962962962963,,,,0.041883455013650116,0.06622538485226773,3.5127557830002067,2.3190116523512383e-05,0.0034940600978336828,54,33.540571077198265,54,3.5127280865554336,33.539642135488016,0.066226,54,1.0,53,edge:1d226b8ebd700c5afbfecfd6944ffb9095b4b1a79329e89684443f19b38d0a8b,0.0,2,1.0,0.0,0.0,1,,,,,,,,,,,,,,,,,,0.06378132118451026,0.18424170616113744,,,,,,,,0.12401151367282384,0.12401151367282384
c201,network,F-new,main-network-F-new-r1,False,gemma,5,mature6-10,7,7,conversation:c201:0,7,False,False,incomplete_or_mismatched_source_coverage,321,False,4988094.0,0.008491182233834096,0.138222668487796,0.07894736842105263,0.12666666666666668,,,,0.041883455013650116,0.06622538485226773,3.5127557830002067,2.3190116523512383e-05,0.0034940600978336828,54,33.540571077198265,54,3.5127280865554336,33.539642135488016,0.066226,54,1.0,53,edge:1d226b8ebd700c5afbfecfd6944ffb9095b4b1a79329e89684443f19b38d0a8b,0.0,2,1.0,0.0,0.0,1,,,,,,,,,,,,,,,,,,0.06378132118451026,0.18424170616113744,,,,,,,,0.12401151367282384,0.12401151367282384
c201,network,F-new,main-network-F-new-r1,False,combined,3,mature6-10,7,7,conversation:c201:0,7,False,False,incomplete_or_mismatched_source_coverage,340,False,4988094.0,0.008491182233834096,0.138222668487796,0.0847457627118644,0.11678832116788321,,,,0.041883455013650116,0.06622538485226773,3.5127557830002067,2.3190116523512383e-05,0.0034940600978336828,54,33.540571077198265,54,3.5127280865554336,33.539642135488016,0.066226,54,1.0,53,edge:1d226b8ebd700c5afbfecfd6944ffb9095b4b1a79329e89684443f19b38d0a8b,0.0,2,1.0,0.0,0.0,1,,,,,,,,,,,,,,,,,,0.07543103448275862,0.1927170868347339,,,,,,,,0.13407406065874627,0.13407406065874627
c201,network,F-new,main-network-F-new-r1,False,combined,5,mature6-10,7,7,conversation:c201:0,7,False,False,incomplete_or_mismatched_source_coverage,340,False,4988094.0,0.008491182233834096,0.138222668487796,0.0847457627118644,0.14473684210526316,,,,0.041883455013650116,0.06622538485226773,3.5127557830002067,2.3190116523512383e-05,0.0034940600978336828,54,33.540571077198265,54,3.5127280865554336,33.539642135488016,0.066226,54,1.0,53,edge:1d226b8ebd700c5afbfecfd6944ffb9095b4b1a79329e89684443f19b38d0a8b,0.0,2,1.0,0.0,0.0,1,,,,,,,,,,,,,,,,,,0.07543103448275862,0.1927170868347339,,,,,,,,0.13407406065874627,0.13407406065874627
c201,network,F-new,main-network-F-new-r1,False,participant,3,mature6-10,8,8,conversation:c201:0,8,False,True,,18,False,850000.0,0.002612671456564337,0.27335640138408307,0.1,0.11764705882352941,,,,0.041883455013650116,0.06622538485226773,3.5127557830002067,0.0009333075738661746,0.013277428371767994,54,33.540571077198265,54,3.513916637912306,33.57952942200585,0.066163,52,0.982522,51,edge:0c2ebba1e4ea2c9344038e6ba01b958336320087df44d08e33bfc09da70f172e,0.0,2,1.0,0.0,0.0,1,0,0,,,,,,,,,,,,,,,,0.03125,0.06698564593301436,,,,,,,,0.04911782296650718,0.04911782296650718
c201,network,F-new,main-network-F-new-r1,False,participant,5,mature6-10,8,8,conversation:c201:0,8,False,True,,18,False,850000.0,0.002612671456564337,0.27335640138408307,0.1,0.0875,,,,0.041883455013650116,0.06622538485226773,3.5127557830002067,0.0009333075738661746,0.013277428371767994,54,33.540571077198265,54,3.513916637912306,33.57952942200585,0.066163,52,0.982522,51,edge:0c2ebba1e4ea2c9344038e6ba01b958336320087df44d08e33bfc09da70f172e,0.0,2,1.0,0.0,0.0,1,0,0,,,,,,,,,,,,,,,,0.03125,0.08163265306122448,,,,,,,,0.05644132653061224,0.05644132653061224
c201,network,F-new,main-network-F-new-r1,False,gemma,3,mature6-10,8,8,conversation:c201:0,8,False,False,incomplete_or_mismatched_source_coverage,321,False,850000.0,0.002612671456564337,0.27335640138408307,0.07407407407407407,0.08403361344537816,,,,0.041883455013650116,0.06622538485226773,3.5127557830002067,0.0009333075738661746,0.013277428371767994,54,33.540571077198265,54,3.513916637912306,33.57952942200585,0.066163,52,0.982522,51,edge:0c2ebba1e4ea2c9344038e6ba01b958336320087df44d08e33bfc09da70f172e,0.0,2,1.0,0.0,0.0,1,,,,,,,,,,,,,,,,,,0.07226107226107226,0.2213267203967762,,,,,,,,0.14679389632892423,0.14679389632892423
c201,network,F-new,main-network-F-new-r1,False,gemma,5,mature6-10,8,8,conversation:c201:0,8,False,False,incomplete_or_mismatched_source_coverage,321,False,850000.0,0.002612671456564337,0.27335640138408307,0.07407407407407407,0.1357142857142857,,,,0.041883455013650116,0.06622538485226773,3.5127557830002067,0.0009333075738661746,0.013277428371767994,54,33.540571077198265,54,3.513916637912306,33.57952942200585,0.066163,52,0.982522,51,edge:0c2ebba1e4ea2c9344038e6ba01b958336320087df44d08e33bfc09da70f172e,0.0,2,1.0,0.0,0.0,1,,,,,,,,,,,,,,,,,,0.07226107226107226,0.2213267203967762,,,,,,,,0.14679389632892423,0.14679389632892423
c201,network,F-new,main-network-F-new-r1,False,combined,3,mature6-10,8,8,conversation:c201:0,8,False,False,incomplete_or_mismatched_source_coverage,339,False,850000.0,0.002612671456564337,0.27335640138408307,0.08108108108108109,0.09917355371900827,,,,0.041883455013650116,0.06622538485226773,3.5127557830002067,0.0009333075738661746,0.013277428371767994,54,33.540571077198265,54,3.513916637912306,33.57952942200585,0.066163,52,0.982522,51,edge:0c2ebba1e4ea2c9344038e6ba01b958336320087df44d08e33bfc09da70f172e,0.0,2,1.0,0.0,0.0,1,,,,,,,,,,,,,,,,,,0.07079646017699115,0.2195266272189349,,,,,,,,0.14516154369796302,0.14516154369796302
c201,network,F-new,main-network-F-new-r1,False,combined,5,mature6-10,8,8,conversation:c201:0,8,False,False,incomplete_or_mismatched_source_coverage,339,False,850000.0,0.002612671456564337,0.27335640138408307,0.08108108108108109,0.14788732394366197,,,,0.041883455013650116,0.06622538485226773,3.5127557830002067,0.0009333075738661746,0.013277428371767994,54,33.540571077198265,54,3.513916637912306,33.57952942200585,0.066163,52,0.982522,51,edge:0c2ebba1e4ea2c9344038e6ba01b958336320087df44d08e33bfc09da70f172e,0.0,2,1.0,0.0,0.0,1,,,,,,,,,,,,,,,,,,0.07079646017699115,0.2195266272189349,,,,,,,,0.14516154369796302,0.14516154369796302
c201,network,F-new,main-network-F-new-r1,False,participant,3,mature6-10,9,9,conversation:c201:0,9,False,True,,25,False,4333332.0,0.005878510777269758,0.17603558761956387,0.041666666666666664,0.03389830508474576,,,,0.041883455013650116,0.06622538485226773,3.5127557830002067,2.3190116523512383e-05,0.0034940600978336828,54,33.540571077198265,54,3.5127280865554336,33.539642135488016,0.066226,54,1.0,53,edge:5471fac5dcca87975d2a620236726d3815d8605432a34e252f44ded36c15e945,0.0,3,1.0,0.0,0.0,4,0,0,,,,,,,,,,,,,,,,0.0,0.011194029850746268,,,,,,,,0.005597014925373134,0.005597014925373134
c201,network,F-new,main-network-F-new-r1,False,participant,5,mature6-10,9,9,conversation:c201:0,9,False,True,,25,False,4333332.0,0.005878510777269758,0.17603558761956387,0.041666666666666664,0.06896551724137931,,,,0.041883455013650116,0.06622538485226773,3.5127557830002067,2.3190116523512383e-05,0.0034940600978336828,54,33.540571077198265,54,3.5127280865554336,33.539642135488016,0.066226,54,1.0,53,edge:5471fac5dcca87975d2a620236726d3815d8605432a34e252f44ded36c15e945,0.0,3,1.0,0.0,0.0,4,0,0,,,,,,,,,,,,,,,,0.0,0.07258064516129033,,,,,,,,0.036290322580645164,0.036290322580645164
c201,network,F-new,main-network-F-new-r1,False,gemma,3,mature6-10,9,9,conversation:c201:0,9,False,False,incomplete_or_mismatched_source_coverage,271,False,4333332.0,0.005878510777269758,0.17603558761956387,0.04504504504504504,0.06722689075630252,,,,0.041883455013650116,0.06622538485226773,3.5127557830002067,2.3190116523512383e-05,0.0034940600978336828,54,33.540571077198265,54,3.5127280865554336,33.539642135488016,0.066226,54,1.0,53,edge:5471fac5dcca87975d2a620236726d3815d8605432a34e252f44ded36c15e945,0.0,3,1.0,0.0,0.0,4,,,,,,,,,,,,,,,,,,0.015909090909090907,0.13151796060254925,,,,,,,,0.07371352575582008,0.07371352575582008
c201,network,F-new,main-network-F-new-r1,False,gemma,5,mature6-10,9,9,conversation:c201:0,9,False,False,incomplete_or_mismatched_source_coverage,271,False,4333332.0,0.005878510777269758,0.17603558761956387,0.04504504504504504,0.08904109589041095,,,,0.041883455013650116,0.06622538485226773,3.5127557830002067,2.3190116523512383e-05,0.0034940600978336828,54,33.540571077198265,54,3.5127280865554336,33.539642135488016,0.066226,54,1.0,53,edge:5471fac5dcca87975d2a620236726d3815d8605432a34e252f44ded36c15e945,0.0,3,1.0,0.0,0.0,4,,,,,,,,,,,,,,,,,,0.015909090909090907,0.13151796060254925,,,,,,,,0.07371352575582008,0.07371352575582008
c201,network,F-new,main-network-F-new-r1,False,combined,3,mature6-10,9,9,conversation:c201:0,9,False,False,incomplete_or_mismatched_source_coverage,296,False,4333332.0,0.005878510777269758,0.17603558761956387,0.04310344827586207,0.06451612903225806,,,,0.041883455013650116,0.06622538485226773,3.5127557830002067,2.3190116523512383e-05,0.0034940600978336828,54,33.540571077198265,54,3.5127280865554336,33.539642135488016,0.066226,54,1.0,53,edge:5471fac5dcca87975d2a620236726d3815d8605432a34e252f44ded36c15e945,0.0,3,1.0,0.0,0.0,4,,,,,,,,,,,,,,,,,,0.014830508474576272,0.12727272727272726,,,,,,,,0.07105161787365176,0.07105161787365176
c201,network,F-new,main-network-F-new-r1,False,combined,5,mature6-10,9,9,conversation:c201:0,9,False,False,incomplete_or_mismatched_source_coverage,296,False,4333332.0,0.005878510777269758,0.17603558761956387,0.04310344827586207,0.08609271523178808,,,,0.041883455013650116,0.06622538485226773,3.5127557830002067,2.3190116523512383e-05,0.0034940600978336828,54,33.540571077198265,54,3.5127280865554336,33.539642135488016,0.066226,54,1.0,53,edge:5471fac5dcca87975d2a620236726d3815d8605432a34e252f44ded36c15e945,0.0,3,1.0,0.0,0.0,4,,,,,,,,,,,,,,,,,,0.014830508474576272,0.12727272727272726,,,,,,,,0.07105161787365176,0.07105161787365176
c201,network,F-new,main-network-F-new-r1,False,participant,3,mature6-10,10,10,conversation:c201:0,10,False,False,incomplete_or_mismatched_source_coverage,26,False,5424997.0,0.011757021554539516,0.11705267629133122,0.08333333333333333,0.32142857142857145,,,,0.041883455013650116,0.06622538485226773,3.5127557830002067,0.003179826893466554,0.008735150244584208,54,33.540571077198265,54,3.5162843277445996,33.65912952938777,0.066013,53,0.988542,52,edge:a7bb6fd66c1380267906167f96fe97db5fc729f78a48f0a7c594039751604d0e,0.0,2,1.0,0.0,0.0,1,,,,,,,,,,,,,,,,,,0.23684210526315788,0.5303867403314917,,,,,,,,0.38361442279732477,0.38361442279732477
c201,network,F-new,main-network-F-new-r1,False,participant,5,mature6-10,10,10,conversation:c201:0,10,False,False,incomplete_or_mismatched_source_coverage,26,False,5424997.0,0.011757021554539516,0.11705267629133122,0.08333333333333333,0.23684210526315788,,,,0.041883455013650116,0.06622538485226773,3.5127557830002067,0.003179826893466554,0.008735150244584208,54,33.540571077198265,54,3.5162843277445996,33.65912952938777,0.066013,53,0.988542,52,edge:a7bb6fd66c1380267906167f96fe97db5fc729f78a48f0a7c594039751604d0e,0.0,2,1.0,0.0,0.0,1,,,,,,,,,,,,,,,,,,0.23684210526315788,0.5303867403314917,,,,,,,,0.38361442279732477,0.38361442279732477
c201,network,F-new,main-network-F-new-r1,False,gemma,3,mature6-10,10,10,conversation:c201:0,10,False,False,incomplete_or_mismatched_source_coverage,203,False,5424997.0,0.011757021554539516,0.11705267629133122,0.06837606837606838,0.176,,,,0.041883455013650116,0.06622538485226773,3.5127557830002067,0.003179826893466554,0.008735150244584208,54,33.540571077198265,54,3.5162843277445996,33.65912952938777,0.066013,53,0.988542,52,edge:a7bb6fd66c1380267906167f96fe97db5fc729f78a48f0a7c594039751604d0e,0.0,2,1.0,0.0,0.0,1,,,,,,,,,,,,,,,,,,0.15789473684210525,0.30598052851182195,,,,,,,,0.2319376326769636,0.2319376326769636
c201,network,F-new,main-network-F-new-r1,False,gemma,5,mature6-10,10,10,conversation:c201:0,10,False,False,incomplete_or_mismatched_source_coverage,203,False,5424997.0,0.011757021554539516,0.11705267629133122,0.06837606837606838,0.15172413793103448,,,,0.041883455013650116,0.06622538485226773,3.5127557830002067,0.003179826893466554,0.008735150244584208,54,33.540571077198265,54,3.5162843277445996,33.65912952938777,0.066013,53,0.988542,52,edge:a7bb6fd66c1380267906167f96fe97db5fc729f78a48f0a7c594039751604d0e,0.0,2,1.0,0.0,0.0,1,,,,,,,,,,,,,,,,,,0.15789473684210525,0.30598052851182195,,,,,,,,0.2319376326769636,0.2319376326769636
c201,network,F-new,main-network-F-new-r1,False,combined,3,mature6-10,10,10,conversation:c201:0,10,False,False,incomplete_or_mismatched_source_coverage,229,False,5424997.0,0.011757021554539516,0.11705267629133122,0.06611570247933884,0.17054263565891473,,,,0.041883455013650116,0.06622538485226773,3.5127557830002067,0.003179826893466554,0.008735150244584208,54,33.540571077198265,54,3.5162843277445996,33.65912952938777,0.066013,53,0.988542,52,edge:a7bb6fd66c1380267906167f96fe97db5fc729f78a48f0a7c594039751604d0e,0.0,2,1.0,0.0,0.0,1,,,,,,,,,,,,,,,,,,0.16260162601626016,0.3143989431968296,,,,,,,,0.23850028460654488,0.23850028460654488
c201,network,F-new,main-network-F-new-r1,False,combined,5,mature6-10,10,10,conversation:c201:0,10,False,False,incomplete_or_mismatched_source_coverage,229,False,5424997.0,0.011757021554539516,0.11705267629133122,0.06611570247933884,0.1476510067114094,,,,0.041883455013650116,0.06622538485226773,3.5127557830002067,0.003179826893466554,0.008735150244584208,54,33.540571077198265,54,3.5162843277445996,33.65912952938777,0.066013,53,0.988542,52,edge:a7bb6fd66c1380267906167f96fe97db5fc729f78a48f0a7c594039751604d0e,0.0,2,1.0,0.0,0.0,1,,,,,,,,,,,,,,,,,,0.16260162601626016,0.3143989431968296,,,,,,,,0.23850028460654488,0.23850028460654488
c202,network,F-same,main-network-F-same-r2,False,participant,3,early1-3,1,1,conversation:c202:0,1,False,True,,30,False,4941661.0,0.015022860875244938,0.07308717654071288,1.0,,,,,0.041883455013650116,0.06622538485226773,3.5127557830002067,0.0050366537869331015,0.013277428371767994,54,33.540571077198265,54,3.5185245414082225,33.73461769450448,0.065887,52,0.978407,51,edge:0cb1b32611728bc713c5e46200b120f2d7b6b037291c653899c2dab66472b4f5,,2,,,,1,0,0,,,,,,,,,,,,,,,,,,,,,,,,,,
c202,network,F-same,main-network-F-same-r2,False,participant,5,early1-3,1,1,conversation:c202:0,1,False,True,,30,False,4941661.0,0.015022860875244938,0.07308717654071288,1.0,,,,,0.041883455013650116,0.06622538485226773,3.5127557830002067,0.0050366537869331015,0.013277428371767994,54,33.540571077198265,54,3.5185245414082225,33.73461769450448,0.065887,52,0.978407,51,edge:0cb1b32611728bc713c5e46200b120f2d7b6b037291c653899c2dab66472b4f5,,2,,,,1,0,0,,,,,,,,,,,,,,,,,,,,,,,,,,
c202,network,F-same,main-network-F-same-r2,False,gemma,3,early1-3,1,1,conversation:c202:0,1,False,False,incomplete_or_mismatched_source_coverage,439,False,4941661.0,0.015022860875244938,0.07308717654071288,0.09550561797752809,,,,,0.041883455013650116,0.06622538485226773,3.5127557830002067,0.0050366537869331015,0.013277428371767994,54,33.540571077198265,54,3.5185245414082225,33.73461769450448,0.065887,52,0.978407,51,edge:0cb1b32611728bc713c5e46200b120f2d7b6b037291c653899c2dab66472b4f5,,2,,,,1,,,,,,,,,,,,,,,,,,,,,,,,,,,,
c202,network,F-same,main-network-F-same-r2,False,gemma,5,early1-3,1,1,conversation:c202:0,1,False,False,incomplete_or_mismatched_source_coverage,439,False,4941661.0,0.015022860875244938,0.07308717654071288,0.09550561797752809,,,,,0.041883455013650116,0.06622538485226773,3.5127557830002067,0.0050366537869331015,0.013277428371767994,54,33.540571077198265,54,3.5185245414082225,33.73461769450448,0.065887,52,0.978407,51,edge:0cb1b32611728bc713c5e46200b120f2d7b6b037291c653899c2dab66472b4f5,,2,,,,1,,,,,,,,,,,,,,,,,,,,,,,,,,,,
c202,network,F-same,main-network-F-same-r2,False,combined,3,early1-3,1,1,conversation:c202:0,1,False,False,incomplete_or_mismatched_source_coverage,469,False,4941661.0,0.015022860875244938,0.07308717654071288,0.15730337078651685,,,,,0.041883455013650116,0.06622538485226773,3.5127557830002067,0.0050366537869331015,0.013277428371767994,54,33.540571077198265,54,3.5185245414082225,33.73461769450448,0.065887,52,0.978407,51,edge:0cb1b32611728bc713c5e46200b120f2d7b6b037291c653899c2dab66472b4f5,,2,,,,1,,,,,,,,,,,,,,,,,,,,,,,,,,,,
c202,network,F-same,main-network-F-same-r2,False,combined,5,early1-3,1,1,conversation:c202:0,1,False,False,incomplete_or_mismatched_source_coverage,469,False,4941661.0,0.015022860875244938,0.07308717654071288,0.15730337078651685,,,,,0.041883455013650116,0.06622538485226773,3.5127557830002067,0.0050366537869331015,0.013277428371767994,54,33.540571077198265,54,3.5185245414082225,33.73461769450448,0.065887,52,0.978407,51,edge:0cb1b32611728bc713c5e46200b120f2d7b6b037291c653899c2dab66472b4f5,,2,,,,1,,,,,,,,,,,,,,,,,,,,,,,,,,,,
c202,network,F-same,main-network-F-same-r2,False,participant,3,early1-3,2,2,conversation:c202:0,2,False,False,incomplete_or_mismatched_source_coverage,26,False,5083330.0,0.010450685826257348,0.10454188394639784,0.13043478260869565,0.13043478260869565,,,,0.041883455013650116,0.06622538485226773,3.5127557830002067,2.3190116523512383e-05,0.0034940600978336828,54,33.540571077198265,54,3.5127280865554336,33.539642135488016,0.066226,54,1.0,53,edge:0008c7517f9963b3b8e7e39983f89fd2fba6d285fa5f717d84d4f2caa408a282,,2,1.0,0.0,0.0,1,,,,,,,,,,,,,,,,,,0.0,0.056856187290969896,,,,,,,,0.028428093645484948,0.00568561872909699
c202,network,F-same,main-network-F-same-r2,False,participant,5,early1-3,2,2,conversation:c202:0,2,False,False,incomplete_or_mismatched_source_coverage,26,False,5083330.0,0.010450685826257348,0.10454188394639784,0.13043478260869565,0.13043478260869565,,,,0.041883455013650116,0.06622538485226773,3.5127557830002067,2.3190116523512383e-05,0.0034940600978336828,54,33.540571077198265,54,3.5127280865554336,33.539642135488016,0.066226,54,1.0,53,edge:0008c7517f9963b3b8e7e39983f89fd2fba6d285fa5f717d84d4f2caa408a282,,2,1.0,0.0,0.0,1,,,,,,,,,,,,,,,,,,0.0,0.056856187290969896,,,,,,,,0.028428093645484948,0.00568561872909699
c202,network,F-same,main-network-F-same-r2,False,gemma,3,early1-3,2,2,conversation:c202:0,2,False,False,incomplete_or_mismatched_source_coverage,430,False,5083330.0,0.010450685826257348,0.10454188394639784,0.0898876404494382,0.0898876404494382,,,,0.041883455013650116,0.06622538485226773,3.5127557830002067,2.3190116523512383e-05,0.0034940600978336828,54,33.540571077198265,54,3.5127280865554336,33.539642135488016,0.066226,54,1.0,53,edge:0008c7517f9963b3b8e7e39983f89fd2fba6d285fa5f717d84d4f2caa408a282,,2,1.0,0.0,0.0,1,,,,,,,,,,,,,,,,,,0.04263565891472868,0.19329529243937232,,,,,,,,0.1179654756770505,0.0235930951354101
c202,network,F-same,main-network-F-same-r2,False,gemma,5,early1-3,2,2,conversation:c202:0,2,False,False,incomplete_or_mismatched_source_coverage,430,False,5083330.0,0.010450685826257348,0.10454188394639784,0.0898876404494382,0.0898876404494382,,,,0.041883455013650116,0.06622538485226773,3.5127557830002067,2.3190116523512383e-05,0.0034940600978336828,54,33.540571077198265,54,3.5127280865554336,33.539642135488016,0.066226,54,1.0,53,edge:0008c7517f9963b3b8e7e39983f89fd2fba6d285fa5f717d84d4f2caa408a282,,2,1.0,0.0,0.0,1,,,,,,,,,,,,,,,,,,0.04263565891472868,0.19329529243937232,,,,,,,,0.1179654756770505,0.0235930951354101
c202,network,F-same,main-network-F-same-r2,False,combined,3,early1-3,2,2,conversation:c202:0,2,False,False,incomplete_or_mismatched_source_coverage,456,False,5083330.0,0.010450685826257348,0.10454188394639784,0.08602150537634409,0.08602150537634409,,,,0.041883455013650116,0.06622538485226773,3.5127557830002067,2.3190116523512383e-05,0.0034940600978336828,54,33.540571077198265,54,3.5127280865554336,33.539642135488016,0.066226,54,1.0,53,edge:0008c7517f9963b3b8e7e39983f89fd2fba6d285fa5f717d84d4f2caa408a282,,2,1.0,0.0,0.0,1,,,,,,,,,,,,,,,,,,0.040097205346294046,0.1941714672992206,,,,,,,,0.11713433632275733,0.023426867264551468
c202,network,F-same,main-network-F-same-r2,False,combined,5,early1-3,2,2,conversation:c202:0,2,False,False,incomplete_or_mismatched_source_coverage,456,False,5083330.0,0.010450685826257348,0.10454188394639784,0.08602150537634409,0.08602150537634409,,,,0.041883455013650116,0.06622538485226773,3.5127557830002067,2.3190116523512383e-05,0.0034940600978336828,54,33.540571077198265,54,3.5127280865554336,33.539642135488016,0.066226,54,1.0,53,edge:0008c7517f9963b3b8e7e39983f89fd2fba6d285fa5f717d84d4f2caa408a282,,2,1.0,0.0,0.0,1,,,,,,,,,,,,,,,,,,0.040097205346294046,0.1941714672992206,,,,,,,,0.11713433632275733,0.023426867264551468
c202,network,F-same,main-network-F-same-r2,False,participant,3,early1-3,3,3,conversation:c202:0,3,False,False,incomplete_or_mismatched_source_coverage,27,False,4833330.0,0.009797517962116264,0.11296086924452217,0.13043478260869565,0.2962962962962963,,,,0.041883455013650116,0.06622538485226773,3.5127557830002067,2.3190116523512383e-05,0.0034940600978336828,54,33.540571077198265,54,3.5127280865554336,33.539642135488016,0.066226,54,1.0,53,edge:1d226b8ebd700c5afbfecfd6944ffb9095b4b1a79329e89684443f19b38d0a8b,0.0,2,1.0,0.0,0.0,1,,,,,,,,,,,,,,,,,,0.13953488372093023,0.31896551724137934,,,,,,,,0.2292502004811548,0.09170008019246192
c202,network,F-same,main-network-F-same-r2,False,participant,5,early1-3,3,3,conversation:c202:0,3,False,False,incomplete_or_mismatched_source_coverage,27,False,4833330.0,0.009797517962116264,0.11296086924452217,0.13043478260869565,0.2962962962962963,,,,0.041883455013650116,0.06622538485226773,3.5127557830002067,2.3190116523512383e-05,0.0034940600978336828,54,33.540571077198265,54,3.5127280865554336,33.539642135488016,0.066226,54,1.0,53,edge:1d226b8ebd700c5afbfecfd6944ffb9095b4b1a79329e89684443f19b38d0a8b,,2,1.0,0.0,0.0,1,,,,,,,,,,,,,,,,,,0.13953488372093023,0.31896551724137934,,,,,,,,0.2292502004811548,0.09170008019246192
c202,network,F-same,main-network-F-same-r2,False,gemma,3,early1-3,3,3,conversation:c202:0,3,False,False,incomplete_or_mismatched_source_coverage,385,False,4833330.0,0.009797517962116264,0.11296086924452217,0.0759493670886076,0.14634146341463414,,,,0.041883455013650116,0.06622538485226773,3.5127557830002067,2.3190116523512383e-05,0.0034940600978336828,54,33.540571077198265,54,3.5127280865554336,33.539642135488016,0.066226,54,1.0,53,edge:1d226b8ebd700c5afbfecfd6944ffb9095b4b1a79329e89684443f19b38d0a8b,0.0,2,1.0,0.0,0.0,1,,,,,,,,,,,,,,,,,,0.11764705882352941,0.28870292887029286,,,,,,,,0.20317499384691112,0.08126999753876446
c202,network,F-same,main-network-F-same-r2,False,gemma,5,early1-3,3,3,conversation:c202:0,3,False,False,incomplete_or_mismatched_source_coverage,385,False,4833330.0,0.009797517962116264,0.11296086924452217,0.0759493670886076,0.14634146341463414,,,,0.041883455013650116,0.06622538485226773,3.5127557830002067,2.3190116523512383e-05,0.0034940600978336828,54,33.540571077198265,54,3.5127280865554336,33.539642135488016,0.066226,54,1.0,53,edge:1d226b8ebd700c5afbfecfd6944ffb9095b4b1a79329e89684443f19b38d0a8b,,2,1.0,0.0,0.0,1,,,,,,,,,,,,,,,,,,0.11764705882352941,0.28870292887029286,,,,,,,,0.20317499384691112,0.08126999753876446
c202,network,F-same,main-network-F-same-r2,False,combined,3,early1-3,3,3,conversation:c202:0,3,False,False,incomplete_or_mismatched_source_coverage,412,False,4833330.0,0.009797517962116264,0.11296086924452217,0.07142857142857142,0.15789473684210525,,,,0.041883455013650116,0.06622538485226773,3.5127557830002067,2.3190116523512383e-05,0.0034940600978336828,54,33.540571077198265,54,3.5127280865554336,33.539642135488016,0.066226,54,1.0,53,edge:1d226b8ebd700c5afbfecfd6944ffb9095b4b1a79329e89684443f19b38d0a8b,0.0,2,1.0,0.0,0.0,1,,,,,,,,,,,,,,,,,,0.11522048364153627,0.28815580286168524,,,,,,,,0.20168814325161075,0.0806752573006443
c202,network,F-same,main-network-F-same-r2,False,combined,5,early1-3,3,3,conversation:c202:0,3,False,False,incomplete_or_mismatched_source_coverage,412,False,4833330.0,0.009797517962116264,0.11296086924452217,0.07142857142857142,0.15789473684210525,,,,0.041883455013650116,0.06622538485226773,3.5127557830002067,2.3190116523512383e-05,0.0034940600978336828,54,33.540571077198265,54,3.5127280865554336,33.539642135488016,0.066226,54,1.0,53,edge:1d226b8ebd700c5afbfecfd6944ffb9095b4b1a79329e89684443f19b38d0a8b,,2,1.0,0.0,0.0,1,,,,,,,,,,,,,,,,,,0.11522048364153627,0.28815580286168524,,,,,,,,0.20168814325161075,0.0806752573006443
c202,network,F-same,main-network-F-same-r2,False,participant,3,middle4-5,4,4,conversation:c202:0,4,False,False,incomplete_or_mismatched_source_coverage,25,False,7624996.0,0.015676028739386023,0.06978415849792725,0.13333333333333333,0.3050847457627119,,,,0.041883455013650116,0.06622538485226773,3.5127557830002067,2.3190116523512383e-05,0.0034940600978336828,54,33.540571077198265,54,3.5127280865554336,33.539642135488016,0.066226,54,1.0,53,edge:62d966570215e4adc4841dcdfe206d2ea4d777d33bafee50983ccbd6ca60f181,0.0,3,1.0,0.0,0.0,2,,,,,,,,,,,,,,,,,,0.2972972972972973,0.4339622641509434,,,,,,,,0.36562978072412033,0.21937786843447218
c202,network,F-same,main-network-F-same-r2,False,participant,5,middle4-5,4,4,conversation:c202:0,4,False,False,incomplete_or_mismatched_source_coverage,25,False,7624996.0,0.015676028739386023,0.06978415849792725,0.13333333333333333,0.3050847457627119,,,,0.041883455013650116,0.06622538485226773,3.5127557830002067,2.3190116523512383e-05,0.0034940600978336828,54,33.540571077198265,54,3.5127280865554336,33.539642135488016,0.066226,54,1.0,53,edge:62d966570215e4adc4841dcdfe206d2ea4d777d33bafee50983ccbd6ca60f181,,3,1.0,0.0,0.0,2,,,,,,,,,,,,,,,,,,0.2972972972972973,0.4339622641509434,,,,,,,,0.36562978072412033,0.21937786843447218
c202,network,F-same,main-network-F-same-r2,False,gemma,3,middle4-5,4,4,conversation:c202:0,4,False,False,incomplete_or_mismatched_source_coverage,265,False,7624996.0,0.015676028739386023,0.06978415849792725,0.1092436974789916,0.18796992481203006,,,,0.041883455013650116,0.06622538485226773,3.5127557830002067,2.3190116523512383e-05,0.0034940600978336828,54,33.540571077198265,54,3.5127280865554336,33.539642135488016,0.066226,54,1.0,53,edge:62d966570215e4adc4841dcdfe206d2ea4d777d33bafee50983ccbd6ca60f181,0.0,3,1.0,0.0,0.0,2,,,,,,,,,,,,,,,,,,0.0872865275142315,0.2901364113326338,,,,,,,,0.18871146942343264,0.11322688165405959
c202,network,F-same,main-network-F-same-r2,False,gemma,5,middle4-5,4,4,conversation:c202:0,4,False,False,incomplete_or_mismatched_source_coverage,265,False,7624996.0,0.015676028739386023,0.06978415849792725,0.1092436974789916,0.18796992481203006,,,,0.041883455013650116,0.06622538485226773,3.5127557830002067,2.3190116523512383e-05,0.0034940600978336828,54,33.540571077198265,54,3.5127280865554336,33.539642135488016,0.066226,54,1.0,53,edge:62d966570215e4adc4841dcdfe206d2ea4d777d33bafee50983ccbd6ca60f181,,3,1.0,0.0,0.0,2,,,,,,,,,,,,,,,,,,0.0872865275142315,0.2901364113326338,,,,,,,,0.18871146942343264,0.11322688165405959
c202,network,F-same,main-network-F-same-r2,False,combined,3,middle4-5,4,4,conversation:c202:0,4,False,False,incomplete_or_mismatched_source_coverage,290,False,7624996.0,0.015676028739386023,0.06978415849792725,0.10317460317460317,0.2222222222222222,,,,0.041883455013650116,0.06622538485226773,3.5127557830002067,2.3190116523512383e-05,0.0034940600978336828,54,33.540571077198265,54,3.5127280865554336,33.539642135488016,0.066226,54,1.0,53,edge:62d966570215e4adc4841dcdfe206d2ea4d777d33bafee50983ccbd6ca60f181,0.0,3,1.0,0.0,0.0,2,,,,,,,,,,,,,,,,,,0.0944741532976827,0.3034825870646766,,,,,,,,0.19897837018117967,0.1193870221087078
c202,network,F-same,main-network-F-same-r2,False,combined,5,middle4-5,4,4,conversation:c202:0,4,False,False,incomplete_or_mismatched_source_coverage,290,False,7624996.0,0.015676028739386023,0.06978415849792725,0.10317460317460317,0.2222222222222222,,,,0.041883455013650116,0.06622538485226773,3.5127557830002067,2.3190116523512383e-05,0.0034940600978336828,54,33.540571077198265,54,3.5127280865554336,33.539642135488016,0.066226,54,1.0,53,edge:62d966570215e4adc4841dcdfe206d2ea4d777d33bafee50983ccbd6ca60f181,,3,1.0,0.0,0.0,2,,,,,,,,,,,,,,,,,,0.0944741532976827,0.3034825870646766,,,,,,,,0.19897837018117967,0.1193870221087078
c202,network,F-same,main-network-F-same-r2,False,participant,3,middle4-5,5,5,conversation:c202:0,5,False,False,incomplete_or_mismatched_source_coverage,25,False,4349994.0,0.011757021554539516,0.08970816132999297,0.1111111111111111,0.4186046511627907,,,,0.041883455013650116,0.06622538485226773,3.5127557830002067,2.3190116523512383e-05,0.0034940600978336828,54,33.540571077198265,54,3.5127280865554336,33.539642135488016,0.066226,54,1.0,53,edge:62d966570215e4adc4841dcdfe206d2ea4d777d33bafee50983ccbd6ca60f181,0.33333333333333337,3,1.0,1.0,1.0,2,,,,,,,,,,,,,,,,,,0.2972972972972973,0.45320197044334976,,,,,,,,0.3752496338703235,0.3001997070962588
c202,network,F-same,main-network-F-same-r2,False,participant,5,middle4-5,5,5,conversation:c202:0,5,False,False,incomplete_or_mismatched_source_coverage,25,False,4349994.0,0.011757021554539516,0.08970816132999297,0.1111111111111111,0.2857142857142857,,,,0.041883455013650116,0.06622538485226773,3.5127557830002067,2.3190116523512383e-05,0.0034940600978336828,54,33.540571077198265,54,3.5127280865554336,33.539642135488016,0.066226,54,1.0,53,edge:62d966570215e4adc4841dcdfe206d2ea4d777d33bafee50983ccbd6ca60f181,0.19999999999999996,3,1.0,1.0,1.0,2,,,,,,,,,,,,,,,,,,0.2972972972972973,0.45320197044334976,,,,,,,,0.3752496338703235,0.3001997070962588
c202,network,F-same,main-network-F-same-r2,False,gemma,3,middle4-5,5,5,conversation:c202:0,5,False,False,incomplete_or_mismatched_source_coverage,218,False,4349994.0,0.011757021554539516,0.08970816132999297,0.08737864077669903,0.17142857142857143,,,,0.041883455013650116,0.06622538485226773,3.5127557830002067,2.3190116523512383e-05,0.0034940600978336828,54,33.540571077198265,54,3.5127280865554336,33.539642135488016,0.066226,54,1.0,53,edge:62d966570215e4adc4841dcdfe206d2ea4d777d33bafee50983ccbd6ca60f181,0.33333333333333337,3,1.0,1.0,1.0,2,,,,,,,,,,,,,,,,,,0.04834605597964377,0.2161985630306989,,,,,,,,0.13227230950517133,0.10581784760413707
c202,network,F-same,main-network-F-same-r2,False,gemma,5,middle4-5,5,5,conversation:c202:0,5,False,False,incomplete_or_mismatched_source_coverage,218,False,4349994.0,0.011757021554539516,0.08970816132999297,0.08737864077669903,0.18181818181818182,,,,0.041883455013650116,0.06622538485226773,3.5127557830002067,2.3190116523512383e-05,0.0034940600978336828,54,33.540571077198265,54,3.5127280865554336,33.539642135488016,0.066226,54,1.0,53,edge:62d966570215e4adc4841dcdfe206d2ea4d777d33bafee50983ccbd6ca60f181,0.19999999999999996,3,1.0,1.0,1.0,2,,,,,,,,,,,,,,,,,,0.04834605597964377,0.2161985630306989,,,,,,,,0.13227230950517133,0.10581784760413707
c202,network,F-same,main-network-F-same-r2,False,combined,3,middle4-5,5,5,conversation:c202:0,5,False,False,incomplete_or_mismatched_source_coverage,243,False,4349994.0,0.011757021554539516,0.08970816132999297,0.09090909090909091,0.22429906542056074,,,,0.041883455013650116,0.06622538485226773,3.5127557830002067,2.3190116523512383e-05,0.0034940600978336828,54,33.540571077198265,54,3.5127280865554336,33.539642135488016,0.066226,54,1.0,53,edge:62d966570215e4adc4841dcdfe206d2ea4d777d33bafee50983ccbd6ca60f181,0.33333333333333337,3,1.0,1.0,1.0,2,,,,,,,,,,,,,,,,,,0.06175771971496437,0.23038912909203213,,,,,,,,0.14607342440349824,0.1168587395227986
c202,network,F-same,main-network-F-same-r2,False,combined,5,middle4-5,5,5,conversation:c202:0,5,False,False,incomplete_or_mismatched_source_coverage,243,False,4349994.0,0.011757021554539516,0.08970816132999297,0.09090909090909091,0.22764227642276422,,,,0.041883455013650116,0.06622538485226773,3.5127557830002067,2.3190116523512383e-05,0.0034940600978336828,54,33.540571077198265,54,3.5127280865554336,33.539642135488016,0.066226,54,1.0,53,edge:62d966570215e4adc4841dcdfe206d2ea4d777d33bafee50983ccbd6ca60f181,0.19999999999999996,3,1.0,1.0,1.0,2,,,,,,,,,,,,,,,,,,0.06175771971496437,0.23038912909203213,,,,,,,,0.14607342440349824,0.1168587395227986
c202,network,F-same,main-network-F-same-r2,False,participant,3,mature6-10,6,6,conversation:c202:0,6,False,True,,28,False,3488092.0,0.008491182233834096,0.1277011206483759,0.1276595744680851,0.2765957446808511,,,,0.041883455013650116,0.06622538485226773,3.5127557830002067,2.3190116523512383e-05,0.0034940600978336828,54,33.540571077198265,54,3.5127280865554336,33.539642135488016,0.066226,54,1.0,53,edge:d4dfd250ba3e85a1d0068d7d642085ae42888f8d17a6494103df42d52cbcd0e9,0.33333333333333337,2,1.0,0.0,0.0,1,0,0,,,,,,,,,,,,,,,,0.18604651162790697,0.26521739130434785,,,,,,,,0.2256319514661274,0.2256319514661274
c202,network,F-same,main-network-F-same-r2,False,participant,5,mature6-10,6,6,conversation:c202:0,6,False,True,,28,False,3488092.0,0.008491182233834096,0.1277011206483759,0.1276595744680851,0.2054794520547945,,,,0.041883455013650116,0.06622538485226773,3.5127557830002067,2.3190116523512383e-05,0.0034940600978336828,54,33.540571077198265,54,3.5127280865554336,33.539642135488016,0.066226,54,1.0,53,edge:d4dfd250ba3e85a1d0068d7d642085ae42888f8d17a6494103df42d52cbcd0e9,0.19999999999999996,2,1.0,0.0,0.0,1,0,0,,,,,,,,,,,,,,,,0.18604651162790697,0.26521739130434785,,,,,,,,0.2256319514661274,0.2256319514661274
c202,network,F-same,main-network-F-same-r2,False,gemma,3,mature6-10,6,6,conversation:c202:0,6,False,False,incomplete_or_mismatched_source_coverage,258,False,3488092.0,0.008491182233834096,0.1277011206483759,0.08653846153846154,0.1111111111111111,,,,0.041883455013650116,0.06622538485226773,3.5127557830002067,2.3190116523512383e-05,0.0034940600978336828,54,33.540571077198265,54,3.5127280865554336,33.539642135488016,0.066226,54,1.0,53,edge:d4dfd250ba3e85a1d0068d7d642085ae42888f8d17a6494103df42d52cbcd0e9,0.33333333333333337,2,1.0,0.0,0.0,1,,,,,,,,,,,,,,,,,,0.07291666666666667,0.20795533845080252,,,,,,,,0.1404360025587346,0.1404360025587346
c202,network,F-same,main-network-F-same-r2,False,gemma,5,mature6-10,6,6,conversation:c202:0,6,False,False,incomplete_or_mismatched_source_coverage,258,False,3488092.0,0.008491182233834096,0.1277011206483759,0.08653846153846154,0.15625,,,,0.041883455013650116,0.06622538485226773,3.5127557830002067,2.3190116523512383e-05,0.0034940600978336828,54,33.540571077198265,54,3.5127280865554336,33.539642135488016,0.066226,54,1.0,53,edge:d4dfd250ba3e85a1d0068d7d642085ae42888f8d17a6494103df42d52cbcd0e9,0.19999999999999996,2,1.0,0.0,0.0,1,,,,,,,,,,,,,,,,,,0.07291666666666667,0.20795533845080252,,,,,,,,0.1404360025587346,0.1404360025587346
c202,network,F-same,main-network-F-same-r2,False,combined,3,mature6-10,6,6,conversation:c202:0,6,False,False,incomplete_or_mismatched_source_coverage,286,False,3488092.0,0.008491182233834096,0.1277011206483759,0.10526315789473684,0.1565217391304348,,,,0.041883455013650116,0.06622538485226773,3.5127557830002067,2.3190116523512383e-05,0.0034940600978336828,54,33.540571077198265,54,3.5127280865554336,33.539642135488016,0.066226,54,1.0,53,edge:d4dfd250ba3e85a1d0068d7d642085ae42888f8d17a6494103df42d52cbcd0e9,0.33333333333333337,2,1.0,0.0,0.0,1,,,,,,,,,,,,,,,,,,0.08173076923076923,0.2180064308681672,,,,,,,,0.14986860004946823,0.14986860004946823
c202,network,F-same,main-network-F-same-r2,False,combined,5,mature6-10,6,6,conversation:c202:0,6,False,False,incomplete_or_mismatched_source_coverage,286,False,3488092.0,0.008491182233834096,0.1277011206483759,0.10526315789473684,0.20149253731343283,,,,0.041883455013650116,0.06622538485226773,3.5127557830002067,2.3190116523512383e-05,0.0034940600978336828,54,33.540571077198265,54,3.5127280865554336,33.539642135488016,0.066226,54,1.0,53,edge:d4dfd250ba3e85a1d0068d7d642085ae42888f8d17a6494103df42d52cbcd0e9,0.19999999999999996,2,1.0,0.0,0.0,1,,,,,,,,,,,,,,,,,,0.08173076923076923,0.2180064308681672,,,,,,,,0.14986860004946823,0.14986860004946823
c202,network,F-same,main-network-F-same-r2,False,participant,3,mature6-10,7,7,conversation:c202:0,7,False,True,,33,False,4708330.0,0.009797517962116264,0.11692391526234786,0.16666666666666666,0.42857142857142855,,,,0.041883455013650116,0.06622538485226773,3.5127557830002067,2.3190116523512383e-05,0.0034940600978336828,54,33.540571077198265,54,3.5127280865554336,33.539642135488016,0.066226,54,1.0,53,edge:e65a5e961a6bbf3e20dadabc05b3e6f3b24d709ce4f61f9de3994befdb262b30,0.0,2,1.0,0.0,0.0,1,0,0,,,,,,,,,,,,,,,,0.16326530612244897,0.4125,,,,,,,,0.28788265306122446,0.28788265306122446
c202,network,F-same,main-network-F-same-r2,False,participant,5,mature6-10,7,7,conversation:c202:0,7,False,True,,33,False,4708330.0,0.009797517962116264,0.11692391526234786,0.16666666666666666,0.3387096774193548,,,,0.041883455013650116,0.06622538485226773,3.5127557830002067,2.3190116523512383e-05,0.0034940600978336828,54,33.540571077198265,54,3.5127280865554336,33.539642135488016,0.066226,54,1.0,53,edge:e65a5e961a6bbf3e20dadabc05b3e6f3b24d709ce4f61f9de3994befdb262b30,0.19999999999999996,2,1.0,0.0,0.0,1,0,0,,,,,,,,,,,,,,,,0.16326530612244897,0.4125,,,,,,,,0.28788265306122446,0.28788265306122446
c202,network,F-same,main-network-F-same-r2,False,gemma,3,mature6-10,7,7,conversation:c202:0,7,False,False,incomplete_or_mismatched_source_coverage,291,False,4708330.0,0.009797517962116264,0.11692391526234786,0.08527131782945736,0.17557251908396945,,,,0.041883455013650116,0.06622538485226773,3.5127557830002067,2.3190116523512383e-05,0.0034940600978336828,54,33.540571077198265,54,3.5127280865554336,33.539642135488016,0.066226,54,1.0,53,edge:e65a5e961a6bbf3e20dadabc05b3e6f3b24d709ce4f61f9de3994befdb262b30,0.0,2,1.0,0.0,0.0,1,,,,,,,,,,,,,,,,,,0.09006928406466513,0.2323856613102596,,,,,,,,0.16122747268746235,0.16122747268746235
c202,network,F-same,main-network-F-same-r2,False,gemma,5,mature6-10,7,7,conversation:c202:0,7,False,False,incomplete_or_mismatched_source_coverage,291,False,4708330.0,0.009797517962116264,0.11692391526234786,0.08527131782945736,0.19285714285714287,,,,0.041883455013650116,0.06622538485226773,3.5127557830002067,2.3190116523512383e-05,0.0034940600978336828,54,33.540571077198265,54,3.5127280865554336,33.539642135488016,0.066226,54,1.0,53,edge:e65a5e961a6bbf3e20dadabc05b3e6f3b24d709ce4f61f9de3994befdb262b30,0.19999999999999996,2,1.0,0.0,0.0,1,,,,,,,,,,,,,,,,,,0.09006928406466513,0.2323856613102596,,,,,,,,0.16122747268746235,0.16122747268746235
c202,network,F-same,main-network-F-same-r2,False,combined,3,mature6-10,7,7,conversation:c202:0,7,False,False,incomplete_or_mismatched_source_coverage,324,False,4708330.0,0.009797517962116264,0.11692391526234786,0.09090909090909091,0.18796992481203006,,,,0.041883455013650116,0.06622538485226773,3.5127557830002067,2.3190116523512383e-05,0.0034940600978336828,54,33.540571077198265,54,3.5127280865554336,33.539642135488016,0.066226,54,1.0,53,edge:e65a5e961a6bbf3e20dadabc05b3e6f3b24d709ce4f61f9de3994befdb262b30,0.0,2,1.0,0.0,0.0,1,,,,,,,,,,,,,,,,,,0.09766454352441614,0.253757225433526,,,,,,,,0.1757108844789711,0.1757108844789711
c202,network,F-same,main-network-F-same-r2,False,combined,5,mature6-10,7,7,conversation:c202:0,7,False,False,incomplete_or_mismatched_source_coverage,324,False,4708330.0,0.009797517962116264,0.11692391526234786,0.09090909090909091,0.20422535211267606,,,,0.041883455013650116,0.06622538485226773,3.5127557830002067,2.3190116523512383e-05,0.0034940600978336828,54,33.540571077198265,54,3.5127280865554336,33.539642135488016,0.066226,54,1.0,53,edge:e65a5e961a6bbf3e20dadabc05b3e6f3b24d709ce4f61f9de3994befdb262b30,0.19999999999999996,2,1.0,0.0,0.0,1,,,,,,,,,,,,,,,,,,0.09766454352441614,0.253757225433526,,,,,,,,0.1757108844789711,0.1757108844789711
c202,network,F-same,main-network-F-same-r2,False,participant,3,mature6-10,8,8,conversation:c202:0,8,False,False,incomplete_or_mismatched_source_coverage,30,False,5933330.0,0.013063357282821686,0.08234446191970776,0.12244897959183673,0.42857142857142855,,,,0.041883455013650116,0.06622538485226773,3.5127557830002067,0.009406653786933115,0.006289308176100629,54,33.540571077198265,54,3.516040546187641,33.65092505447569,0.065592,53,0.9740369999999999,52,edge:1d226b8ebd700c5afbfecfd6944ffb9095b4b1a79329e89684443f19b38d0a8b,0.0,2,1.0,0.0,0.0,1,,,,,,,,,,,,,,,,,,0.2558139534883721,0.4426229508196721,,,,,,,,0.34921845215402214,0.34921845215402214
c202,network,F-same,main-network-F-same-r2,False,participant,5,mature6-10,8,8,conversation:c202:0,8,False,False,incomplete_or_mismatched_source_coverage,30,False,5933330.0,0.013063357282821686,0.08234446191970776,0.12244897959183673,0.39655172413793105,,,,0.041883455013650116,0.06622538485226773,3.5127557830002067,0.009406653786933115,0.006289308176100629,54,33.540571077198265,54,3.516040546187641,33.65092505447569,0.065592,53,0.9740369999999999,52,edge:1d226b8ebd700c5afbfecfd6944ffb9095b4b1a79329e89684443f19b38d0a8b,0.19999999999999996,2,1.0,0.0,0.0,1,,,,,,,,,,,,,,,,,,0.2558139534883721,0.4426229508196721,,,,,,,,0.34921845215402214,0.34921845215402214
c202,network,F-same,main-network-F-same-r2,False,gemma,3,mature6-10,8,8,conversation:c202:0,8,False,False,incomplete_or_mismatched_source_coverage,236,False,5933330.0,0.013063357282821686,0.08234446191970776,0.0759493670886076,0.08695652173913043,,,,0.041883455013650116,0.06622538485226773,3.5127557830002067,0.009406653786933115,0.006289308176100629,54,33.540571077198265,54,3.516040546187641,33.65092505447569,0.065592,53,0.9740369999999999,52,edge:1d226b8ebd700c5afbfecfd6944ffb9095b4b1a79329e89684443f19b38d0a8b,0.0,2,1.0,0.0,0.0,1,,,,,,,,,,,,,,,,,,0.09192200557103064,0.21246458923512748,,,,,,,,0.15219329740307908,0.15219329740307908
c202,network,F-same,main-network-F-same-r2,False,gemma,5,mature6-10,8,8,conversation:c202:0,8,False,False,incomplete_or_mismatched_source_coverage,236,False,5933330.0,0.013063357282821686,0.08234446191970776,0.0759493670886076,0.09900990099009901,,,,0.041883455013650116,0.06622538485226773,3.5127557830002067,0.009406653786933115,0.006289308176100629,54,33.540571077198265,54,3.516040546187641,33.65092505447569,0.065592,53,0.9740369999999999,52,edge:1d226b8ebd700c5afbfecfd6944ffb9095b4b1a79329e89684443f19b38d0a8b,0.19999999999999996,2,1.0,0.0,0.0,1,,,,,,,,,,,,,,,,,,0.09192200557103064,0.21246458923512748,,,,,,,,0.15219329740307908,0.15219329740307908
c202,network,F-same,main-network-F-same-r2,False,combined,3,mature6-10,8,8,conversation:c202:0,8,False,False,incomplete_or_mismatched_source_coverage,266,False,5933330.0,0.013063357282821686,0.08234446191970776,0.11458333333333333,0.25773195876288657,,,,0.041883455013650116,0.06622538485226773,3.5127557830002067,0.009406653786933115,0.006289308176100629,54,33.540571077198265,54,3.516040546187641,33.65092505447569,0.065592,53,0.9740369999999999,52,edge:1d226b8ebd700c5afbfecfd6944ffb9095b4b1a79329e89684443f19b38d0a8b,0.0,2,1.0,0.0,0.0,1,,,,,,,,,,,,,,,,,,0.10972568578553615,0.2646477946017117,,,,,,,,0.1871867401936239,0.1871867401936239
c202,network,F-same,main-network-F-same-r2,False,combined,5,mature6-10,8,8,conversation:c202:0,8,False,False,incomplete_or_mismatched_source_coverage,266,False,5933330.0,0.013063357282821686,0.08234446191970776,0.11458333333333333,0.26666666666666666,,,,0.041883455013650116,0.06622538485226773,3.5127557830002067,0.009406653786933115,0.006289308176100629,54,33.540571077198265,54,3.516040546187641,33.65092505447569,0.065592,53,0.9740369999999999,52,edge:1d226b8ebd700c5afbfecfd6944ffb9095b4b1a79329e89684443f19b38d0a8b,0.19999999999999996,2,1.0,0.0,0.0,1,,,,,,,,,,,,,,,,,,0.10972568578553615,0.2646477946017117,,,,,,,,0.1871867401936239,0.1871867401936239
c202,network,F-same,main-network-F-same-r2,False,participant,3,mature6-10,9,9,conversation:c202:0,9,False,True,,30,False,3766664.0,0.009144350097975179,0.11426120023834045,0.125,0.4375,,,,0.041883455013650116,0.06622538485226773,3.5127557830002067,0.009406653786933115,0.006289308176100629,54,33.540571077198265,54,3.516040546187641,33.65092505447569,0.065592,53,0.9740369999999999,52,edge:a6164aa53d38aad53f3dec3c3964c2a254ef1b2a0e6fda28959b48270b874146,0.0,2,1.0,0.0,0.0,1,0,0,,,,,,,,,,,,,,,,0.36585365853658536,0.5545023696682464,,,,,,,,0.4601780141024159,0.4601780141024159
c202,network,F-same,main-network-F-same-r2,False,participant,5,mature6-10,9,9,conversation:c202:0,9,False,True,,30,False,3766664.0,0.009144350097975179,0.11426120023834045,0.125,0.3620689655172414,,,,0.041883455013650116,0.06622538485226773,3.5127557830002067,0.009406653786933115,0.006289308176100629,54,33.540571077198265,54,3.516040546187641,33.65092505447569,0.065592,53,0.9740369999999999,52,edge:a6164aa53d38aad53f3dec3c3964c2a254ef1b2a0e6fda28959b48270b874146,0.0,2,1.0,0.0,0.0,1,0,0,,,,,,,,,,,,,,,,0.36585365853658536,0.5545023696682464,,,,,,,,0.4601780141024159,0.4601780141024159
c202,network,F-same,main-network-F-same-r2,False,gemma,3,mature6-10,9,9,conversation:c202:0,9,False,False,incomplete_or_mismatched_source_coverage,145,False,3766664.0,0.009144350097975179,0.11426120023834045,0.078125,0.09090909090909091,,,,0.041883455013650116,0.06622538485226773,3.5127557830002067,0.009406653786933115,0.006289308176100629,54,33.540571077198265,54,3.516040546187641,33.65092505447569,0.065592,53,0.9740369999999999,52,edge:a6164aa53d38aad53f3dec3c3964c2a254ef1b2a0e6fda28959b48270b874146,0.0,2,1.0,0.0,0.0,1,,,,,,,,,,,,,,,,,,0.22905027932960895,0.4043478260869565,,,,,,,,0.31669905270828275,0.31669905270828275
c202,network,F-same,main-network-F-same-r2,False,gemma,5,mature6-10,9,9,conversation:c202:0,9,False,False,incomplete_or_mismatched_source_coverage,145,False,3766664.0,0.009144350097975179,0.11426120023834045,0.078125,0.10588235294117647,,,,0.041883455013650116,0.06622538485226773,3.5127557830002067,0.009406653786933115,0.006289308176100629,54,33.540571077198265,54,3.516040546187641,33.65092505447569,0.065592,53,0.9740369999999999,52,edge:a6164aa53d38aad53f3dec3c3964c2a254ef1b2a0e6fda28959b48270b874146,0.0,2,1.0,0.0,0.0,1,,,,,,,,,,,,,,,,,,0.22905027932960895,0.4043478260869565,,,,,,,,0.31669905270828275,0.31669905270828275
c202,network,F-same,main-network-F-same-r2,False,combined,3,mature6-10,9,9,conversation:c202:0,9,False,False,incomplete_or_mismatched_source_coverage,175,False,3766664.0,0.009144350097975179,0.11426120023834045,0.12345679012345678,0.30864197530864196,,,,0.041883455013650116,0.06622538485226773,3.5127557830002067,0.009406653786933115,0.006289308176100629,54,33.540571077198265,54,3.516040546187641,33.65092505447569,0.065592,53,0.9740369999999999,52,edge:a6164aa53d38aad53f3dec3c3964c2a254ef1b2a0e6fda28959b48270b874146,0.0,2,1.0,0.0,0.0,1,,,,,,,,,,,,,,,,,,0.25,0.45569620253164556,,,,,,,,0.3528481012658228,0.3528481012658228
c202,network,F-same,main-network-F-same-r2,False,combined,5,mature6-10,9,9,conversation:c202:0,9,False,False,incomplete_or_mismatched_source_coverage,175,False,3766664.0,0.009144350097975179,0.11426120023834045,0.12345679012345678,0.30337078651685395,,,,0.041883455013650116,0.06622538485226773,3.5127557830002067,0.009406653786933115,0.006289308176100629,54,33.540571077198265,54,3.516040546187641,33.65092505447569,0.065592,53,0.9740369999999999,52,edge:a6164aa53d38aad53f3dec3c3964c2a254ef1b2a0e6fda28959b48270b874146,0.0,2,1.0,0.0,0.0,1,,,,,,,,,,,,,,,,,,0.25,0.45569620253164556,,,,,,,,0.3528481012658228,0.3528481012658228
c202,network,F-same,main-network-F-same-r2,False,participant,3,mature6-10,10,10,conversation:c202:0,10,False,True,,31,False,6199997.0,0.011757021554539516,0.09735236036992534,0.1276595744680851,0.41304347826086957,,,,0.041883455013650116,0.06622538485226773,3.5127557830002067,0.004765826893466577,0.008735150244584208,54,33.540571077198265,54,3.517711502983487,33.70720130087609,0.065907,53,0.9869559999999999,52,edge:b323e3c0fe7418762a6c0209e24fcc36b7147842cf7434f3a45ce945adf7f4bd,0.0,5,1.0,0.0,0.0,4,0,0,,,,,,,,,,,,,,,,0.5405405405405406,0.6146341463414634,,,,,,,,0.5775873434410019,0.5775873434410019
c202,network,F-same,main-network-F-same-r2,False,participant,5,mature6-10,10,10,conversation:c202:0,10,False,True,,31,False,6199997.0,0.011757021554539516,0.09735236036992534,0.1276595744680851,0.31666666666666665,,,,0.041883455013650116,0.06622538485226773,3.5127557830002067,0.004765826893466577,0.008735150244584208,54,33.540571077198265,54,3.517711502983487,33.70720130087609,0.065907,53,0.9869559999999999,52,edge:b323e3c0fe7418762a6c0209e24fcc36b7147842cf7434f3a45ce945adf7f4bd,0.0,5,1.0,0.0,0.0,4,0,0,,,,,,,,,,,,,,,,0.5405405405405406,0.6146341463414634,,,,,,,,0.5775873434410019,0.5775873434410019
c202,network,F-same,main-network-F-same-r2,False,gemma,3,mature6-10,10,10,conversation:c202:0,10,False,False,incomplete_or_mismatched_source_coverage,183,False,6199997.0,0.011757021554539516,0.09735236036992534,0.0847457627118644,0.10144927536231885,,,,0.041883455013650116,0.06622538485226773,3.5127557830002067,0.004765826893466577,0.008735150244584208,54,33.540571077198265,54,3.517711502983487,33.70720130087609,0.065907,53,0.9869559999999999,52,edge:b323e3c0fe7418762a6c0209e24fcc36b7147842cf7434f3a45ce945adf7f4bd,0.0,5,1.0,0.0,0.0,4,,,,,,,,,,,,,,,,,,0.7532467532467533,0.7967479674796748,,,,,,,,0.7749973603632141,0.7749973603632141
c202,network,F-same,main-network-F-same-r2,False,gemma,5,mature6-10,10,10,conversation:c202:0,10,False,False,incomplete_or_mismatched_source_coverage,183,False,6199997.0,0.011757021554539516,0.09735236036992534,0.0847457627118644,0.0975609756097561,,,,0.041883455013650116,0.06622538485226773,3.5127557830002067,0.004765826893466577,0.008735150244584208,54,33.540571077198265,54,3.517711502983487,33.70720130087609,0.065907,53,0.9869559999999999,52,edge:b323e3c0fe7418762a6c0209e24fcc36b7147842cf7434f3a45ce945adf7f4bd,0.0,5,1.0,0.0,0.0,4,,,,,,,,,,,,,,,,,,0.7532467532467533,0.7967479674796748,,,,,,,,0.7749973603632141,0.7749973603632141
c202,network,F-same,main-network-F-same-r2,False,combined,3,mature6-10,10,10,conversation:c202:0,10,False,False,incomplete_or_mismatched_source_coverage,214,False,6199997.0,0.011757021554539516,0.09735236036992534,0.12987012987012986,0.32,,,,0.041883455013650116,0.06622538485226773,3.5127557830002067,0.004765826893466577,0.008735150244584208,54,33.540571077198265,54,3.517711502983487,33.70720130087609,0.065907,53,0.9869559999999999,52,edge:b323e3c0fe7418762a6c0209e24fcc36b7147842cf7434f3a45ce945adf7f4bd,0.0,5,1.0,0.0,0.0,4,,,,,,,,,,,,,,,,,,0.6610169491525424,0.7354497354497355,,,,,,,,0.6982333423011389,0.6982333423011389
c202,network,F-same,main-network-F-same-r2,False,combined,5,mature6-10,10,10,conversation:c202:0,10,False,False,incomplete_or_mismatched_source_coverage,214,False,6199997.0,0.011757021554539516,0.09735236036992534,0.12987012987012986,0.2840909090909091,,,,0.041883455013650116,0.06622538485226773,3.5127557830002067,0.004765826893466577,0.008735150244584208,54,33.540571077198265,54,3.517711502983487,33.70720130087609,0.065907,53,0.9869559999999999,52,edge:b323e3c0fe7418762a6c0209e24fcc36b7147842cf7434f3a45ce945adf7f4bd,0.0,5,1.0,0.0,0.0,4,,,,,,,,,,,,,,,,,,0.6610169491525424,0.7354497354497355,,,,,,,,0.6982333423011389,0.6982333423011389
