branch,thread,turn,coordinate,context,field_seed,gemma_seed,landing,landing_component,landing_probability,landing_ticket,active_neighborhood_count,contributor_count,distribution_count,distribution_flatness,total_pressure,payload_sha256,request_sha256,final_output_sha256,final_output_bytes,reasoning_mode,reasoning_bytes_reported,reasoning_sha256,finish_reason,state_digest,health_status,health_reason,exact_request_bytes_present,reasoning_trace_content_present,exact_final_output_present,payload_hash_valid,context_matches_participant
OFF,1,3,OFF/T01/U3,"I'll try the finger test first. I've been so worried about overwatering, but maybe I've been under-watering instead. Do you think I should start keeping a journal of the soil moisture?",720203,710203,edge:2d0a73c20f2eb00aa942a504f6b16233dfa6e566043226403697261cc09b5cd6,contextual_and_background,500000,228340,2,1,2,1000000,40000,c6260787eb30d3754a552e231e28612e60df8c6a5b14cbb637b3fdb94f1317f7,bc0f886e640485000524dfa88b6757c8dd27826d46b30ba72655b42abe8559ff,f96472a78753b105e3beb04158b94415fe6e30f0f7dbb443d03e847375855caa,1266,off,0,e3b0c44298fc1c149afbf4c8996fb92427ae41e4649b934ca495991b7852b855,stop,43c990e81a3d759a46d056917c5a0f1290a4b7ec25c33e448cf1377d21eb79e3,healthy,field_treatment_delivered,False,False,True,True,True
OFF,2,0,OFF/T02/U0,I need to plan a short trip when weather and timing are uncertain.,720300,710300,edge:d182fd3176a029e7316597632ddbdb6096507033619ab283e65827165418359f,contextual_and_background,769230,920273,2,1,2,461540,40000,9a6943332c76b807711bbe26d51b9cbeef5b1f25adf7c3ec383daa0008bfae90,c07874dcc6601e877644852a453c45a4580fdbd844fddec59a19b71a562eee4e,9f340bf600936f1d59bf872a8f3a16f169db3ef82384afff809212d1bec4849b,434,off,0,e3b0c44298fc1c149afbf4c8996fb92427ae41e4649b934ca495991b7852b855,stop,43c990e81a3d759a46d056917c5a0f1290a4b7ec25c33e448cf1377d21eb79e3,healthy,field_treatment_delivered,False,False,True,True,True
OFF,2,1,OFF/T02/U1,"I think I'll go with a beach trip, but I'm not sure about the exact dates yet. How do I balance flexibility with making the most of the time I have?",720301,710301,edge:d182fd3176a029e7316597632ddbdb6096507033619ab283e65827165418359f,background,500000,570207,2,1,2,1000000,40000,9a6943332c76b807711bbe26d51b9cbeef5b1f25adf7c3ec383daa0008bfae90,40d2b9f37fdc121ed2797f8804c7a8cebdceab0de63dd50ea155b4a0f910fd37,2db6173006ec4fbfc72c164d0877da4a7d78d955859a11021a2bb11dff9e3b1f,1543,off,0,e3b0c44298fc1c149afbf4c8996fb92427ae41e4649b934ca495991b7852b855,stop,b3c5919913f9267ca1d7d05bf0e219dbbb554bf838a4e3a9cd22e9a3778258fc,healthy,field_treatment_delivered,False,False,True,True,True
ON,2,1,ON/T02/U1,"I think I'll go with a beach trip, but I'm not sure about the exact dates yet. How do I balance flexibility with making the most of the time I have?",720301,710301,edge:07a1295b25142f3025c2bd110e1762c3d1bcbc312ce75380f63b4a39b0be6a84,background,1000000,570207,2,1,1,0,80000,9a6943332c76b807711bbe26d51b9cbeef5b1f25adf7c3ec383daa0008bfae90,9a8a3c8af8c6f6759462d80af109cd6a719f0121779ce1f093bf8e4bbc7d7260,c999171d89c1ae2de6c456eb5f054ceb450a906a8988114403703cdb8a450a48,2696,on,1801,fde05ec4b143f30f5c8473b2e42c22dc04b6e9b1da8fb59b66e89a4fbbd87bab,stop,16ab0a0f65e732e909002d43a992ed6d4ebd092617ffb84b289627397a301776,healthy,field_treatment_delivered,False,False,True,True,True
OFF,2,2,OFF/T02/U2,"I'm leaning toward a coastal area, but I haven't settled on a specific place yet. Do you think it's better to pick a destination first or keep it open while I figure out the dates?",720302,710302,edge:2d0a73c20f2eb00aa942a504f6b16233dfa6e566043226403697261cc09b5cd6,background,250000,141584,2,1,4,1000000,40000,c6260787eb30d3754a552e231e28612e60df8c6a5b14cbb637b3fdb94f1317f7,15c63dc7711d754e2e79f5b02547732efd28e6f5b25532d6a31e4fccf0cdd378,8b68bc4a9c1695fab665b3814fb6dce26e8d1dfda90514571970f66a6b1201b7,1589,off,0,e3b0c44298fc1c149afbf4c8996fb92427ae41e4649b934ca495991b7852b855,stop,b3c5919913f9267ca1d7d05bf0e219dbbb554bf838a4e3a9cd22e9a3778258fc,healthy,field_treatment_delivered,False,False,True,True,True
ON,2,2,ON/T02/U2,"I'm leaning toward a coastal area, but I haven't settled on a specific place yet. Do you think it's better to pick a destination first or keep it open while I figure out the dates?",720302,710302,edge:07a1295b25142f3025c2bd110e1762c3d1bcbc312ce75380f63b4a39b0be6a84,background,1000000,141584,2,1,1,0,80000,9a6943332c76b807711bbe26d51b9cbeef5b1f25adf7c3ec383daa0008bfae90,9ef3f809da6895014d63f51bab6f12e34f6a4f70c441eca9c859738e05c52f63,dd90a0e6f633c2eca35060aa25af2d3ddbe04ebccbc574284baa93d541ccf71f,2410,on,2039,ef8ac10b3f0e8951a902e4935128fba43fbfa5e119376cc56816eac8e78f7046,stop,16ab0a0f65e732e909002d43a992ed6d4ebd092617ffb84b289627397a301776,healthy,field_treatment_delivered,False,False,True,True,True
OFF,2,3,OFF/T02/U3,"That makes sense. I think I'm leaning toward something with both beach and culture, maybe the Mediterranean? But I'm not sure if that's too vague. What do you think?",720303,710303,edge:2d0a73c20f2eb00aa942a504f6b16233dfa6e566043226403697261cc09b5cd6,background,250000,103107,2,1,4,1000000,40000,c6260787eb30d3754a552e231e28612e60df8c6a5b14cbb637b3fdb94f1317f7,b2fc170671ea134316888e928157baf8b6d578693ac8c6bd6a920753483fa428,381570c9d3166a4806477a26c0eff42af82f31174021765404242a12a0f08a94,1418,off,0,e3b0c44298fc1c149afbf4c8996fb92427ae41e4649b934ca495991b7852b855,stop,1df3a53ab34c539edf9d54e5116051c218d1763018ddcec339ace632b09748b9,healthy,field_treatment_delivered,False,False,True,True,True
ON,2,3,ON/T02/U3,"That makes sense. I think I'm leaning toward something with both beach and culture, maybe the Mediterranean? But I'm not sure if that's too vague. What do you think?",720303,710303,edge:07a1295b25142f3025c2bd110e1762c3d1bcbc312ce75380f63b4a39b0be6a84,background,1000000,103107,2,1,1,0,80000,9a6943332c76b807711bbe26d51b9cbeef5b1f25adf7c3ec383daa0008bfae90,8891581d5a04cdc87874e1b696b0bcd9d9b4da619280eff873c1e4636442ac3e,4a66851832c3dec7e6f528aeab7faf277b0db89a15250cfee0c93f4ec39638b6,2167,on,1394,301f3c5678e16713d4301c1be8a2d7a5eee7932e32d3bd5f07ccf2261b004cfe,stop,16ab0a0f65e732e909002d43a992ed6d4ebd092617ffb84b289627397a301776,healthy,field_treatment_delivered,False,False,True,True,True
OFF,3,0,OFF/T03/U0,I want to improvise dinner from ingredients that do not quite fit together.,720400,710400,edge:26057f27dc0c4e8ef6a0871562af3cda02479fedabd082fd14e3bb18bf3ac73c,background,166666,669179,3,2,8,952381,60800,df729f1c353c599cd098519a73ebecb934a2b85ae78c82f9e7e95489efacbeeb,80e87b526cd10fee5046fe5cc57dfb534ec772fbcae6a9fafc86cd07714b8bdb,dbfe4fc114d45787fb700769a3b1eb71b7d6ed7bde0681befcc8ab52853187e1,238,off,0,e3b0c44298fc1c149afbf4c8996fb92427ae41e4649b934ca495991b7852b855,stop,344031c2e7d0b84820b0a64344885758ee7ea910b14ddbf200d054edbfdc98c4,healthy,field_treatment_delivered,False,False,True,True,True
ON,3,0,ON/T03/U0,I want to improvise dinner from ingredients that do not quite fit together.,720400,710400,edge:07a1295b25142f3025c2bd110e1762c3d1bcbc312ce75380f63b4a39b0be6a84,background,1000000,669179,2,1,1,0,80000,9a6943332c76b807711bbe26d51b9cbeef5b1f25adf7c3ec383daa0008bfae90,668ff3a0ec1d7b0bffad26b7ae8c44ebe04d4d82019a841d55150dcb1c8cd934,381796bd1b7d2c78f128e871197558426577fd37ef946f2c6ea1cb8b861fad79,977,on,2219,3a7213e969f63e3b122bd37a0a2b8657fb57b2abb42f226c03703c8ce74020a0,stop,3c66957c0dd0a15c843ca60795d717d703c01b90b62d69b09e41f8bddc9977bb,healthy,field_treatment_delivered,False,False,True,True,True
OFF,3,1,OFF/T03/U1,"What if I told you I have a can of tuna, some old bread, and a half-used jar of olives?",720401,710401,edge:525354c47f0d95e62be0ce9ca3a575274614f5fb341178d1203d52181edac622,background,62500,482538,5,4,9,843750,51200,01c9bc0060652e99ade7e2caf36368097f64e15a6d9b59a445e92125e973954e,6cac208c2d9b9e6e349dd5d37b52e2a49dbba1372dd1c6faa71d10364bdd0825,8c7e114f317ff36d63391d15131203c3e2177c888f1e5738926909f3ab10c968,1011,off,0,e3b0c44298fc1c149afbf4c8996fb92427ae41e4649b934ca495991b7852b855,stop,344031c2e7d0b84820b0a64344885758ee7ea910b14ddbf200d054edbfdc98c4,healthy,field_treatment_delivered,False,False,True,True,True
ON,3,1,ON/T03/U1,"What if I told you I have a can of tuna, some old bread, and a half-used jar of olives?",720401,710401,edge:68ac0ae1c331c13a1d883b11e60f884d7dbf9b612c484c494f161b2e385d9877,background,500000,482538,2,1,2,1000000,80000,df729f1c353c599cd098519a73ebecb934a2b85ae78c82f9e7e95489efacbeeb,38a5c24ba809e427693291e5d3a8dc701b93fe9ab4d53e9e3493b64b6201d059,f6e69adbb4bf0d7b6151459b98dc156f53302e23c2e022e884f9b2e19bf3a112,1510,on,1747,033c0b105f9e108f2d676639d7d1de371eff4da4cb29ac1fb197fbdf13f019cd,stop,6a64dfb0357ad48442290b7499ed69df295d291787b6ae2a73ce134be1556de8,healthy,field_treatment_delivered,False,False,True,True,True
OFF,3,2,OFF/T03/U2,"I'm leaning toward the sandwich, but I want to add something else. Do you think I could use the olive oil to make a dressing for the bread?",720402,710402,edge:a6faff14ebf8fd01e11627633ca968070337d1439e603e79cc019276baa9a3c6,background,250000,12642,2,1,9,843750,80000,36076103249e0bba9fc76b2d2a25fe3d87c2948f7151a3d1dda8ed262ceb9325,d9a37d7156b01db16847008568be9bc398e0ce0a269e356a2bdb645f4274d805,a86b0d35a6f20c8c4b37d00ffb871f9e06dab65c52fec0d3eeac6c02c3b13b63,1233,off,0,e3b0c44298fc1c149afbf4c8996fb92427ae41e4649b934ca495991b7852b855,stop,aa96c7c52574dd5db10f2ebf315b18308f3c659503e8aff08b55f76b52cf41b9,healthy,field_treatment_delivered,False,False,True,True,True
ON,3,2,ON/T03/U2,"I'm leaning toward the sandwich, but I want to add something else. Do you think I could use the olive oil to make a dressing for the bread?",720402,710402,edge:e2d51b9b35b632132ea07d5f5c37b74def8182c869afd6d63f235f0f03b42cfd,contextual_and_background,117997,12642,2,1,5,840708,26666,df729f1c353c599cd098519a73ebecb934a2b85ae78c82f9e7e95489efacbeeb,b8585aba31fb82810f8bf7fea195ca0e6e2000fc9dd88b500b494a82e08e1f89,8bd1d710531e8c778b8c3f167e4e79240423f40f60539845f741b550f9bd7660,1381,on,1366,bf3888de48ab07cdb2513134ae4117139466db3e7cf36c78907fcd2b369ebfcd,stop,1ef44211d195c5c7fc3d36fb77603689e6266c1bfb9baf96388f9b8f62975935,healthy,field_treatment_delivered,False,False,True,True,True
OFF,3,3,OFF/T03/U3,"That sounds like a solid plan. I think I'll go with the simple vinaigrette—just olive oil, lemon juice, and some salt. I don't want to overcomplicate it. Do you think that'll work?",720403,710403,edge:babcdbed359f3aec5f778c9e192590abcb38c5b181f6ec12e8eb15d839ff612b,contextual_and_background,392156,254976,2,1,10,675382,80000,d86cdb0998d815ea1c29a3fa6d692551e99e403848221dceb80e2cd2e3e7791c,ee54b52d43662868663430ae1dba9d0b244e4c246ce9ee053ccebd9033e86697,758b53be4b4aa8b07509377cf3309d08cb2188645959575136deeedff0359bc7,835,off,0,e3b0c44298fc1c149afbf4c8996fb92427ae41e4649b934ca495991b7852b855,stop,15111b00926d1fcc4abf26af52456d23ae56b8bdc3f7aafb0d824300803990d3,healthy,field_treatment_delivered,False,False,True,True,True
ON,3,3,ON/T03/U3,"That sounds like a solid plan. I think I'll go with the simple vinaigrette—just olive oil, lemon juice, and some salt. I don't want to overcomplicate it. Do you think that'll work?",720403,710403,edge:34c2f7b059d332d2076bdb9fd0331b39d00a519cc399b6a97ca9e82b99980038,contextual_and_background,200004,254976,3,2,8,914281,40533,95d2465ff156cc2d25c6a8bd4a0668dc33d37b9b3165f5801be34a966fe53efa,be8cca3abc0d70fee3316e9b596900908e46415aaf5342c93d6d0402325139c7,4e0f01d63085338c548361677a62c4e70febf4490bce753f450ab5c0c826989b,747,on,902,cff6f200d6a5548d8561c3f540f15ad9b43532920367d8099690765a003d52cb,stop,df7fb790588b127bf4fde03b2fd929fd13196e413cb81f8ec176f6fbd8b073ab,healthy,field_treatment_delivered,False,False,True,True,True
OFF,4,0,OFF/T04/U0,Our small ensemble keeps losing its shape when the tempo changes.,720500,710500,edge:dfd620a9e415ec21d9cf7c5d182194a6d406b4cb9a585b31bdfc455d98a84fa1,background,83333,691145,3,2,19,879617,60800,df729f1c353c599cd098519a73ebecb934a2b85ae78c82f9e7e95489efacbeeb,e3615f53a9d658684b1cb5493d460ca9ec988851cd9c2c01e4390de51e767576,7c3c905909f4476e2925c8daa9995e68fa63bf8bb8a2a61ec0e039663ffb2a43,330,off,0,e3b0c44298fc1c149afbf4c8996fb92427ae41e4649b934ca495991b7852b855,stop,093fc2d7549e036d1aed9854a684327fa0851d1938c811b8711e86850dc411fb,healthy,field_treatment_delivered,False,False,True,True,True
ON,4,0,ON/T04/U0,Our small ensemble keeps losing its shape when the tempo changes.,720500,710500,edge:07a1295b25142f3025c2bd110e1762c3d1bcbc312ce75380f63b4a39b0be6a84,background,200002,691145,2,1,10,888886,80000,9a6943332c76b807711bbe26d51b9cbeef5b1f25adf7c3ec383daa0008bfae90,20f45432d8a3d67ec48de7845a70d592e3ec859323907f3e7c6090b21091074d,280fbb1f8146cb62438b994056bde285f7badb397752f10b642f6e937a9bc1bf,418,on,2065,ab7a75d00dfbf791dac4f46bee4889cff7d18e35640b602a71db425864ca6c12,stop,9f414c3b3154b2636c3342415f08a07582cb5adb9eb6ef5353b8db0b34e9222e,healthy,field_treatment_delivered,False,False,True,True,True
OFF,4,1,OFF/T04/U1,"I'm working with a live chamber group, and when the conductor shifts tempo, the sections don't lock back in smoothly. It's like the ensemble loses its internal rhythm.",720501,710501,edge:a6faff14ebf8fd01e11627633ca968070337d1439e603e79cc019276baa9a3c6,background,111816,41186,2,1,23,928556,80000,36076103249e0bba9fc76b2d2a25fe3d87c2948f7151a3d1dda8ed262ceb9325,3489ea371f7a9b3bc964dbacf05d6508a4d3276a1f86ae501fc867dbce9a26cc,c87df511a028ab6b24006028d9fb5fcaef1cd283cd3cb9a3e7022b3c944d4a54,715,off,0,e3b0c44298fc1c149afbf4c8996fb92427ae41e4649b934ca495991b7852b855,stop,859354cf0ac4c288e5c9f1e40dc4264795bbbb7230afc22229935252c9c91549,healthy,field_treatment_delivered,False,False,True,True,True
ON,4,1,ON/T04/U1,"I'm working with a live chamber group, and when the conductor shifts tempo, the sections don't lock back in smoothly. It's like the ensemble loses its internal rhythm.",720501,710501,edge:44ceeff2bcd7058f12767e762082e7fe9fc906c65789fd802a8ff83a0c242e97,contextual_and_background,100001,41186,2,1,14,947691,20000,9a6943332c76b807711bbe26d51b9cbeef5b1f25adf7c3ec383daa0008bfae90,189be68cbbd70e8b73e94eb8e70cb09be779a99ccbe61ecb1ae99126f9fd6298,9fcb653062443ae2af766f922ed268d5d60816010a6c91852e0de17b27a32fd9,1676,on,2018,5dd2d5a6b377e80b21707ac79c2ce71499125b1393e20ab4a5fbf14ef2d3ada1,stop,9f414c3b3154b2636c3342415f08a07582cb5adb9eb6ef5353b8db0b34e9222e,healthy,field_treatment_delivered,False,False,True,True,True
OFF,4,2,OFF/T04/U2,How do you handle the balance between maintaining the conductor's vision and allowing the ensemble's natural flow during these shifts?,720502,710502,edge:b1b935d39c58b405ae4d806a944e1189653fcdf2fce7da856d4e1ed6c1639d27,background,41664,313469,5,4,26,909986,61332,485108b244166ff0587d48dac85f1f346c87bae1c1947376db86ca97bd84acd8,550335a00b0a2abc3c83719311ccc412372aa3400a3e51c3d3904e758c36575e,54189455346e6f53588fa6ce253939f50e6e42c3ec31b03b5eee020dc254099b,2096,off,0,e3b0c44298fc1c149afbf4c8996fb92427ae41e4649b934ca495991b7852b855,length,859354cf0ac4c288e5c9f1e40dc4264795bbbb7230afc22229935252c9c91549,healthy,field_treatment_delivered,False,False,True,True,True
ON,4,2,ON/T04/U2,How do you handle the balance between maintaining the conductor's vision and allowing the ensemble's natural flow during these shifts?,720502,710502,edge:34c2f7b059d332d2076bdb9fd0331b39d00a519cc399b6a97ca9e82b99980038,background,55555,313469,3,2,14,897434,40533,95d2465ff156cc2d25c6a8bd4a0668dc33d37b9b3165f5801be34a966fe53efa,e0ab5e7662e2c267431b9d96297f9681830a0e13328ec71b6576d32bef650420,bc1ad6314263bbf5fb1c1eed5cec2d60ba1846c0e90cbf02ceb5b8578e685531,3087,on,2371,7846e534e37437dc51846c7d44d50f5ad0999df8703df273bcb45819e2a5275b,stop,9f414c3b3154b2636c3342415f08a07582cb5adb9eb6ef5353b8db0b34e9222e,healthy,field_treatment_delivered,False,False,True,True,True
OFF,4,3,OFF/T04/U3,"The idea of a ""slow-in"" cue makes sense, but how do you handle it when the shift is part of the piece's structure and not an unexpected change? Like, when the tempo is meant to accelerate at a specific point, but the ensemble still feels the jarring effect?",720503,710503,edge:da8c8b5279f14b6ae4cae209127229bb397c1090d926cef3ec7d801615127cae,contextual_and_background,68144,463294,4,3,26,945505,44266,8a2676eb7abdeae376ea685909449f73df09b3e1430ad2530abc9286a7627c2d,539048c575293316cb1d8bcd760fc9d2e5934cf139cebc062340e3a4f3f6966e,6c688673f64ec98b8593585780cf6b6a2ed082234f7d7e1e64c2352f5481e8f1,2005,off,0,e3b0c44298fc1c149afbf4c8996fb92427ae41e4649b934ca495991b7852b855,length,859354cf0ac4c288e5c9f1e40dc4264795bbbb7230afc22229935252c9c91549,healthy,field_treatment_delivered,False,False,True,True,True
ON,4,3,ON/T04/U3,"The idea of a ""slow-in"" cue makes sense, but how do you handle it when the shift is part of the piece's structure and not an unexpected change? Like, when the tempo is meant to accelerate at a specific point, but the ensemble still feels the jarring effect?",720503,710503,edge:07a1295b25142f3025c2bd110e1762c3d1bcbc312ce75380f63b4a39b0be6a84,background,120001,463294,2,1,14,947691,80000,9a6943332c76b807711bbe26d51b9cbeef5b1f25adf7c3ec383daa0008bfae90,c8981a49a22034eca92a71b09f75f922d7a72fe7d5a8869a3f6a66e4fdb84942,6dac0803601df3561b0992019f8e8edaaf9d2e8590c671fa7e79bdd692aa3c35,2173,on,1792,d70b6e344ef6e2ab708c7b0462547dd4cc7e4d4fca839cd7f8228c6af4f39500,stop,9f414c3b3154b2636c3342415f08a07582cb5adb9eb6ef5353b8db0b34e9222e,healthy,field_treatment_delivered,False,False,True,True,True
OFF,5,0,OFF/T05/U0,A household tool works intermittently and I only have basic supplies.,720600,710600,edge:babcdbed359f3aec5f778c9e192590abcb38c5b181f6ec12e8eb15d839ff612b,background,125001,514824,2,1,26,909986,80000,d86cdb0998d815ea1c29a3fa6d692551e99e403848221dceb80e2cd2e3e7791c,36fbff3029b6bf1924df44e3fd80f963c2b3f4b689cf3ee9017977eb57effcc1,aad3ecdd25b79368450935331eea0712e9429c5e9b3209602e5a4fcc770ee05a,287,off,0,e3b0c44298fc1c149afbf4c8996fb92427ae41e4649b934ca495991b7852b855,stop,6b477bbbe769015479b6f5d1209e77884bef7eec3d1b9958e87d9f32d43e22a1,healthy,field_treatment_delivered,False,False,True,True,True
ON,5,0,ON/T05/U0,A household tool works intermittently and I only have basic supplies.,720600,710600,edge:07a1295b25142f3025c2bd110e1762c3d1bcbc312ce75380f63b4a39b0be6a84,background,166668,514824,2,1,14,897434,80000,9a6943332c76b807711bbe26d51b9cbeef5b1f25adf7c3ec383daa0008bfae90,e30ba226dd93b06ef9a094fd3a73ad0813fdc0768649a2725b5bd14541d15dee,8a9575dfcdbc4687983fe2fabb7c007aaa44ac46aaf322ef27e9800a232233e9,739,on,1514,5713c7fdbba1b859883008bb841879d46e536ac7ffba45cbd6d21e8b6d53f849,stop,9f414c3b3154b2636c3342415f08a07582cb5adb9eb6ef5353b8db0b34e9222e,healthy,field_treatment_delivered,False,False,True,True,True
OFF,5,1,OFF/T05/U1,What kind of tool is it? I'm trying to figure out if it's something I can fix with basic supplies or if I need to replace it.,720601,710601,edge:b72162524c17728f3113967eea71cd5ce7ab7696e8b9739dd0636829ed534366,contextual_and_background,147062,536633,2,2,28,884528,60800,6943e316ee73c1c9847832d8c277550e173f4a4b690520c4f2f612a7a054d030,06a81705f842195f794472342c723c2161d0a733e033082ca639d60fe80ce5c1,eb9bd159c078cdfd00d8530d913c5c53f5d498bef37be84f5b36aa5898684af9,354,off,0,e3b0c44298fc1c149afbf4c8996fb92427ae41e4649b934ca495991b7852b855,stop,6b477bbbe769015479b6f5d1209e77884bef7eec3d1b9958e87d9f32d43e22a1,healthy,field_treatment_delivered,False,False,True,True,True
ON,5,1,ON/T05/U1,What kind of tool is it? I'm trying to figure out if it's something I can fix with basic supplies or if I need to replace it.,720601,710601,edge:07a1295b25142f3025c2bd110e1762c3d1bcbc312ce75380f63b4a39b0be6a84,background,166668,536633,2,1,14,897434,80000,9a6943332c76b807711bbe26d51b9cbeef5b1f25adf7c3ec383daa0008bfae90,d3e0c87ae8d0da12139d6ae7175e93e74a4506c5e55e0d2af60469430db81026,b42ef2bb40625b520f266779620e525c30ecdcc1dd85c2ed19f3ab5546cfaefd,407,on,1426,2ccd3411873f0456a60f53c060a4b1dc2bdf4bbfc95a3cea2c9b9e7a9172fa0b,stop,9f414c3b3154b2636c3342415f08a07582cb5adb9eb6ef5353b8db0b34e9222e,healthy,field_treatment_delivered,False,False,True,True,True
OFF,5,2,OFF/T05/U2,"Is it a power tool or something more basic, like a hand tool? I'm trying to get a better idea of what I'm dealing with.",720602,710602,edge:d182fd3176a029e7316597632ddbdb6096507033619ab283e65827165418359f,background,55059,930891,2,1,28,922824,40000,9a6943332c76b807711bbe26d51b9cbeef5b1f25adf7c3ec383daa0008bfae90,1456366fe89f2a2768d8d1fe9be5b1aa5276d23df782788229557afb7d7da7ea,ae3a13f3dceb19ab33285b66cff697fc6b8b2113ddfdbd80460305f5a480bdb7,587,off,0,e3b0c44298fc1c149afbf4c8996fb92427ae41e4649b934ca495991b7852b855,stop,538746ad29ac6b53954fa25760e8e3f2d25bc28dfa490a658cbc21ff852d5446,healthy,field_treatment_delivered,False,False,True,True,True
ON,5,2,ON/T05/U2,"Is it a power tool or something more basic, like a hand tool? I'm trying to get a better idea of what I'm dealing with.",720602,710602,edge:886d81836ef91a9b4b1682fbb45b2ef8e283e6cffe96b8603611f1304959c100,background,83334,930891,3,2,14,897434,60800,d8203ed2705643d1c40942dce89b3be070b9bf6bf34eaa1876770740c87f8f34,86751fe9e5cb3c26c2f9e8abb5e1662f7967d642426bc922810ea96f718ea843,a5124b54fbd0749d9028cbc0b473304ac40a963969f70369c1fc5c4794313c4b,407,on,1014,4f636eb2b6e9b692a746c57afb070c2cb9a8d86661f9fb14140fb280252380cf,stop,c6cb76b7c591acb231d48176ad813b98cd514a0c2497412e9e1d134c59feff8a,healthy,field_treatment_delivered,False,False,True,True,True
OFF,5,3,OFF/T05/U3,"It's a cordless drill. I think the battery might be the issue, but I'm not sure how to check it.",720603,710603,edge:b1b935d39c58b405ae4d806a944e1189653fcdf2fce7da856d4e1ed6c1639d27,background,33331,293389,5,4,30,931028,61332,485108b244166ff0587d48dac85f1f346c87bae1c1947376db86ca97bd84acd8,bab8c482811f1d1624ffa8252e3012ea7a97268bb33fd3798b45f5d15d4b03e6,9f5fc5e51358412434188edeb6c5b8b6a3336237ee1ac54a2cea432c38f3a8af,1645,off,0,e3b0c44298fc1c149afbf4c8996fb92427ae41e4649b934ca495991b7852b855,stop,538746ad29ac6b53954fa25760e8e3f2d25bc28dfa490a658cbc21ff852d5446,healthy,field_treatment_delivered,False,False,True,True,True
ON,5,3,ON/T05/U3,"It's a cordless drill. I think the battery might be the issue, but I'm not sure how to check it.",720603,710603,edge:897fe1ccab8f2c9389ce31ee91116172fb909c77932b6a70bfb28a9feca148de,background,142858,293389,2,1,15,918366,80000,9a6943332c76b807711bbe26d51b9cbeef5b1f25adf7c3ec383daa0008bfae90,8c14d80523bbe236ff222a93810d8fd9054188295b946e0e89ce27f0b82972b1,c9a06be7a5af2db84ef814690dbcedaed00b82a2f094297c0272e9dd40b103ae,1757,on,1011,fea37bcd838a857065547583d72f052f3c240ce17ed77698878d67943cafba19,stop,c6cb76b7c591acb231d48176ad813b98cd514a0c2497412e9e1d134c59feff8a,healthy,field_treatment_delivered,False,False,True,True,True
OFF,6,0,OFF/T06/U0,I am designing a simple game where luck should not erase every good decision.,720700,710700,edge:a6faff14ebf8fd01e11627633ca968070337d1439e603e79cc019276baa9a3c6,background,100006,36919,2,1,30,931028,80000,36076103249e0bba9fc76b2d2a25fe3d87c2948f7151a3d1dda8ed262ceb9325,de6398efe4c0648fe21ffd2797b053cf77da204f6ee0ae8163a446c4fbc06aaa,3685e47f17f51389028a30282288972a7d0de7324374d643f29138d7c95d3010,498,off,0,e3b0c44298fc1c149afbf4c8996fb92427ae41e4649b934ca495991b7852b855,stop,0230ed20d844a1b2d1678e5cc5e371eaee24f05eba8b9b44032744bfcf26a8d4,healthy,field_treatment_delivered,False,False,True,True,True
ON,6,0,ON/T06/U0,I am designing a simple game where luck should not erase every good decision.,720700,710700,edge:e2d51b9b35b632132ea07d5f5c37b74def8182c869afd6d63f235f0f03b42cfd,background,47624,36919,2,1,15,918366,26666,df729f1c353c599cd098519a73ebecb934a2b85ae78c82f9e7e95489efacbeeb,802c4ec3f651cc44087d1b0a1aaef20fa5316a716e654c9198224d383a71d213,164a083c8e854b4c39512e8e4700643f323e87f94f5c452e496d86613b36f7ad,1296,on,2058,c0d5572f10bf7a46006709cbf0d1695567c4dfdbe133448966c1f51bd08206ce,stop,c6cb76b7c591acb231d48176ad813b98cd514a0c2497412e9e1d134c59feff8a,healthy,field_treatment_delivered,False,False,True,True,True
OFF,6,1,OFF/T06/U1,"How would you handle a situation where a player makes a strong strategic choice, but a random event still undermines it?",720701,710701,edge:d00c18f0f4a866520b573a0cf463fd2ff8876700daddff764263c92d6eaf9e0e,background,22727,739863,5,4,32,938393,51200,01c9bc0060652e99ade7e2caf36368097f64e15a6d9b59a445e92125e973954e,9398643a24283b3b10cb43cbc30c4cbc2939cc22aa7dcc93f17582ad55b7799c,93743b4a7c4e62ac0056a56aa3885259148b28534f271f9c7ad448f49d1f2b5b,1935,off,0,e3b0c44298fc1c149afbf4c8996fb92427ae41e4649b934ca495991b7852b855,length,0230ed20d844a1b2d1678e5cc5e371eaee24f05eba8b9b44032744bfcf26a8d4,healthy,field_treatment_delivered,False,False,True,True,True
ON,6,1,ON/T06/U1,"How would you handle a situation where a player makes a strong strategic choice, but a random event still undermines it?",720701,710701,edge:567ffecd27b84f1a5d72f6cfabc5419c0aac94e17226f5cf64960e584b2d99c2,background,35714,739863,4,3,15,918366,40800,90068360b7c7ad397ed69aba701d1b4a09367692942bfa8e4b29b38c11e96263,a1aea68f2709777c3628b0574dc52af5b7f5f83265a9a4153a282fc9d535ea40,522634f765a09d6ac361956b4ff2deaeb72b067cd56c7b52410bb349c2c764ab,2828,on,2062,1baac29aa5ddec01a0d3c9b42ecfd71982620cb11674e3e1d5299fe5875f7771,stop,c6cb76b7c591acb231d48176ad813b98cd514a0c2497412e9e1d134c59feff8a,healthy,field_treatment_delivered,False,False,True,True,True
OFF,6,2,OFF/T06/U2,How do you decide which mitigation strategy feels most natural for the game's tone?,720702,710702,edge:410111bb35ee6fca55b87909eea54cd3a04b8590bf73bcbed85f7710757e0142,background,30302,138957,5,4,32,938393,61333,74b3b800e70dff46b5df3546b086f9223ad0d63fd2a0597955b423996c0ae0b5,b9e89a19b504b0041d72786e0e8617a16f94b125a8c1cf1a5b823d64b44d18b9,8d933e99e54c2d080194033278e152aee04d7673341b363f1f0e442025ffbfc5,1940,off,0,e3b0c44298fc1c149afbf4c8996fb92427ae41e4649b934ca495991b7852b855,length,0230ed20d844a1b2d1678e5cc5e371eaee24f05eba8b9b44032744bfcf26a8d4,healthy,field_treatment_delivered,False,False,True,True,True
ON,6,2,ON/T06/U2,How do you decide which mitigation strategy feels most natural for the game's tone?,720702,710702,edge:68ac0ae1c331c13a1d883b11e60f884d7dbf9b612c484c494f161b2e385d9877,background,142858,138957,3,2,15,918366,93866,6e19f8c94d5ecfa348a6cbc6821d76b2adf4f5387328519d10f7783159813764,be1c86abee19f93ddd6b54217c57a8dd0ef2a4d942061c5adf17b8bf78660d3c,41601a51cef5145775430722b3185907d8379b8254f81695c7b6e89cdc872cc3,2955,on,1791,013df58cc86d9390c06e6f63213d80c5b6183568266b4c2cb9b4ab8810f5d3dc,stop,c6cb76b7c591acb231d48176ad813b98cd514a0c2497412e9e1d134c59feff8a,healthy,field_treatment_delivered,False,False,True,True,True
OFF,6,3,OFF/T06/U3,"So if I'm designing a game where the player makes a critical decision, and then a random event tries to undermine it, how do I balance making the event feel meaningful without making the player feel like their choice doesn't matter?",720703,710703,edge:d182fd3176a029e7316597632ddbdb6096507033619ab283e65827165418359f,background,45240,912899,2,1,32,938846,40000,9a6943332c76b807711bbe26d51b9cbeef5b1f25adf7c3ec383daa0008bfae90,6fe16cc348cc73ece1cc931a618ff0de9ac3eeb658529fc4d72d3a9be94e687d,0079815b9857368ac429b0f5a9e9f01c324cc056da822ce5dd1dfd006cd04548,1930,off,0,e3b0c44298fc1c149afbf4c8996fb92427ae41e4649b934ca495991b7852b855,length,0230ed20d844a1b2d1678e5cc5e371eaee24f05eba8b9b44032744bfcf26a8d4,healthy,field_treatment_delivered,False,False,True,True,True
ON,6,3,ON/T06/U3,"So if I'm designing a game where the player makes a critical decision, and then a random event tries to undermine it, how do I balance making the event feel meaningful without making the player feel like their choice doesn't matter?",720703,710703,edge:4961a03405c41b6935344bb4ddab94616bef0d0171490480e54302639780bc20,background,71429,912899,3,2,15,918366,60800,a9de7e8e9c1841bb3bbd177e91175af3eb2cf522149a37486978cdfc5efe55ca,d87ee34c1d3182086cdb971fc74d8243f84db2dab28c691dd0b0aa2d2c20874b,b4fa4b99b1ef7fbeef5a3b17bdb9ba2974ce4adaeaea5330152ac683e81ce8ad,3370,on,2210,a0436207df0e7b351f8c2186f8a758867a18aed8cd3a202798ef206420ccf534,stop,c6cb76b7c591acb231d48176ad813b98cd514a0c2497412e9e1d134c59feff8a,healthy,field_treatment_delivered,False,False,True,True,True
OFF,7,0,OFF/T07/U0,I have too many visual ideas for one small poster.,720800,710800,edge:2d889f50870bc7b4950493987f5f98f4b0bb7fddf1b9b23c66f6f30b5e4fb2d6,background,45454,357607,4,4,32,938393,81881,44f66cf2fa7bcda0d7b6b2c17ac9d04d82a6caa5d2660f652a8425a4bc804833,e5767589cac2657f6ef4c00a71d883ffaf854a0df2fc0ab4fe4341d31a2c823f,fafe4484bba487afd6d67b7aa7df7d1fa290f039a5e7bcc9585a02600db10f73,325,off,0,e3b0c44298fc1c149afbf4c8996fb92427ae41e4649b934ca495991b7852b855,stop,0230ed20d844a1b2d1678e5cc5e371eaee24f05eba8b9b44032744bfcf26a8d4,healthy,field_treatment_delivered,False,False,True,True,True
ON,7,0,ON/T07/U0,I have too many visual ideas for one small poster.,720800,710800,edge:897fe1ccab8f2c9389ce31ee91116172fb909c77932b6a70bfb28a9feca148de,background,142858,357607,2,1,15,918366,80000,9a6943332c76b807711bbe26d51b9cbeef5b1f25adf7c3ec383daa0008bfae90,cdb8c2c46bb5041f82b8f41d56c5c5b8d007140867eebf6c40c1c3602753ad39,afd3bf6b02d110f619f619e090801c4fc76384222b91ae55f36b0ca86503170a,1538,on,1734,4020d31ea020b815eeec052ec763e3683a0d672950b5c37e0737a6e4a5e18af8,stop,c6cb76b7c591acb231d48176ad813b98cd514a0c2497412e9e1d134c59feff8a,healthy,field_treatment_delivered,False,False,True,True,True
OFF,7,1,OFF/T07/U1,"I think I need to figure out what message I want to send first. The poster is for a poetry event, but I have images and themes for different poems. How do I decide which ones to include?",720801,710801,edge:a6faff14ebf8fd01e11627633ca968070337d1439e603e79cc019276baa9a3c6,background,90931,71507,2,1,32,938393,80000,36076103249e0bba9fc76b2d2a25fe3d87c2948f7151a3d1dda8ed262ceb9325,54727666afde53501e5e868b87004aa1a3290f77182e923a4185287bcd68c913,0699cf3fc6cfea345cdf3a1b2db1a274999ebbdb7ffc69a56769baa79ad8d907,1321,off,0,e3b0c44298fc1c149afbf4c8996fb92427ae41e4649b934ca495991b7852b855,stop,0230ed20d844a1b2d1678e5cc5e371eaee24f05eba8b9b44032744bfcf26a8d4,healthy,field_treatment_delivered,False,False,True,True,True
ON,7,1,ON/T07/U1,"I think I need to figure out what message I want to send first. The poster is for a poetry event, but I have images and themes for different poems. How do I decide which ones to include?",720801,710801,edge:44ceeff2bcd7058f12767e762082e7fe9fc906c65789fd802a8ff83a0c242e97,background,35714,71507,2,1,15,918366,20000,9a6943332c76b807711bbe26d51b9cbeef5b1f25adf7c3ec383daa0008bfae90,13a8cfb5bde1515406a38fbf1d90abea0235283b1e94f76b75b9c0963c71242a,74aab506025127ee88625781969922eb6b0d1ba726d72ad0bafe42458579d541,2373,on,1982,de3a463c5168d2dad7125e9e3e3c86ef3817e38a51e50fc473b4b7130dc1ad81,stop,c6cb76b7c591acb231d48176ad813b98cd514a0c2497412e9e1d134c59feff8a,healthy,field_treatment_delivered,False,False,True,True,True
OFF,7,2,OFF/T07/U2,"I think I'm leaning toward the ""visual anchor"" approach. I have one image that really captures the mood I want—something abstract with layered textures. But I'm worried it might be too subtle. Should I add a secondary image to reinforce the theme, or stick with just the one?",720802,710802,edge:bc56197fcd888c578b45d5ab8fa8ee58dae62353ad0b533049655eacea64fb01,background,10099,453802,5,4,32,938393,18256,930bffbd512ff27e421584fd92c65d8850525ba103b836c44fe2ba2432c6187f,1475b6d506af31fcfd0ecf7f72c1c658778fad10ac6cf1cdcf5a178e13ebaa5d,f651afeba6eb794af332e61bda63d6cff60bff1394fb444bd5744be36ad7eb43,1589,off,0,e3b0c44298fc1c149afbf4c8996fb92427ae41e4649b934ca495991b7852b855,stop,0230ed20d844a1b2d1678e5cc5e371eaee24f05eba8b9b44032744bfcf26a8d4,healthy,field_treatment_delivered,False,False,True,True,True
ON,7,2,ON/T07/U2,"I think I'm leaning toward the ""visual anchor"" approach. I have one image that really captures the mood I want—something abstract with layered textures. But I'm worried it might be too subtle. Should I add a secondary image to reinforce the theme, or stick with just the one?",720802,710802,edge:bc56197fcd888c578b45d5ab8fa8ee58dae62353ad0b533049655eacea64fb01,background,47616,453802,2,1,15,918366,26666,d86cdb0998d815ea1c29a3fa6d692551e99e403848221dceb80e2cd2e3e7791c,7b052e70e349ac1501ab05f778112da39ebc6e61f91cc2e7076bdf1f2bf3c831,c63ee4cde6ebb68a6890138fc493f1af3dc6a0fb3b0a0489f437f59495f3b782,2040,on,1384,6ba903d3486454af5114a28ffb1f1acd541d6f4c7f05c9cdf5b4ba4f81601abc,stop,c6cb76b7c591acb231d48176ad813b98cd514a0c2497412e9e1d134c59feff8a,healthy,field_treatment_delivered,False,False,True,True,True
OFF,7,3,OFF/T07/U3,"I appreciate both perspectives—A's emphasis on letting the strong image stand alone and B's suggestion of anchoring it with text or a secondary image. I think I'll experiment with adding a subtle text element, maybe a single word in a bold font, to see if it enhances the mood without overpowering the abstract feel. Would either of you recommend a specific type of text or font style for that?",720803,710803,edge:2d0a73c20f2eb00aa942a504f6b16233dfa6e566043226403697261cc09b5cd6,background,45454,807075,2,1,32,938393,40000,c6260787eb30d3754a552e231e28612e60df8c6a5b14cbb637b3fdb94f1317f7,6f3e100b919fddecd8a1624fd301d2b0abbfceb40690cdc8789e05e765566e6d,aa1e7eeb8c8423d161216d01c85c4ea31662fa5749b9900c8f7b03f283d5ecd2,1765,off,0,e3b0c44298fc1c149afbf4c8996fb92427ae41e4649b934ca495991b7852b855,stop,0230ed20d844a1b2d1678e5cc5e371eaee24f05eba8b9b44032744bfcf26a8d4,healthy,field_treatment_delivered,False,False,True,True,True
ON,7,3,ON/T07/U3,"I appreciate both perspectives—A's emphasis on letting the strong image stand alone and B's suggestion of anchoring it with text or a secondary image. I think I'll experiment with adding a subtle text element, maybe a single word in a bold font, to see if it enhances the mood without overpowering the abstract feel. Would either of you recommend a specific type of text or font style for that?",720803,710803,edge:aa216fc6fa2b1621b92299103046a6cabfc250c7c9ff7daf777b8100f64a06d3,background,47618,807075,2,1,15,918366,26667,df729f1c353c599cd098519a73ebecb934a2b85ae78c82f9e7e95489efacbeeb,984cce68d7c17091cec724dd3f0c553ce4a1024b428945728bc609683f3a4ab6,1d5932498fa366d620cdc69976d5ecd12ee1327dc14555eae5b290d1840fab3b,2333,on,2266,ff564ec691f4838921a8076bc395379533688306de97e03194213ecf8cdf45f0,stop,c6cb76b7c591acb231d48176ad813b98cd514a0c2497412e9e1d134c59feff8a,healthy,field_treatment_delivered,False,False,True,True,True
OFF,8,0,OFF/T08/U0,Several people share equipment but their schedules rarely line up.,720900,710900,edge:1bbffa3079f6e9c10d61ca4a626ba3047d22ce709022b0d781d86db037811515,background,10100,443067,5,4,32,938393,59732,930bffbd512ff27e421584fd92c65d8850525ba103b836c44fe2ba2432c6187f,99bfafd02b3ce20cf1862d0b64b1605b2e9a3e5966ebb001921d53b497be796e,703e4ab0265f4125c7a311c50af05d07608df6aaa9b9d61c2bd50f00e2e21bbc,198,off,0,e3b0c44298fc1c149afbf4c8996fb92427ae41e4649b934ca495991b7852b855,stop,e81c23de07e2226d4c1de255bb28ae9d9ecd96d0847a017ea929093cbc46edd9,healthy,field_treatment_delivered,False,False,True,True,True
ON,8,0,ON/T08/U0,Several people share equipment but their schedules rarely line up.,720900,710900,edge:bc56197fcd888c578b45d5ab8fa8ee58dae62353ad0b533049655eacea64fb01,background,47616,443067,2,1,15,918366,26666,d86cdb0998d815ea1c29a3fa6d692551e99e403848221dceb80e2cd2e3e7791c,2713ab1516277b3133dc6e8c68c48ea39bed515d486041930b5f3e7af248dd36,1bf4abfb618369e852d0c73f9ad59f31c0d4a10aa714d4834c61166d448686c3,651,on,1802,adb9a138daa1fdbd23e21a83cc104e66b1774bc6f0b77a33c3e66eb046c7ca1e,stop,92023d220293c4a6b227ad085f1474d31d3cddcce572d5dbe55efe9d6bf1cc0a,healthy,field_treatment_delivered,False,False,True,True,True
OFF,8,1,OFF/T08/U1,"It's more of an observation, but I do wonder if there's a way to make it less of a hassle when it does come up. Have you seen any good solutions in similar situations?",720901,710901,edge:babcdbed359f3aec5f778c9e192590abcb38c5b181f6ec12e8eb15d839ff612b,background,82973,614654,2,1,33,945670,80000,d86cdb0998d815ea1c29a3fa6d692551e99e403848221dceb80e2cd2e3e7791c,05b0ee29e16694130d9a8d25f5dafbee9ca210e5810e1d7e52058c6eab7ff1a4,b226d41231a22dc18c66dac9cbc96c00312ba9e0776b184a5738441fd04970fb,1273,off,0,e3b0c44298fc1c149afbf4c8996fb92427ae41e4649b934ca495991b7852b855,stop,e81c23de07e2226d4c1de255bb28ae9d9ecd96d0847a017ea929093cbc46edd9,healthy,field_treatment_delivered,False,False,True,True,True
ON,8,1,ON/T08/U1,"It's more of an observation, but I do wonder if there's a way to make it less of a hassle when it does come up. Have you seen any good solutions in similar situations?",720901,710901,edge:2118c282859aad8717b452e3370691dddb072087924cc73819d404902a14d4cc,background,31250,614654,4,3,16,933332,30470,4c8d41c147896a30af24851c2b23c4c1d65a104a058b6d3a9d33607119c48736,3183250c117fb35c2db0b54a8c2ffc7a0f57bb7ee9d490e4c89dfea0e7d709e3,e550ed3cf72481e187fc27912ac823ea6f2ad57acb17cc173f8b13b20568af8f,2355,on,1958,a078241c0f31cc1a575515a995c4a32f35c4819507caffbeb4e811a2d771574d,stop,92023d220293c4a6b227ad085f1474d31d3cddcce572d5dbe55efe9d6bf1cc0a,healthy,field_treatment_delivered,False,False,True,True,True
OFF,8,2,OFF/T08/U2,I guess it's more about coordinating people than equipment. I was thinking about how to handle overlapping schedules when multiple people need to be available for a meeting or project update. Do you have any thoughts on that?,720902,710902,edge:b72162524c17728f3113967eea71cd5ce7ab7696e8b9739dd0636829ed534366,background,34884,535227,4,4,33,791420,81881,37cd1d53e375f15739ee057dbc0da0dd03b6bfb3dddaef4e4ea4f9963202373f,51243199de5fb472c9fb0e3004aba813e91e14d11a999be8778ddc90e99b52a7,e4152f24c38376e827fbb15b41f3ae81ecf8884386a79cf89c014a5b8472a9c8,1311,off,0,e3b0c44298fc1c149afbf4c8996fb92427ae41e4649b934ca495991b7852b855,stop,e81c23de07e2226d4c1de255bb28ae9d9ecd96d0847a017ea929093cbc46edd9,healthy,field_treatment_delivered,False,False,True,True,True
ON,8,2,ON/T08/U2,I guess it's more about coordinating people than equipment. I was thinking about how to handle overlapping schedules when multiple people need to be available for a meeting or project update. Do you have any thoughts on that?,720902,710902,edge:07a1295b25142f3025c2bd110e1762c3d1bcbc312ce75380f63b4a39b0be6a84,background,125001,535227,2,1,16,933332,80000,9a6943332c76b807711bbe26d51b9cbeef5b1f25adf7c3ec383daa0008bfae90,42772d1ca84da315fcde4a93af1763e62d1fd152960afd0eb3d53f75110cffc4,3e5b956e0120451b9c5be8ad5023563c0ab3818931b4a5ea161972188622af70,2776,on,2041,9476214a7f3a0167d19c497efcf8c756936c46b51013a390e4be9d21c0795dbd,stop,92023d220293c4a6b227ad085f1474d31d3cddcce572d5dbe55efe9d6bf1cc0a,healthy,field_treatment_delivered,False,False,True,True,True
OFF,8,3,OFF/T08/U3,How do you handle situations where someone is consistently unavailable during the common time slots? It feels like we're always chasing the same few windows.,720903,710903,edge:dfd620a9e415ec21d9cf7c5d182194a6d406b4cb9a585b31bdfc455d98a84fa1,background,41666,831684,3,2,33,945294,60800,df729f1c353c599cd098519a73ebecb934a2b85ae78c82f9e7e95489efacbeeb,eaa9ceaef15a36979d4400ae3fcbe9f1709bcd9c003e7c76357dd174e206290f,bd58acd6e7b6e0f500cb43b8b52e22252626bb09f56fdc8fea46303634ecb60d,1786,off,0,e3b0c44298fc1c149afbf4c8996fb92427ae41e4649b934ca495991b7852b855,stop,e81c23de07e2226d4c1de255bb28ae9d9ecd96d0847a017ea929093cbc46edd9,healthy,field_treatment_delivered,False,False,True,True,True
ON,8,3,ON/T08/U3,How do you handle situations where someone is consistently unavailable during the common time slots? It feels like we're always chasing the same few windows.,720903,710903,edge:2ce16b1183959c605c457653c1a3522da986a80dc735b872fb127b7c95a616c6,background,125001,831684,2,1,16,933332,80000,fa87891a80cdb0aa04066e16571873f19850b45c94c226589f8517a5d59cf00a,9f13a4bcfa9917f771ea1eeb4ec1c060365254114160bfd1f52f4c67a4cdcb3c,534725e166dbe2d6f5163ff8b268f2fc024367cba4f059af9761484c1756e714,3296,on,1816,1c42ea793077e8f9fd3dfa2418848bae37f4606c02a1164153185080226d5a23,stop,92023d220293c4a6b227ad085f1474d31d3cddcce572d5dbe55efe9d6bf1cc0a,healthy,field_treatment_delivered,False,False,True,True,True
OFF,9,0,OFF/T09/U0,I am trying to keep track of a changing night sky with modest equipment.,721000,711000,edge:24b40f9853ec030665a396177eb68c99c2035a40bec63927fdfcf4c33596e9af,background,7672,984579,4,4,33,793835,22755,a83831eb2914f1aa9fc4e235a9069c900910883d7c0de8d78ee955f937051678,f085c990185894ffa63079d1f79e3004cd4aa880effb0b4c38492ae406c9fe71,80f3732419c4d145bdf6eabe8ec7254820fedcf67472f43efcf4433c82d01448,239,off,0,e3b0c44298fc1c149afbf4c8996fb92427ae41e4649b934ca495991b7852b855,stop,f3ab770a961c04882d758a70021cfd5a39ed00b5e238ba5aee5347ad430c2858,healthy,field_treatment_delivered,False,False,True,True,True
ON,9,0,ON/T09/U0,I am trying to keep track of a changing night sky with modest equipment.,721000,711000,edge:886d81836ef91a9b4b1682fbb45b2ef8e283e6cffe96b8603611f1304959c100,background,62500,984579,3,2,16,933332,60800,d8203ed2705643d1c40942dce89b3be070b9bf6bf34eaa1876770740c87f8f34,01ab716b9f7868b846516642cb4be9bdd026f7083a7fc98529a069e95c8ead90,e5b480389f4d68b09254b20ef0687a940e676b92e166426d7d75f312b14fea18,924,on,2064,af70e3a7df326c61a4618906a1da11ddbb3b705c7b0ef70dfed3d93f82ced7b4,stop,92023d220293c4a6b227ad085f1474d31d3cddcce572d5dbe55efe9d6bf1cc0a,healthy,field_treatment_delivered,False,False,True,True,True
OFF,9,1,OFF/T09/U1,What's the best way to track the movement of the moon relative to the stars over time?,721001,711001,edge:2d0a73c20f2eb00aa942a504f6b16233dfa6e566043226403697261cc09b5cd6,background,38342,821431,2,1,35,950472,40000,c6260787eb30d3754a552e231e28612e60df8c6a5b14cbb637b3fdb94f1317f7,1045248232d3f361fba99ae73689a0b93caa7811e4b9d2e14c91cac4f9503406,2467b20d0601000e521dc28189daaa46c514e32cd76e9841e6f8db240922efc9,1513,off,0,e3b0c44298fc1c149afbf4c8996fb92427ae41e4649b934ca495991b7852b855,stop,f3ab770a961c04882d758a70021cfd5a39ed00b5e238ba5aee5347ad430c2858,healthy,field_treatment_delivered,False,False,True,True,True
ON,9,1,ON/T09/U1,What's the best way to track the movement of the moon relative to the stars over time?,721001,711001,edge:2ce16b1183959c605c457653c1a3522da986a80dc735b872fb127b7c95a616c6,background,125001,821431,2,1,16,933332,80000,fa87891a80cdb0aa04066e16571873f19850b45c94c226589f8517a5d59cf00a,870aaa7d80ea886a7dad2ef4f5d7146cd7827ca119ae1c1550dc50b543562f11,13ee1345c1aaf8cedd4b599ddb4ca8015553432885ac64fffb93c80aa6485bb3,1882,on,2094,8021de31a6a4dad103c8db9fa09256f65eb8ac0dc49bb1cec26598f3e8f2d2bd,stop,92023d220293c4a6b227ad085f1474d31d3cddcce572d5dbe55efe9d6bf1cc0a,healthy,field_treatment_delivered,False,False,True,True,True
OFF,9,2,OFF/T09/U2,"I'm leaning toward the software approach, but I'm not sure which app is most user-friendly. Do you have a recommendation for someone who's new to astronomy?",721002,711002,edge:2d0a73c20f2eb00aa942a504f6b16233dfa6e566043226403697261cc09b5cd6,background,38461,821200,2,1,35,950226,40000,c6260787eb30d3754a552e231e28612e60df8c6a5b14cbb637b3fdb94f1317f7,36241e7af4707ff6c1ff0fad81807ae4856bd9f011c3b84b2c2aa69c86faa79f,b77fbb93bfeb17176b0def200ee4c1e613c5d6a13840d655e353a35590d39637,1713,off,0,e3b0c44298fc1c149afbf4c8996fb92427ae41e4649b934ca495991b7852b855,stop,f3ab770a961c04882d758a70021cfd5a39ed00b5e238ba5aee5347ad430c2858,healthy,field_treatment_delivered,False,False,True,True,True
ON,9,2,ON/T09/U2,"I'm leaning toward the software approach, but I'm not sure which app is most user-friendly. Do you have a recommendation for someone who's new to astronomy?",721002,711002,edge:2ce16b1183959c605c457653c1a3522da986a80dc735b872fb127b7c95a616c6,background,125001,821200,2,1,16,933332,80000,fa87891a80cdb0aa04066e16571873f19850b45c94c226589f8517a5d59cf00a,78f9032db9dc1ec3b0f5a9c0c362a67c5bff0e34658086e5aa0a200e994b5eed,a6c41519c1401545257e990b2136375d3eee9fb03ba2dfd643b6240b318596c1,1997,on,1395,5e02b66446ec60085bd237cdde5763dee0e1abb36c30c4a8129e641df40b40b8,stop,92023d220293c4a6b227ad085f1474d31d3cddcce572d5dbe55efe9d6bf1cc0a,healthy,field_treatment_delivered,False,False,True,True,True
OFF,9,3,OFF/T09/U3,I think I'll start with Stellarium. It sounds like the best fit for my needs. Do you have any tips for getting the most out of it?,721003,711003,edge:babcdbed359f3aec5f778c9e192590abcb38c5b181f6ec12e8eb15d839ff612b,background,76923,644629,2,1,35,950226,80000,d86cdb0998d815ea1c29a3fa6d692551e99e403848221dceb80e2cd2e3e7791c,53d79424add79bd005809accfb8278c48e6bc65755aa9bdf0b9a9111128e1a9d,1b9fd4f866c3e8bfeba424a9bfba0c2ec48e589882392fd42fa1ba3a4140941f,1457,off,0,e3b0c44298fc1c149afbf4c8996fb92427ae41e4649b934ca495991b7852b855,stop,f3ab770a961c04882d758a70021cfd5a39ed00b5e238ba5aee5347ad430c2858,healthy,field_treatment_delivered,False,False,True,True,True
ON,9,3,ON/T09/U3,I think I'll start with Stellarium. It sounds like the best fit for my needs. Do you have any tips for getting the most out of it?,721003,711003,edge:2118c282859aad8717b452e3370691dddb072087924cc73819d404902a14d4cc,background,31250,644629,4,3,16,933332,30470,4c8d41c147896a30af24851c2b23c4c1d65a104a058b6d3a9d33607119c48736,ff84e21ad9a2e8defeaad4a86c3ec676ad656fc43c78a52ff55fb64d39fefcd0,39f9ca40f7881bc37512646e2a4a1f1915a390cb5775cc8e2f0a953e6df1da90,2011,on,1335,9108ae9a69958a5f21b6f194ce2491e40205e8106c53ef4aaf0e2001a2f12270,stop,92023d220293c4a6b227ad085f1474d31d3cddcce572d5dbe55efe9d6bf1cc0a,healthy,field_treatment_delivered,False,False,True,True,True
OFF,10,0,OFF/T10/U0,A small seasonal community must prepare for an uncertain month with limited supplies and changing volunteers.,721100,711100,edge:2d0a73c20f2eb00aa942a504f6b16233dfa6e566043226403697261cc09b5cd6,background,38164,806013,2,1,35,950838,40000,c6260787eb30d3754a552e231e28612e60df8c6a5b14cbb637b3fdb94f1317f7,3224a051fb97dae4ca37cdf3af3bafed693b5b416469515984245e95378724a5,1e320e1de3da7e8262485806137ed4a7e9f9e6a2fb29529930cab51e6550c36f,379,off,0,e3b0c44298fc1c149afbf4c8996fb92427ae41e4649b934ca495991b7852b855,stop,f3ab770a961c04882d758a70021cfd5a39ed00b5e238ba5aee5347ad430c2858,healthy,field_treatment_delivered,False,False,True,True,True
ON,10,0,ON/T10/U0,A small seasonal community must prepare for an uncertain month with limited supplies and changing volunteers.,721100,711100,edge:2ce16b1183959c605c457653c1a3522da986a80dc735b872fb127b7c95a616c6,background,125001,806013,2,1,16,933332,80000,fa87891a80cdb0aa04066e16571873f19850b45c94c226589f8517a5d59cf00a,23e14730520e6ade45c8ee475476b6557463bf7f30469f7e1e98347aa209fcaa,2ad28eb601844cbe1ae548b07765fd72eb291ba3dd1e7cb5dc203b9ab3a61d37,1213,on,2077,ebe2c6becca06f3aedf1fada3767c893755e6dcfbf21109898253896ec90234c,stop,92023d220293c4a6b227ad085f1474d31d3cddcce572d5dbe55efe9d6bf1cc0a,healthy,field_treatment_delivered,False,False,True,True,True
OFF,10,1,OFF/T10/U1,"How are the volunteers currently being managed, and have you started tracking the inventory of supplies?",721101,711101,edge:b72162524c17728f3113967eea71cd5ce7ab7696e8b9739dd0636829ed534366,contextual_and_background,41196,478469,4,4,35,950960,81881,37cd1d53e375f15739ee057dbc0da0dd03b6bfb3dddaef4e4ea4f9963202373f,ff36e6bf004d7bf3eab358c7bd2b2d106bb0df98e453c673812636e919431cb6,8ed9bd3b42e773befa6225e6c354bec4b825cfbe8752fcf4c6095d1119b78170,544,off,0,e3b0c44298fc1c149afbf4c8996fb92427ae41e4649b934ca495991b7852b855,stop,b8e7d5b60a9a620cc24175c2d29e27ac6d85804f464a6d6f7a77c223052068b3,healthy,field_treatment_delivered,False,False,True,True,True
ON,10,1,ON/T10/U1,"How are the volunteers currently being managed, and have you started tracking the inventory of supplies?",721101,711101,edge:1d3de5cc4044235b4de122119d29bb46e461e60ac9683b102f56134afbdad7a2,background,41666,478469,2,1,16,933332,26667,d86cdb0998d815ea1c29a3fa6d692551e99e403848221dceb80e2cd2e3e7791c,743285d47898192aaf9b9d642be62e2b61834a3c92b918035200fea3dccd5a48,4c92637c3dc9ab4273697093f2fb1cbb85de555d7e8a2267648b8b27947f5fa1,1889,on,1807,d679515560e15a5635472f9ac87f26a002fc6f1cf69ce79c02b529fb67a936d4,stop,92023d220293c4a6b227ad085f1474d31d3cddcce572d5dbe55efe9d6bf1cc0a,healthy,field_treatment_delivered,False,False,True,True,True
OFF,10,2,OFF/T10/U2,"What steps have you taken so far to address the uncertainty with the team, and have you identified any key supplies that need immediate attention?",721102,711102,edge:26057f27dc0c4e8ef6a0871562af3cda02479fedabd082fd14e3bb18bf3ac73c,background,35508,907341,3,2,37,954788,60800,df729f1c353c599cd098519a73ebecb934a2b85ae78c82f9e7e95489efacbeeb,e219a5c1178a69a025359ed97ef73b59cbc2ce52513b04e985466c5333c4dffd,8de488f9f2f60c16bc9bf71ecc80c50cec59013d43920fae22c203f343ddc88c,1332,off,0,e3b0c44298fc1c149afbf4c8996fb92427ae41e4649b934ca495991b7852b855,stop,b8e7d5b60a9a620cc24175c2d29e27ac6d85804f464a6d6f7a77c223052068b3,healthy,field_treatment_delivered,False,False,True,True,True
ON,10,2,ON/T10/U2,"What steps have you taken so far to address the uncertainty with the team, and have you identified any key supplies that need immediate attention?",721102,711102,edge:4961a03405c41b6935344bb4ddab94616bef0d0171490480e54302639780bc20,background,62500,907341,3,2,16,933332,60800,a9de7e8e9c1841bb3bbd177e91175af3eb2cf522149a37486978cdfc5efe55ca,2476578dbcbbe7f371dcc52bd43c391aa0a732c80e83cf7349de69b05e5fe21b,6849538a17e69459a98b59165030a9f4b5b62071de2b1633849d12ae60d21095,2080,on,2239,e7735f545223dddc6637a768c09d227bcca4f3d8baf67a0c9929e79f31563759,stop,6b26986b0a3f9cf8859dcbde0721c7e519b87a305e4ba13316b18004f60ba70f,healthy,field_treatment_delivered,False,False,True,True,True
OFF,10,3,OFF/T10/U3,How do you suggest we handle the transition when a volunteer leaves mid-shift without a clear hand-off?,721103,711103,edge:97fd7c19d793593b6d880dd8e7f269a5d85406c7015a299297514bed7d313fa8,background,7517,999360,3,4,37,950499,22755,68205c05a51df16fd444258ab740430d0e10ab002f9c8cf5e8e47aa074f1c1c6,b95f4228bab1dc777977fa3dc45db3cf50eb92c13c16418faa4c465ef47c3817,cb9ddea8634e4144dde27c8d307fdebb9aad3ef7e32b1e318234634fe84413f8,1879,off,0,e3b0c44298fc1c149afbf4c8996fb92427ae41e4649b934ca495991b7852b855,stop,b8e7d5b60a9a620cc24175c2d29e27ac6d85804f464a6d6f7a77c223052068b3,healthy,field_treatment_delivered,False,False,True,True,True
ON,10,3,ON/T10/U3,How do you suggest we handle the transition when a volunteer leaves mid-shift without a clear hand-off?,721103,711103,edge:886d81836ef91a9b4b1682fbb45b2ef8e283e6cffe96b8603611f1304959c100,background,55431,999360,3,2,20,935934,60800,d8203ed2705643d1c40942dce89b3be070b9bf6bf34eaa1876770740c87f8f34,aadbd9f5f37b73263408a25664aa9411babb2f2181eb341970cc12b69d115648,18f556adf1b0bb7bafae7e3ddaf2a437e62323b4733cc9063ba56a5faea552f1,2431,on,1656,ad42dcef6d605c467b61be6ff4495282196a9af345ec8868c527cc3db420ea19,stop,6b26986b0a3f9cf8859dcbde0721c7e519b87a305e4ba13316b18004f60ba70f,healthy,field_treatment_delivered,False,False,True,True,True
OFF,11,0,OFF/T11/U0,I am organizing a household budget while several expenses remain unpredictable.,721200,711200,edge:3161f44e6ddf263810c39cbf7ed32d84eb04951273ce5c70bf73e534fc0166d3,background,71428,123954,2,1,37,954365,80000,df729f1c353c599cd098519a73ebecb934a2b85ae78c82f9e7e95489efacbeeb,32d4039c11db4a6d6574bf9b161e3249f9b384365d888c5dbafa6102b3c9e868,18ebb668ea914a37f510f90a810f335911beee3fce2f167fce6db6907838212c,317,off,0,e3b0c44298fc1c149afbf4c8996fb92427ae41e4649b934ca495991b7852b855,stop,73a7680bf2d4135ab546e27f303caf1b4b41b15acc9c882f2b2d7f1a3d72ccf2,healthy,field_treatment_delivered,False,False,True,True,True
ON,11,0,ON/T11/U0,I am organizing a household budget while several expenses remain unpredictable.,721200,711200,edge:e2d51b9b35b632132ea07d5f5c37b74def8182c869afd6d63f235f0f03b42cfd,background,37034,123954,2,1,20,935672,26666,df729f1c353c599cd098519a73ebecb934a2b85ae78c82f9e7e95489efacbeeb,47ea23b8cb597ebf185814ca8e6fb7af8f4daf114c594c3be691e9f915e270e7,69e27e50ecd79ad3f6f82c05f8ad62b049bb87fb82139a0346d280ce7081e432,1194,on,1183,13c9ce6205a6e6000ada653594ba28d2ecc9e4963614a6044582322b0d231161,stop,088396eb0c4eccd348aaf9c3e5f6f16cd802fdf74e1015279d8107636c507e55,healthy,field_treatment_delivered,False,False,True,True,True
OFF,11,1,OFF/T11/U1,"I'm dealing with both one-off repairs and variable utility costs. I've tried setting aside money for emergencies, but it's hard to know how much is enough. Do you have any advice on how to balance that with regular expenses?",721201,711201,edge:0fe877a4d4e84a9fc291137f9b56fd2cf7d7efbe238991f14c727596d05e9a3f,background,28846,350568,2,1,39,927630,40000,9a6943332c76b807711bbe26d51b9cbeef5b1f25adf7c3ec383daa0008bfae90,5a5f5a11f26d0c7e2957a2543083ee04b388ce7a7401a372eec9af1a6d13665d,a57ff31225ba3c339e277ccaab813fd20fa62cfbfd0d06a1f48e850acbec53d8,1940,off,0,e3b0c44298fc1c149afbf4c8996fb92427ae41e4649b934ca495991b7852b855,length,73a7680bf2d4135ab546e27f303caf1b4b41b15acc9c882f2b2d7f1a3d72ccf2,healthy,field_treatment_delivered,False,False,True,True,True
ON,11,1,ON/T11/U1,"I'm dealing with both one-off repairs and variable utility costs. I've tried setting aside money for emergencies, but it's hard to know how much is enough. Do you have any advice on how to balance that with regular expenses?",721201,711201,edge:897fe1ccab8f2c9389ce31ee91116172fb909c77932b6a70bfb28a9feca148de,background,99195,350568,2,1,22,943700,80000,9a6943332c76b807711bbe26d51b9cbeef5b1f25adf7c3ec383daa0008bfae90,b84d9366860fe81946fef41d051a5a61abdab261a61151cb576156725b93fbd4,2b72de8ffd375f0111d85a8786b404049913f51ca1f6b60a1e4bd68aac5d9971,2768,on,2149,fba46fa875237ca88cc9f9cd60656ca8c8d8fdc610ec5f5527285d0cb51e0de2,stop,088396eb0c4eccd348aaf9c3e5f6f16cd802fdf74e1015279d8107636c507e55,healthy,field_treatment_delivered,False,False,True,True,True
OFF,11,2,OFF/T11/U2,"I like the idea of a sinking fund, but I'm still worried about how to handle the really unexpected stuff—like a sudden car repair that's way over the average. What if the buffer isn't enough?",721202,711202,edge:a57135ad67071e0d042be17db2d0c5cc795a6a0fcb37c452c8dee2219d8800e3,background,16666,778946,5,4,39,957895,51200,01c9bc0060652e99ade7e2caf36368097f64e15a6d9b59a445e92125e973954e,3ad74d21e7d0eae2e60af592a236bd5341e163f37f876603d75d8e65f1479037,293bba8b22c6ddc4b7895461a0471df778c097c214e74cc937ccb6e08ed32a1d,1895,off,0,e3b0c44298fc1c149afbf4c8996fb92427ae41e4649b934ca495991b7852b855,length,73a7680bf2d4135ab546e27f303caf1b4b41b15acc9c882f2b2d7f1a3d72ccf2,healthy,field_treatment_delivered,False,False,True,True,True
ON,11,2,ON/T11/U2,"I like the idea of a sinking fund, but I'm still worried about how to handle the really unexpected stuff—like a sudden car repair that's way over the average. What if the buffer isn't enough?",721202,711202,edge:c297e8615c34fa5f04c95a68ddf60ecd93ff6d71e2ddfa2682860f4483e6ff8b,background,50000,778946,3,2,22,942857,60800,1222d982a87dc89cb099d29c4060cb275f08d58aa061abe5454dd1184220b783,d62a0e3137e591a0ea5f8932729100ce4937d3fc3e6849f924eb55507978c24f,0a6456debdc6e4f678c90874ecbe2de28cac5f4095543291af00b8b8b2742cc8,2862,on,1785,9e05b59982d711774898f774c581c82ad75d7a4e26be6adcca0255733e925261,stop,088396eb0c4eccd348aaf9c3e5f6f16cd802fdf74e1015279d8107636c507e55,healthy,field_treatment_delivered,False,False,True,True,True
OFF,11,3,OFF/T11/U3,That makes sense. I guess the key is to have a plan for the big ones even if you can't cover everything. But what if the unexpected cost is something completely out of left field—like a medical emergency or a sudden job loss? How do you prepare for that?,721203,711203,edge:b72162524c17728f3113967eea71cd5ce7ab7696e8b9739dd0636829ed534366,background,30743,443173,4,4,39,921141,81881,37cd1d53e375f15739ee057dbc0da0dd03b6bfb3dddaef4e4ea4f9963202373f,c007f9bac67b737433da18bae91c00228982331eb58e23283f78f8072dedc12b,50a4985ae91c6cba6e928d788ca7f9c5fe99e8046b8688a3453869cc74889cea,1959,off,0,e3b0c44298fc1c149afbf4c8996fb92427ae41e4649b934ca495991b7852b855,length,73a7680bf2d4135ab546e27f303caf1b4b41b15acc9c882f2b2d7f1a3d72ccf2,healthy,field_treatment_delivered,False,False,True,True,True
ON,11,3,ON/T11/U3,That makes sense. I guess the key is to have a plan for the big ones even if you can't cover everything. But what if the unexpected cost is something completely out of left field—like a medical emergency or a sudden job loss? How do you prepare for that?,721203,711203,edge:adefdb393b178614440e035f87d6fd34614021a00124ac9cb9732777b4bdf9ee,background,33288,443173,2,1,22,942998,26667,9a6943332c76b807711bbe26d51b9cbeef5b1f25adf7c3ec383daa0008bfae90,b2781294c56cfe13176ed753fbc0c7228640566f38b114da682020134d1265e9,1dc78ef66a0cdaf0a395d684efda5fbe994e5fc21394c844cfef0dfdb629f299,2601,on,1501,b5f37971013f7e54884887c9797860922c8900022fc30eae4c4ea34f33e6a3b2,stop,088396eb0c4eccd348aaf9c3e5f6f16cd802fdf74e1015279d8107636c507e55,healthy,field_treatment_delivered,False,False,True,True,True
OFF,12,0,OFF/T12/U0,A local wildlife survey has gaps because volunteers visit at different times.,721300,711300,edge:da8c8b5279f14b6ae4cae209127229bb397c1090d926cef3ec7d801615127cae,background,16666,345860,4,3,39,957895,44266,8a2676eb7abdeae376ea685909449f73df09b3e1430ad2530abc9286a7627c2d,876a88f8a023378a148a7b0371d3f94ab24b71ed11c800df19062700800a3588,d0e3e20f31e667675e5be9b4d525fb8db812385a19c1f7355da9d280e81dc4ae,265,off,0,e3b0c44298fc1c149afbf4c8996fb92427ae41e4649b934ca495991b7852b855,stop,483ab67db55a35655bfe5848966dc6ac8604449c085218c7039adf9e30cebd71,healthy,field_treatment_delivered,False,False,True,True,True
ON,12,0,ON/T12/U0,A local wildlife survey has gaps because volunteers visit at different times.,721300,711300,edge:897fe1ccab8f2c9389ce31ee91116172fb909c77932b6a70bfb28a9feca148de,background,99798,345860,2,1,22,943068,80000,9a6943332c76b807711bbe26d51b9cbeef5b1f25adf7c3ec383daa0008bfae90,b69095c820c061f583b38184e397df42fee4e1b0a70651bc2f6daa53904e0b44,e8ca2257784a281baf42318d430048c4fe7de982a0089ab35c39a2da5accdf65,638,on,1826,fb4b05482652f3a703a00d2f9dcb6dedc15e1d06e7a55ced81bee41825772f30,stop,993ecb44c38f5cd019f40bfbcc337b31c6e11fcd293f53c53d8e923a09d6893c,healthy,field_treatment_delivered,False,False,True,True,True
OFF,12,1,OFF/T12/U1,How do you think the timing differences might affect the overall accuracy of the survey?,721301,711301,edge:410111bb35ee6fca55b87909eea54cd3a04b8590bf73bcbed85f7710757e0142,background,20806,272463,5,4,43,959902,61333,74b3b800e70dff46b5df3546b086f9223ad0d63fd2a0597955b423996c0ae0b5,2db14b9bc90d70b457bf1a54ba95fc2bb01b50dd70abbe3621e2f2f49aaddd8a,07a44a90c5dd0749bc40eb8a925f87321fcafd8666871e5984700bd5fadb75cb,1110,off,0,e3b0c44298fc1c149afbf4c8996fb92427ae41e4649b934ca495991b7852b855,stop,483ab67db55a35655bfe5848966dc6ac8604449c085218c7039adf9e30cebd71,healthy,field_treatment_delivered,False,False,True,True,True
ON,12,1,ON/T12/U1,How do you think the timing differences might affect the overall accuracy of the survey?,721301,711301,edge:34c2f7b059d332d2076bdb9fd0331b39d00a519cc399b6a97ca9e82b99980038,background,30243,272463,3,2,25,947155,40533,95d2465ff156cc2d25c6a8bd4a0668dc33d37b9b3165f5801be34a966fe53efa,99504d0349f6796160b5b40948b967950a68ec61803a4f21ae1960eab1314b95,985b9335cbf22cfed92b047819018682b42cf23727538f3686ad87eda5380714,2313,on,2324,5ce30921e2d1b0c929c5699fd71b03bdb55f8fd1dd05434852e7caccce54e3e3,stop,993ecb44c38f5cd019f40bfbcc337b31c6e11fcd293f53c53d8e923a09d6893c,healthy,field_treatment_delivered,False,False,True,True,True
OFF,12,2,OFF/T12/U2,How would you suggest we handle the variation in observer skill levels if we can't standardize the team?,721302,711302,edge:3f815ca768a2ee7b84167ca9fe73eae8d19146aacea0f11623f12f783e8c0aee,background,31250,725436,2,1,43,959821,40000,d86cdb0998d815ea1c29a3fa6d692551e99e403848221dceb80e2cd2e3e7791c,1fcdda68a84f0be06d23308a41b6a06ce504a42235ecc7f54503ecabaa9e82aa,a2641d2d2bcbc1adecb92f414067a6cbcfbde7d79d6e4acb194ef7972cf161a4,1608,off,0,e3b0c44298fc1c149afbf4c8996fb92427ae41e4649b934ca495991b7852b855,stop,483ab67db55a35655bfe5848966dc6ac8604449c085218c7039adf9e30cebd71,healthy,field_treatment_delivered,False,False,True,True,True
ON,12,2,ON/T12/U2,How would you suggest we handle the variation in observer skill levels if we can't standardize the team?,721302,711302,edge:caa5834ff947a8de023dc0dcac735ed95b7393f4583d0f4358bd2381c19303e9,background,27397,725436,2,1,25,956050,26667,e294b8e0c00283c8ed42f837632cf6715b2503318071a9ad7df240dc2fc370df,b967e6fdb5697f057c51dba69618c65fadcdcb92489f38a75093fab86600f142,7954d17157b169d0ff43028a422e97e363f720f75d1e548fda596c547fa342d3,2235,on,1530,808e372937bb4ce3827490836d9e31c1f56eab6e0ef4374a8bc77c64446fcba9,stop,993ecb44c38f5cd019f40bfbcc337b31c6e11fcd293f53c53d8e923a09d6893c,healthy,field_treatment_delivered,False,False,True,True,True
OFF,12,3,OFF/T12/U3,"I see the value in standardizing the process, but what if we still end up with inconsistent data even after all that? How do we decide when to trust the results?",721303,711303,edge:3310ae4fd3ff69ea44a8e5020274dcd069215e87cf6e8b32d61c13d1dc0a6847,background,6935,489461,4,4,43,959902,22754,2aed49c5250ce9c06c7c714b3d94e69e1f0add779af854f600dd7534906110a7,d1056f1d944a9c4ea554dea90c422f8a26813aebe066ed32944283b43de4aa17,fa5027a9ada7fd51d9fdb6014141bc6df02267cde5b9d86ff54fd55e39148352,1527,off,0,e3b0c44298fc1c149afbf4c8996fb92427ae41e4649b934ca495991b7852b855,stop,483ab67db55a35655bfe5848966dc6ac8604449c085218c7039adf9e30cebd71,healthy,field_treatment_delivered,False,False,True,True,True
ON,12,3,ON/T12/U3,"I see the value in standardizing the process, but what if we still end up with inconsistent data even after all that? How do we decide when to trust the results?",721303,711303,edge:1d3de5cc4044235b4de122119d29bb46e461e60ac9683b102f56134afbdad7a2,background,27842,489461,2,1,25,944990,26667,d86cdb0998d815ea1c29a3fa6d692551e99e403848221dceb80e2cd2e3e7791c,42715463b1afc4b7a0c958833d3152d82a69659b0b2c684f30b5f9d9c5abed82,29af08dde45f1d1127ccfa7a35854161d3c80bef3bd19cf153a33c6e6b4f6df8,2757,on,1721,7592deca40dcc81908c632e00a342b686254daff9ec0502d3d6d5dbe2304a8d6,stop,993ecb44c38f5cd019f40bfbcc337b31c6e11fcd293f53c53d8e923a09d6893c,healthy,field_treatment_delivered,False,False,True,True,True
OFF,13,0,OFF/T13/U0,I am setting up a small workshop where tools and attention are both limited.,721400,711400,edge:3161f44e6ddf263810c39cbf7ed32d84eb04951273ce5c70bf73e534fc0166d3,background,62500,132594,2,1,43,959821,80000,df729f1c353c599cd098519a73ebecb934a2b85ae78c82f9e7e95489efacbeeb,a6c619721db902ab364e74300e0eeecc0d539da752d858c443d63f1e71a4021c,fea170b438ca7e19b184dcf06f29ad9adb9ed9b063e88391c11c566ec65c5922,502,off,0,e3b0c44298fc1c149afbf4c8996fb92427ae41e4649b934ca495991b7852b855,stop,a1f5b1ef7f2a61fae367fcf25136d1666112c07d98e552dbc03e8c76f8879c03,healthy,field_treatment_delivered,False,False,True,True,True
ON,13,0,ON/T13/U0,I am setting up a small workshop where tools and attention are both limited.,721400,711400,edge:e2d51b9b35b632132ea07d5f5c37b74def8182c869afd6d63f235f0f03b42cfd,background,30301,132594,2,1,25,946969,26666,df729f1c353c599cd098519a73ebecb934a2b85ae78c82f9e7e95489efacbeeb,a94757f71d735fc87228d42379237d80dee39ab5a8e3554e03254612f88ca52b,90fb4ea39689e9e7a28d8b1e559e5021fd400c874e894d93cb8b3781813a4a2e,1212,on,2178,ebbfb228eecc36ad5c355db61184348e96e50e7d5e0575960bf59ce08b0fe6fd,stop,993ecb44c38f5cd019f40bfbcc337b31c6e11fcd293f53c53d8e923a09d6893c,healthy,field_treatment_delivered,False,False,True,True,True
OFF,13,1,OFF/T13/U1,"I'm thinking of a physical space with a few essential tools, but the real challenge is managing my focus. I tend to get distracted easily, so I need a setup that minimizes interruptions. What do you think are the best ways to create a space that supports concentration?",721401,711401,edge:a57135ad67071e0d042be17db2d0c5cc795a6a0fcb37c452c8dee2219d8800e3,background,14705,737602,5,4,47,961637,51200,01c9bc0060652e99ade7e2caf36368097f64e15a6d9b59a445e92125e973954e,f2e67deac843abafe1599ff544d565a3d5565f4f9f76c4c1d055adc10d2ac6d7,77f3f03f372f05a73a2374872436951f6b0e2c051e4df6622c9a9bc77ca9a9b5,1683,off,0,e3b0c44298fc1c149afbf4c8996fb92427ae41e4649b934ca495991b7852b855,stop,a1f5b1ef7f2a61fae367fcf25136d1666112c07d98e552dbc03e8c76f8879c03,healthy,field_treatment_delivered,False,False,True,True,True
ON,13,1,ON/T13/U1,"I'm thinking of a physical space with a few essential tools, but the real challenge is managing my focus. I tend to get distracted easily, so I need a setup that minimizes interruptions. What do you think are the best ways to create a space that supports concentration?",721401,711401,edge:2ce16b1183959c605c457653c1a3522da986a80dc735b872fb127b7c95a616c6,background,90909,737602,2,1,25,946969,80000,fa87891a80cdb0aa04066e16571873f19850b45c94c226589f8517a5d59cf00a,e436e02a5fde00d10fdef000a3193b57345c0b26832deecf2bdae1ec035c6de7,d1e367be511151293a10077cae8bf46fed70ddf4d6ac2545041514f2e5daeb63,2570,on,1682,dd8723fa1efea11166c73151b277b855331c6a4dcee1de9a595238e9d48be12e,stop,993ecb44c38f5cd019f40bfbcc337b31c6e11fcd293f53c53d8e923a09d6893c,healthy,field_treatment_delivered,False,False,True,True,True
OFF,13,2,OFF/T13/U2,"I'm working on writing—specifically, drafting a report. The problem is that I get stuck in a loop of editing the same paragraph over and over, and then I start checking emails or browsing the web to take a break. It feels like I'm not making progress, but I don't know how to break the cycle.",721402,711402,edge:aeaae544f399afadc7aedf0e9a12a19cf7569038fd42b9606f145c43cf045759,background,14705,369550,5,4,47,961637,30540,bd880cdde73b9cdedc4b5d87c9a33cfd9902fdcc5512f4e685b5ca6a2ba60cc4,fef16cc87e93fbe1a5bf938ae08a58bb406571965a8fea1897756f74eac0672e,cd56cc7d4c26e62d3c958ba62ec7d2269bde4b9d4a8580209dae9625e59b1168,1683,off,0,e3b0c44298fc1c149afbf4c8996fb92427ae41e4649b934ca495991b7852b855,stop,a1f5b1ef7f2a61fae367fcf25136d1666112c07d98e552dbc03e8c76f8879c03,healthy,field_treatment_delivered,False,False,True,True,True
ON,13,2,ON/T13/U2,"I'm working on writing—specifically, drafting a report. The problem is that I get stuck in a loop of editing the same paragraph over and over, and then I start checking emails or browsing the web to take a break. It feels like I'm not making progress, but I don't know how to break the cycle.",721402,711402,edge:897fe1ccab8f2c9389ce31ee91116172fb909c77932b6a70bfb28a9feca148de,background,90909,369550,2,1,25,946969,80000,9a6943332c76b807711bbe26d51b9cbeef5b1f25adf7c3ec383daa0008bfae90,027d165edcfc29037f631a46758f0908282df1a5e2b2c23ba3ad2327024ccf4a,fece0b9b77390c240aa9ee44193e5250a3226f962c73deaa1bd301cd13b8a07e,2641,on,1771,56ea42ce00362a5e99b4574efd3e8c8dc25004445cb611179e3ff6e42152ad40,stop,993ecb44c38f5cd019f40bfbcc337b31c6e11fcd293f53c53d8e923a09d6893c,healthy,field_treatment_delivered,False,False,True,True,True
OFF,13,3,OFF/T13/U3,"I appreciate both of your advice—there's a lot to unpack here. I think I need to start small. Maybe I'll try the 45-minute timer with the ""no editing"" rule. But I'm worried I'll still get distracted by the urge to check my phone or email. Do you have any quick tricks to help with that?",721403,711403,edge:439c8e900a72dcecc496221826cfeeba7a9f5cfc0630d9da12451a82dd4ad649,background,29306,510768,3,2,47,961851,60800,b44799716ec4da45a1c9392fed306a877983002f82fd5e281840b8f2ce49e288,922b6499fe1ea1184be86679295bcb1cdd96057016dcb01858228f11a18bf18d,4d5ccf56369702109d9aaa07858990cf41d4d51607b0b5ff7440edd21e4c14d3,1394,off,0,e3b0c44298fc1c149afbf4c8996fb92427ae41e4649b934ca495991b7852b855,stop,a1f5b1ef7f2a61fae367fcf25136d1666112c07d98e552dbc03e8c76f8879c03,healthy,field_treatment_delivered,False,False,True,True,True
ON,13,3,ON/T13/U3,"I appreciate both of your advice—there's a lot to unpack here. I think I need to start small. Maybe I'll try the 45-minute timer with the ""no editing"" rule. But I'm worried I'll still get distracted by the urge to check my phone or email. Do you have any quick tricks to help with that?",721403,711403,edge:07a1295b25142f3025c2bd110e1762c3d1bcbc312ce75380f63b4a39b0be6a84,background,90909,510768,2,1,25,946969,80000,9a6943332c76b807711bbe26d51b9cbeef5b1f25adf7c3ec383daa0008bfae90,3d4c534b3b24bf40fe26b177da003b4d26956dd5020f3443ced507b5f2a959b5,410ddd5b7a1de6a8260f052b27771149b3c29fb19c2a83546cc498af1f7adcfa,2051,on,1627,3cb1dd5a2a94caad00ef3f2228b6540d7848db8a93c859ba2d59a0131db2ee28,stop,993ecb44c38f5cd019f40bfbcc337b31c6e11fcd293f53c53d8e923a09d6893c,healthy,field_treatment_delivered,False,False,True,True,True
OFF,14,0,OFF/T14/U0,I want to learn enough of a new language to handle ordinary errands.,721500,711500,edge:525354c47f0d95e62be0ce9ca3a575274614f5fb341178d1203d52181edac622,background,14705,786180,5,4,47,961637,51200,01c9bc0060652e99ade7e2caf36368097f64e15a6d9b59a445e92125e973954e,31ea2a421307e39d1608eedd77b0a28f68c9435d0d06f3d958c3a31070c2db74,14e062735236a3da4c98be3217410248ea8d83a1970567f449c2500758cd6851,553,off,0,e3b0c44298fc1c149afbf4c8996fb92427ae41e4649b934ca495991b7852b855,stop,a1f5b1ef7f2a61fae367fcf25136d1666112c07d98e552dbc03e8c76f8879c03,healthy,field_treatment_delivered,False,False,True,True,True
ON,14,0,ON/T14/U0,I want to learn enough of a new language to handle ordinary errands.,721500,711500,edge:2ce16b1183959c605c457653c1a3522da986a80dc735b872fb127b7c95a616c6,background,90909,786180,2,1,25,946969,80000,fa87891a80cdb0aa04066e16571873f19850b45c94c226589f8517a5d59cf00a,0344095c1b12f0366ae405dfaa3f0c9e3df7bab223ec4de5495ad1ce32e1806d,eb4bd45fd80dbf0525c8bbf08beeaf7be95cf9ddd26a30d3e95271a99a79edee,1677,on,1103,18f4ca20d7843fcf9bade59f11e6b01febd07577e4b6991e9d55baa0f9294c9c,stop,993ecb44c38f5cd019f40bfbcc337b31c6e11fcd293f53c53d8e923a09d6893c,healthy,field_treatment_delivered,False,False,True,True,True
OFF,14,1,OFF/T14/U1,What's a good way to practice these phrases without feeling self-conscious? I tend to get nervous speaking aloud.,721501,711501,edge:75ef376283b73cc56bf28628d2aad53b00ca3849c32b4708029539a8de33e9cc,background,14660,283511,4,4,47,961821,54666,61b34a97838681e27fab7f03f9eab27c7f0341119cd2aaf1c8c9282d05c41cae,f358ef3a04a682c16a5fbba15d44c84ce81df76105fb81d299e4658d200cf132,87356f3ce6375764ebd9c7207cb07914f4c423be2d8fbb9acbe90c27af368e0c,1923,off,0,e3b0c44298fc1c149afbf4c8996fb92427ae41e4649b934ca495991b7852b855,stop,a1f5b1ef7f2a61fae367fcf25136d1666112c07d98e552dbc03e8c76f8879c03,healthy,field_treatment_delivered,False,False,True,True,True
ON,14,1,ON/T14/U1,What's a good way to practice these phrases without feeling self-conscious? I tend to get nervous speaking aloud.,721501,711501,edge:34c2f7b059d332d2076bdb9fd0331b39d00a519cc399b6a97ca9e82b99980038,background,30302,283511,3,2,25,946969,40533,95d2465ff156cc2d25c6a8bd4a0668dc33d37b9b3165f5801be34a966fe53efa,6c5cdd63fbaa643afaa840a6ef4c78c9766de6fc8b251d05f13b79c465c809c6,65ff695b33ed104b8b6544b1c70bb4f4b25d2ced26e97110d2ca2b669e945e5b,2252,on,1877,0977b97edd83546888afc6cc3e3b8ec5f0ecce57bfff21d4948b45588c93c7f7,stop,993ecb44c38f5cd019f40bfbcc337b31c6e11fcd293f53c53d8e923a09d6893c,healthy,field_treatment_delivered,False,False,True,True,True
OFF,14,2,OFF/T14/U2,"I like the idea of shadowing, but I sometimes forget the phrases right after. Any tips for remembering them better?",721502,711502,edge:3def0c9e55378cb263023f2761d5c8a2da588f8fc52c7bb0cb55202f60f4135f,background,29411,397683,4,4,47,961637,102400,d984551991fe87306371f0888e0e023ca627a18b8714ff9bf9825e5445386536,eb707f6e6ed30ad7f4c6c17e97e225e81e3f12ac56ae6df5bab686522e931d09,f0a586455c9104519a3bba4b7916ea21e8465c6f317719c44b1aa78f9da37136,1848,off,0,e3b0c44298fc1c149afbf4c8996fb92427ae41e4649b934ca495991b7852b855,stop,a1f5b1ef7f2a61fae367fcf25136d1666112c07d98e552dbc03e8c76f8879c03,healthy,field_treatment_delivered,False,False,True,True,True
ON,14,2,ON/T14/U2,"I like the idea of shadowing, but I sometimes forget the phrases right after. Any tips for remembering them better?",721502,711502,edge:bc56197fcd888c578b45d5ab8fa8ee58dae62353ad0b533049655eacea64fb01,background,30301,397683,2,1,25,946969,26666,d86cdb0998d815ea1c29a3fa6d692551e99e403848221dceb80e2cd2e3e7791c,5f1a77c712a95625477ad1dea8b33bce0c800dcef9212f09ee5b629c8be25fda,aab61e31895da2ab1f15be0d90e12698b10c061412a2bef0eca8b42274177e78,2373,on,1896,79bc0f8e2ae7f3e835443679d24f6a10d405ec7a86315eecf42e22d6881cf7ea,stop,993ecb44c38f5cd019f40bfbcc337b31c6e11fcd293f53c53d8e923a09d6893c,healthy,field_treatment_delivered,False,False,True,True,True
OFF,14,3,OFF/T14/U3,I'll try the spaced repetition with a flashcard app. Do you have a favorite one you'd recommend?,721503,711503,edge:94f598f1e2dc59289e3f587767d37bb3900d0ceed35a5972eb1b83af90705aa1,background,14705,38266,4,3,47,961637,40800,0b2a56f90ce83e822343544ba440eeaac2a7db74cad809cf2b8ad09a469c4a0f,304e268b2d2a9a4c7ceb136395f7ca5f4f14f9d430cb9aa851d1d950e08e0cae,78ee14b8bcf2b421036f1d70eeec13c6764419e73a3af248ac1c076b6611a919,1342,off,0,e3b0c44298fc1c149afbf4c8996fb92427ae41e4649b934ca495991b7852b855,stop,a1f5b1ef7f2a61fae367fcf25136d1666112c07d98e552dbc03e8c76f8879c03,healthy,field_treatment_delivered,False,False,True,True,True
ON,14,3,ON/T14/U3,I'll try the spaced repetition with a flashcard app. Do you have a favorite one you'd recommend?,721503,711503,edge:98c80e986d370ec5bd9c5d9fe08062147c06186a8a3bc54d5611f4699f714b6f,background,30302,38266,2,1,25,946969,26667,e294b8e0c00283c8ed42f837632cf6715b2503318071a9ad7df240dc2fc370df,07d3f1d393320bd3ce8bb5d25cf5421d9e6447708e936123e0ee48a615cbb6e6,466104221068d1db3bd36bda10c8ee505e7e95bc814ab7c9c59a2d98f3cbf1aa,2208,on,1455,7ec07be344aaaef6c6c7adf08dec209a1220666660dc0096039f1b8ce6094202,stop,993ecb44c38f5cd019f40bfbcc337b31c6e11fcd293f53c53d8e923a09d6893c,healthy,field_treatment_delivered,False,False,True,True,True
OFF,15,0,OFF/T15/U0,A community event has many contributors and the schedule keeps shifting.,721600,711600,edge:3def0c9e55378cb263023f2761d5c8a2da588f8fc52c7bb0cb55202f60f4135f,background,25478,355221,4,4,47,934966,102400,d984551991fe87306371f0888e0e023ca627a18b8714ff9bf9825e5445386536,40ad3c040e566c916397f406094b016053aebb8b4193bb5f5d1a07115cce6e0d,a009584a8f3843c48e99092aff6e944a90dd759c6e5f4e4a4d8dceebdeccc023,293,off,0,e3b0c44298fc1c149afbf4c8996fb92427ae41e4649b934ca495991b7852b855,stop,e3634e155b5483b09ddca606cffd62b088567b7ac8d92e73664483ecffeb9917,healthy,field_treatment_delivered,False,False,True,True,True
ON,15,0,ON/T15/U0,A community event has many contributors and the schedule keeps shifting.,721600,711600,edge:897fe1ccab8f2c9389ce31ee91116172fb909c77932b6a70bfb28a9feca148de,background,90909,355221,2,1,25,946969,80000,9a6943332c76b807711bbe26d51b9cbeef5b1f25adf7c3ec383daa0008bfae90,7826db057766108b7f44cff2587304c46902c3ae061a411781e5b49a4c50138e,844b24f45402946c70007c03587d5b41564d777de26b255f163174128f2038b6,286,on,2280,aec47e2cb63d9f4dc911e74b799afe1cee456ea5d443f82c0e1753e2d7017af3,stop,39f9215e96c0691c99243b7df612841ee6a3aa459f33143b39526594489e43d9,healthy,field_treatment_delivered,False,False,True,True,True
OFF,15,1,OFF/T15/U1,"I'm trying to keep everything on track, but it's hard when people change their availability last minute. Do you have any tips for staying organized when things are always shifting?",721601,711601,edge:f557aba80571719f30b6a7ec2b76f37b4edf48d7d3a0c0d688274f6413fd001d,background,22641,281051,3,2,49,866743,60800,52e299de02b8479483d9ebc80226de0891102e7fcce92081ce99049fa051b349,cfaea2e2e6e982ef071cff032af7d3f69d8e972e051f165801324fd5bcb7ebc9,6474601bcacd4e5df8376d09953f0637b97bed29bf39705b7fb993dacb5560ce,1482,off,0,e3b0c44298fc1c149afbf4c8996fb92427ae41e4649b934ca495991b7852b855,stop,e3634e155b5483b09ddca606cffd62b088567b7ac8d92e73664483ecffeb9917,healthy,field_treatment_delivered,False,False,True,True,True
ON,15,1,ON/T15/U1,"I'm trying to keep everything on track, but it's hard when people change their availability last minute. Do you have any tips for staying organized when things are always shifting?",721601,711601,edge:897fe1ccab8f2c9389ce31ee91116172fb909c77932b6a70bfb28a9feca148de,background,83334,281051,2,1,27,951922,80000,9a6943332c76b807711bbe26d51b9cbeef5b1f25adf7c3ec383daa0008bfae90,18325dbab6a0c88a965b8bb45a3593535493b245bf1a364825c48be745fb851e,eaacd0adfb7a33391cc1a070bb3517ed0a641a89c6684e43fe9116b2bd59a72d,2292,on,2001,b9c71a46cddee8df20afd3497ca5a3783ba40e952a8b0637a1cf44f0aece1791,stop,39f9215e96c0691c99243b7df612841ee6a3aa459f33143b39526594489e43d9,healthy,field_treatment_delivered,False,False,True,True,True
OFF,15,2,OFF/T15/U2,"I appreciate the advice, but I'm still stuck on how to handle the people who keep changing their availability without notice. It's not just the scheduling—some of them don't even respond to messages when they're supposed to. Any thoughts on how to handle that?",721602,711602,edge:2d889f50870bc7b4950493987f5f98f4b0bb7fddf1b9b23c66f6f30b5e4fb2d6,background,24072,464111,4,4,49,857006,81881,44f66cf2fa7bcda0d7b6b2c17ac9d04d82a6caa5d2660f652a8425a4bc804833,3d7a348c11d1e40614a0de26d8bdfdafbbd7b815411e00a2d2504d8ea62d46ca,947681ecb89f3633a3dc506718e4caec56da9fe5ad6cb88b4dd313801ed04247,1674,off,0,e3b0c44298fc1c149afbf4c8996fb92427ae41e4649b934ca495991b7852b855,stop,e3634e155b5483b09ddca606cffd62b088567b7ac8d92e73664483ecffeb9917,healthy,field_treatment_delivered,False,False,True,True,True
ON,15,2,ON/T15/U2,"I appreciate the advice, but I'm still stuck on how to handle the people who keep changing their availability without notice. It's not just the scheduling—some of them don't even respond to messages when they're supposed to. Any thoughts on how to handle that?",721602,711602,edge:d52c91228083d6a8cd4dea769aca09e80f69078742cebc410ae484ed741e68d2,contextual_and_background,29912,464111,2,1,27,952263,26666,36076103249e0bba9fc76b2d2a25fe3d87c2948f7151a3d1dda8ed262ceb9325,789077b302fd6cbd776950dd6c1b8727eda216b4be43423b1e94d37860839fb3,10825e1ca8755b6030767ba076cccba8c56f774840140ef1e725687280e902c3,2474,on,1933,3edd338691259c40f80579cca232a2c79a229363569287ad1f684e42380a936f,stop,39f9215e96c0691c99243b7df612841ee6a3aa459f33143b39526594489e43d9,healthy,field_treatment_delivered,False,False,True,True,True
OFF,15,3,OFF/T15/U3,"I get what you're saying, but I'm worried about coming off as too harsh if I set strict deadlines. Some of these people are friends or colleagues, and I don't want to burn bridges. Any tips on how to be firm without being abrasive?",721603,711603,edge:b72162524c17728f3113967eea71cd5ce7ab7696e8b9739dd0636829ed534366,background,24590,498761,4,4,49,853482,81881,37cd1d53e375f15739ee057dbc0da0dd03b6bfb3dddaef4e4ea4f9963202373f,30e3a6153328d43d13d4e17492bbf8ce09c43005fd5e669e1cfc1272de38502e,2bf9cac902e3706b3df2c940d6ffa9aa09c25e4c94b3930dc34a8d90fe30390b,1875,off,0,e3b0c44298fc1c149afbf4c8996fb92427ae41e4649b934ca495991b7852b855,length,e3634e155b5483b09ddca606cffd62b088567b7ac8d92e73664483ecffeb9917,healthy,field_treatment_delivered,False,False,True,True,True
ON,15,3,ON/T15/U3,"I get what you're saying, but I'm worried about coming off as too harsh if I set strict deadlines. Some of these people are friends or colleagues, and I don't want to burn bridges. Any tips on how to be firm without being abrasive?",721603,711603,edge:07a1295b25142f3025c2bd110e1762c3d1bcbc312ce75380f63b4a39b0be6a84,background,83334,498761,2,1,27,951922,80000,9a6943332c76b807711bbe26d51b9cbeef5b1f25adf7c3ec383daa0008bfae90,86672715c7c61e354b33dea832b2abf0a98c5faa22a4c108342b80600e589762,b78c5420aec8e3e75c611a5bf4e4889f04049a6ec2cf03b608e2489893f6bfe4,2489,on,1925,3dbf934655c7fbb55f2fef03a34c56a45a306d82bbb61f236dc241d5208aa4d5,stop,39f9215e96c0691c99243b7df612841ee6a3aa459f33143b39526594489e43d9,healthy,field_treatment_delivered,False,False,True,True,True
OFF,16,0,OFF/T16/U0,I am preparing a home for a week of extreme weather without buying everything new.,721700,711700,edge:75ef376283b73cc56bf28628d2aad53b00ca3849c32b4708029539a8de33e9cc,background,13043,254116,4,4,49,932064,54666,61b34a97838681e27fab7f03f9eab27c7f0341119cd2aaf1c8c9282d05c41cae,b5c51b7afe4492b0511abb39663eba3ea60a2811da031ffbe3c48b3d47115158,8400ae2209736710b012d6ae9cc18281051e38c60c0247757b2001cc1719468a,300,off,0,e3b0c44298fc1c149afbf4c8996fb92427ae41e4649b934ca495991b7852b855,stop,8fce3f7f00b9b07934072a48e866447fb832c5119393ac45241fab78f917907e,healthy,field_treatment_delivered,False,False,True,True,True
ON,16,0,ON/T16/U0,I am preparing a home for a week of extreme weather without buying everything new.,721700,711700,edge:897fe1ccab8f2c9389ce31ee91116172fb909c77932b6a70bfb28a9feca148de,background,69768,254116,2,1,27,796956,80000,9a6943332c76b807711bbe26d51b9cbeef5b1f25adf7c3ec383daa0008bfae90,4ddd7e46a4683ac007e2d3a642599a0fa8283e38c7762efd22eb71b9bc27f3cc,b55fc15d3b79a247502ffb0032f033f6ce8b320c6c6b7fdb7d405b9d87687453,1539,on,2074,dccabd7d4c4e6b1819f62cf59b9d972451a36c2fd46e65e0eb1216be7387a4b8,stop,39f9215e96c0691c99243b7df612841ee6a3aa459f33143b39526594489e43d9,healthy,field_treatment_delivered,False,False,True,True,True
OFF,16,1,OFF/T16/U1,"What kind of extreme weather are you expecting? I'm trying to figure out if I need to focus on insulation, water storage, or something else.",721701,711701,edge:3def0c9e55378cb263023f2761d5c8a2da588f8fc52c7bb0cb55202f60f4135f,background,24324,328403,4,4,50,937671,102400,d984551991fe87306371f0888e0e023ca627a18b8714ff9bf9825e5445386536,fb44ef08e5acaef9234317297f057246a0dbb99c46608c7e09a1360987bb35bc,23a6dcb08eeebcb0f94c98fb564a0d623b8f01e3f5a38575cd298869709b4737,811,off,0,e3b0c44298fc1c149afbf4c8996fb92427ae41e4649b934ca495991b7852b855,stop,67e6ab9cc6434165a9ef57797fa359087d817e3f2a4050801278451f3dde79a7,healthy,field_treatment_delivered,False,False,True,True,True
ON,16,1,ON/T16/U1,"What kind of extreme weather are you expecting? I'm trying to figure out if I need to focus on insulation, water storage, or something else.",721701,711701,edge:adefdb393b178614440e035f87d6fd34614021a00124ac9cb9732777b4bdf9ee,background,23256,328403,2,1,27,796956,26667,9a6943332c76b807711bbe26d51b9cbeef5b1f25adf7c3ec383daa0008bfae90,9ce5f43973b100dfe32c5b8149946acb1ccfef2caffae5402846dbbcffb87e94,bfabe0321941ef2a99a27a6d4c6eb19a593a3b7d921415620e0a408e28f02a31,1670,on,1540,e5d20332dfa03f9a98b4f11806cdcd686b88fe0e07f62faede97c9261edf911d,stop,11df37117f12eb484c450ce0ad094f796238c07642000a563970f4fdc84567be,healthy,field_treatment_delivered,False,False,True,True,True
OFF,16,2,OFF/T16/U2,I think I'll go with the cold snap scenario. What should I check first?,721702,711702,edge:d182fd3176a029e7316597632ddbdb6096507033619ab283e65827165418359f,background,25000,913359,2,1,51,969000,40000,9a6943332c76b807711bbe26d51b9cbeef5b1f25adf7c3ec383daa0008bfae90,3f5185a6aa6d2e2a9769857326b5a2f2ab339645c58e21bf3fe0843ba4b9093b,5a8da7ab65e1b4eff503d96f827340c3075d7540604d24483d1899adb02228f9,1411,off,0,e3b0c44298fc1c149afbf4c8996fb92427ae41e4649b934ca495991b7852b855,stop,75489cbc9025fb1324b905035dfed13de8cfbd0a9a77789c46965a5d933c6c2e,healthy,field_treatment_delivered,False,False,True,True,True
ON,16,2,ON/T16/U2,I think I'll go with the cold snap scenario. What should I check first?,721702,711702,edge:426c0a24e96d8cfb1b90663fb1d4fa2a3e8616f26e1f3c2c903a27e6ddca0cb4,background,17647,913359,3,2,29,913864,30400,6e19f8c94d5ecfa348a6cbc6821d76b2adf4f5387328519d10f7783159813764,c28e60c89de36ca0e7eff2a06d834c4b3dd88d6af2ac24ee1ee0c2a96eb6a326,6d57e0d44e8e215f732dea8a3d65b2275630e40504be73b3b0c2d958a3198c58,1624,on,1061,33def94b44edf665ddf31f9c84ab55d25946e0c953c259671459b5caa46f5a9a,stop,11df37117f12eb484c450ce0ad094f796238c07642000a563970f4fdc84567be,healthy,field_treatment_delivered,False,False,True,True,True
OFF,16,3,OFF/T16/U3,I'll start with the water and food check. How much should I aim for in terms of daily consumption?,721703,711703,edge:86bda19b4bfb679fb6921c9f72382c16820bab1dc10f1f13167fdedf20711442,background,11858,944362,3,2,52,967271,30400,57542c314cb15ed777e5bdef9e3daf391f20d7617bd7736140ac73e72401e837,f324421317ca01c642a9822a02d9731f761c6fcaaad09f0c987ce4bceadc0fdb,6cce0b5b590606f011c8dc29ebb35c0e7cb062bfcf59635d899063ac24559e89,1112,off,0,e3b0c44298fc1c149afbf4c8996fb92427ae41e4649b934ca495991b7852b855,stop,10ee6a975e614a81ea7fee76a07c79e9d2cb01a84c0215d8b3f5da9b9208631b,healthy,field_treatment_delivered,False,False,True,True,True
ON,16,3,ON/T16/U3,I'll start with the water and food check. How much should I aim for in terms of daily consumption?,721703,711703,edge:4961a03405c41b6935344bb4ddab94616bef0d0171490480e54302639780bc20,background,38461,944362,3,2,29,956044,60800,a9de7e8e9c1841bb3bbd177e91175af3eb2cf522149a37486978cdfc5efe55ca,e9abfa9ff1410f177744385b24b61ce40e3d12f6d566011e36e564ffb6b7954b,4e79534082b2dc954a51328e23c8627c8786d5e3b18c2c75b6f791b9d44a58c7,1225,on,1234,5eaa2c8868af3e0c1095790a5e65b178982459ac715ba94da58879bd07a8bcaa,stop,11df37117f12eb484c450ce0ad094f796238c07642000a563970f4fdc84567be,healthy,field_treatment_delivered,False,False,True,True,True
OFF,17,0,OFF/T17/U0,A family archive contains many boxes but only a small amount of time is available.,721800,711800,edge:babcdbed359f3aec5f778c9e192590abcb38c5b181f6ec12e8eb15d839ff612b,background,45329,558109,2,1,54,972683,80000,d86cdb0998d815ea1c29a3fa6d692551e99e403848221dceb80e2cd2e3e7791c,4694e6797b07a8ce817dea6e3a75f707d3c06e23180d8da137cda115a05133a4,017f5431fe62464efa4989b795af7533ca0de20cd4096c0555ba56dc0f6d24be,320,off,0,e3b0c44298fc1c149afbf4c8996fb92427ae41e4649b934ca495991b7852b855,stop,10ee6a975e614a81ea7fee76a07c79e9d2cb01a84c0215d8b3f5da9b9208631b,healthy,field_treatment_delivered,False,False,True,True,True
ON,17,0,ON/T17/U0,A family archive contains many boxes but only a small amount of time is available.,721800,711800,edge:c784bc2a7fdb11a18d0c03fb3a43861937af0a95669a4ffc248073945284fe6e,background,38461,558109,2,1,29,956044,40000,d86cdb0998d815ea1c29a3fa6d692551e99e403848221dceb80e2cd2e3e7791c,cdb943c8ea0abf568bea2f14c442da4405c7bf41c83c1f7510445c8bfdfcb3ee,9384837d4db3958161bed1a4a515b38c712529a1c7ea7275b12e5cb04aea3cc1,944,on,1786,215a43176325a5a40eb35ee521c6b9c6e0b066dcdc2e372861ba6b399fd59b76,stop,4b6aad423a3edb6d126d05764cff7d18936b41fc8e8a2a1e4378991d3953b575,healthy,field_treatment_delivered,False,False,True,True,True
OFF,17,1,OFF/T17/U1,"I guess the goal is more personal — preserving memories, but there's a lot of clutter. I need to figure out what to keep and what to toss, but I'm not sure where to start.",721801,711801,edge:a57135ad67071e0d042be17db2d0c5cc795a6a0fcb37c452c8dee2219d8800e3,background,11342,710887,5,4,54,972640,51200,01c9bc0060652e99ade7e2caf36368097f64e15a6d9b59a445e92125e973954e,d2d0391972f25ebd6b1e392b3bcadad5ca7d00ed41cdf1833b2282270d6e67b7,fc963df6aeceac0d2770baf61fb670d1f590f5154dca29248a3c0e59cb146351,1093,off,0,e3b0c44298fc1c149afbf4c8996fb92427ae41e4649b934ca495991b7852b855,stop,36ca57274a89fa4026e75647913bd351bc3346fc257561541def8ab513b779e7,healthy,field_treatment_delivered,False,False,True,True,True
ON,17,1,ON/T17/U1,"I guess the goal is more personal — preserving memories, but there's a lot of clutter. I need to figure out what to keep and what to toss, but I'm not sure where to start.",721801,711801,edge:b29ba842fd7658591d2a51521ff55ad1ade84dc926d15bc237cd145cc7d48937,background,35714,710887,3,2,31,959523,60800,6e19f8c94d5ecfa348a6cbc6821d76b2adf4f5387328519d10f7783159813764,990101d7d8591583e90547b60a5c27c1f9520158b8a7779d48d38d170d191b7c,629fff6382e80bd8f772a6e611351ada26ffdccb63ab8acd2ea906fb2f6b1052,2496,on,1529,d712a94e3e452005f990c2637e12a42973aa0dfa8252feca47d1b98e5da96e94,stop,4b6aad423a3edb6d126d05764cff7d18936b41fc8e8a2a1e4378991d3953b575,healthy,field_treatment_delivered,False,False,True,True,True
OFF,17,2,OFF/T17/U2,"I think it's more of a personal memory archive, but there are some old documents mixed in that I'm not sure about. I guess I need to figure out how to separate the sentimental stuff from the stuff that's just taking up space.",721802,711802,edge:712775f0be67c21b6763e1e88e4e1a01911c44dd22451502219165e94197bd07,background,4830,984119,5,4,55,974235,59733,930bffbd512ff27e421584fd92c65d8850525ba103b836c44fe2ba2432c6187f,110ebded25d1198917361789df49ef5c3940e221099e380031c95baa0ef218e5,c532bdbaf2d058af9df1d94224be981254841dfc1112fd724a30aa0203009f92,1149,off,0,e3b0c44298fc1c149afbf4c8996fb92427ae41e4649b934ca495991b7852b855,stop,20d4b61c2b3ecef537e21bec1dc5e6788f176b5d3992f28e21f73525b2263705,healthy,field_treatment_delivered,False,False,True,True,True
ON,17,2,ON/T17/U2,"I think it's more of a personal memory archive, but there are some old documents mixed in that I'm not sure about. I guess I need to figure out how to separate the sentimental stuff from the stuff that's just taking up space.",721802,711802,edge:886d81836ef91a9b4b1682fbb45b2ef8e283e6cffe96b8603611f1304959c100,background,35611,984119,3,2,31,959737,60800,d8203ed2705643d1c40942dce89b3be070b9bf6bf34eaa1876770740c87f8f34,655b8f991a72fa9d4635d68e64705882eb0e831988776e4fff0e9c90b27806d7,f85326c3a9ec2f7dbabe3343a53c3e273b138ad60461c6cd73187df2aa57f274,2361,on,1477,c21f531decafed8cf1712cb38d49946217787d1a527bb9aabad716e2fa361e3a,stop,4b6aad423a3edb6d126d05764cff7d18936b41fc8e8a2a1e4378991d3953b575,healthy,field_treatment_delivered,False,False,True,True,True
OFF,17,3,OFF/T17/U3,I guess the first step is to figure out what exactly I'm dealing with. I'll need to go through the stack and see what's what. Maybe I should start with the photos — they’re usually the easiest to sort. But I’m not sure how many there are. Do you think I should set a timer for this?,721803,711803,edge:410111bb35ee6fca55b87909eea54cd3a04b8590bf73bcbed85f7710757e0142,background,13888,252625,5,4,57,975447,61333,74b3b800e70dff46b5df3546b086f9223ad0d63fd2a0597955b423996c0ae0b5,80fd9f7e5fcb7025546abbe3b6981d256e2f7ac62f8a50a1cb4337772f8d105d,c6cbbda71be5e1c5a475cc6efaa12d34092bfd1f03ab56e23f45d8250f5f2d3f,1299,off,0,e3b0c44298fc1c149afbf4c8996fb92427ae41e4649b934ca495991b7852b855,stop,20d4b61c2b3ecef537e21bec1dc5e6788f176b5d3992f28e21f73525b2263705,healthy,field_treatment_delivered,False,False,True,True,True
ON,17,3,ON/T17/U3,I guess the first step is to figure out what exactly I'm dealing with. I'll need to go through the stack and see what's what. Maybe I should start with the photos — they’re usually the easiest to sort. But I’m not sure how many there are. Do you think I should set a timer for this?,721803,711803,edge:34c2f7b059d332d2076bdb9fd0331b39d00a519cc399b6a97ca9e82b99980038,background,23809,252625,3,2,31,959523,40533,95d2465ff156cc2d25c6a8bd4a0668dc33d37b9b3165f5801be34a966fe53efa,766e739c12f32906e4c5b54632972bc7d4e332f9c850f92fdbce2bb7df359f00,20ef56f6a348dab7db277a2f1efa64a75413137b1f685466f2f9ef1b84cf3758,2004,on,1658,0df4192dd04a3b0135ce86a0438180c529ffc70dab8932b962644ce672a17892,stop,4b6aad423a3edb6d126d05764cff7d18936b41fc8e8a2a1e4378991d3953b575,healthy,field_treatment_delivered,False,False,True,True,True
OFF,18,0,OFF/T18/U0,I am planning a bicycle route for people with different experience levels.,721900,711900,edge:3f815ca768a2ee7b84167ca9fe73eae8d19146aacea0f11623f12f783e8c0aee,background,18987,675133,2,1,57,889013,40000,d86cdb0998d815ea1c29a3fa6d692551e99e403848221dceb80e2cd2e3e7791c,fed16722ea90777156a44c489475c88a5b69dfa08e6ac14272dab589ccbb139c,44ac39edfcd0482ff83006625b33aed67eaee5da7d69330efd49d89a5a9486f7,608,off,0,e3b0c44298fc1c149afbf4c8996fb92427ae41e4649b934ca495991b7852b855,stop,43e6f5c3264d83de91380844eb9c8b320e353f8783dd1d6536ff6f0ff4ebb931,healthy,field_treatment_delivered,False,False,True,True,True
ON,18,0,ON/T18/U0,I am planning a bicycle route for people with different experience levels.,721900,711900,edge:52c99b4820747fe9e631ee1989abaf5817b771b8bd9b224aa6320fb3e0f89bd1,background,30323,675133,2,1,31,824436,40000,b770de26cc8c9d8a570b9c500b51a757c50d8d171206b8422e1a76e8aa105728,a014aff312fbf11ce637f16af18ae6aa341ff340083e42353fe59838cbd1d746,3cff6ec19bd550e5be365959e9a2663c038cd2ca102cf2d1149bb5a576760eac,1555,on,1374,954a1e7afca979acc0b7e7cdece34bdfb2a5ccc4c4eb4dbbe1abe691f0d7f6c0,stop,4291b718f6e418fec118a2d1531f8d00e1d05cab18b094ea6a6cf1ad38b30674,healthy,field_treatment_delivered,False,False,True,True,True
OFF,18,1,OFF/T18/U1,What about including rest stops and alternate paths for people who want to take a different route or need to pace themselves?,721901,711901,edge:b999c284e94a02b15601ab1dae5f5cee041832e128af0a221be0628712336072,contextual_and_background,112360,717884,2,1,58,903212,80000,9a6943332c76b807711bbe26d51b9cbeef5b1f25adf7c3ec383daa0008bfae90,9a4adef2fdca71c256f02f22aba197522ed1d565584ce760a7317abcb6b7aacc,ff4a11edecd9f9bcf1cefb05e150b576e6fd772ef24b4980254887cf4dd13cab,1688,off,0,e3b0c44298fc1c149afbf4c8996fb92427ae41e4649b934ca495991b7852b855,stop,43e6f5c3264d83de91380844eb9c8b320e353f8783dd1d6536ff6f0ff4ebb931,healthy,field_treatment_delivered,False,False,True,True,True
ON,18,1,ON/T18/U1,What about including rest stops and alternate paths for people who want to take a different route or need to pace themselves?,721901,711901,edge:b29ba842fd7658591d2a51521ff55ad1ade84dc926d15bc237cd145cc7d48937,background,33156,717884,3,2,34,961981,60800,6e19f8c94d5ecfa348a6cbc6821d76b2adf4f5387328519d10f7783159813764,2cc3d9fe616fa5a43ed60ae0405eae522df87444367ed23d2aebe7aaacaadf17,bbf6ef3b86332e843b8805c03068425165bd09b798e3ebca78bf7038ab583555,2839,on,1718,6641f3aa2b59e6fd2711b865dc9eb56823503552165b31154c6458bd50aefd37,stop,4291b718f6e418fec118a2d1531f8d00e1d05cab18b094ea6a6cf1ad38b30674,healthy,field_treatment_delivered,False,False,True,True,True
OFF,18,2,OFF/T18/U2,That makes sense. I think I need to figure out the exact wording for the signs and how to clearly mark the different routes without confusing anyone. Can you help with that?,721902,711902,edge:26057f27dc0c4e8ef6a0871562af3cda02479fedabd082fd14e3bb18bf3ac73c,background,20000,853453,3,2,58,976842,60800,df729f1c353c599cd098519a73ebecb934a2b85ae78c82f9e7e95489efacbeeb,730db78395ecc56a538c1341969b4db2541467e9dcb65a2cf62feec7ab8ff2d8,df485dd8eb6deef0e33397c970fb700c39afb228c0e69909eae5ac084166916e,1866,off,0,e3b0c44298fc1c149afbf4c8996fb92427ae41e4649b934ca495991b7852b855,length,43e6f5c3264d83de91380844eb9c8b320e353f8783dd1d6536ff6f0ff4ebb931,healthy,field_treatment_delivered,False,False,True,True,True
ON,18,2,ON/T18/U2,That makes sense. I think I need to figure out the exact wording for the signs and how to clearly mark the different routes without confusing anyone. Can you help with that?,721902,711902,edge:88ca5fd991b2db00b3d69057b6d81cab9b466bf4c10b0b3c94b814043f94726f,background,33166,853453,3,2,34,961960,60800,1222d982a87dc89cb099d29c4060cb275f08d58aa061abe5454dd1184220b783,5d87988d6b43dd59876b0caeed94a6343920d9855d595e427a9f912d221d7ca0,031baab4494c32230d452560c864e051a8aafa3a4f403bb425094402b5e66320,2684,on,1301,9acc5f54187059b83c6912c197cee0922b163212e654282c624a67dab4f1629b,stop,4291b718f6e418fec118a2d1531f8d00e1d05cab18b094ea6a6cf1ad38b30674,healthy,field_treatment_delivered,False,False,True,True,True
OFF,18,3,OFF/T18/U3,I like the idea of using color-coded markers to differentiate the routes. But I'm worried about people getting turned around if they're not paying attention. Any suggestions on how to make the transitions between routes clearer?,721903,711903,edge:a6faff14ebf8fd01e11627633ca968070337d1439e603e79cc019276baa9a3c6,background,33488,77573,2,1,58,903957,80000,36076103249e0bba9fc76b2d2a25fe3d87c2948f7151a3d1dda8ed262ceb9325,231614e4a2d356f7f843c41f88cfadae61fde7a8267c77839a1a5701385a6de8,bafa5a5dfbd87d76b755b0f893ef1db802f11f3945bcd2b06900801701a1a78e,1931,off,0,e3b0c44298fc1c149afbf4c8996fb92427ae41e4649b934ca495991b7852b855,length,43e6f5c3264d83de91380844eb9c8b320e353f8783dd1d6536ff6f0ff4ebb931,healthy,field_treatment_delivered,False,False,True,True,True
ON,18,3,ON/T18/U3,I like the idea of using color-coded markers to differentiate the routes. But I'm worried about people getting turned around if they're not paying attention. Any suggestions on how to make the transitions between routes clearer?,721903,711903,edge:2f54164ccb78ee7469b706d939e9b7728d1edb54ee1e721ee5a47d153610a53c,background,22222,77573,2,1,34,961615,26667,df729f1c353c599cd098519a73ebecb934a2b85ae78c82f9e7e95489efacbeeb,13b62088247bdb502bf9fa1f099363a146ea195feebee43bb89af5a3ea8b8578,37a89f444863d4929e6c481bf97c94acdf4f66f7e29324fa6ca4012365e5e38c,2751,on,1674,285e5fd061ffa202a9fe90a00f3bd68b2a3fa52ef827edff1a41fc709caf8a62,stop,4291b718f6e418fec118a2d1531f8d00e1d05cab18b094ea6a6cf1ad38b30674,healthy,field_treatment_delivered,False,False,True,True,True
OFF,19,0,OFF/T19/U0,A small shop must decide which custom requests it can handle this month.,722000,712000,edge:2d0a73c20f2eb00aa942a504f6b16233dfa6e566043226403697261cc09b5cd6,background,19951,767880,2,1,58,976941,40000,c6260787eb30d3754a552e231e28612e60df8c6a5b14cbb637b3fdb94f1317f7,7a5448f5e8ade369dc6464ca7c776428628e24bdafc12db6273a688ceb52becf,9ffbba874b392691319cd1bc81a0d6b330b44e160b40e25bd00b4c7cfac6d8cf,588,off,0,e3b0c44298fc1c149afbf4c8996fb92427ae41e4649b934ca495991b7852b855,stop,0e1193b8c5c630fd62f9442f9778f4629cba6c0d7826bad493c78c3f8005c38b,healthy,field_treatment_delivered,False,False,True,True,True
ON,19,0,ON/T19/U0,A small shop must decide which custom requests it can handle this month.,722000,712000,edge:2ce16b1183959c605c457653c1a3522da986a80dc735b872fb127b7c95a616c6,background,66587,767880,2,1,34,961698,80000,fa87891a80cdb0aa04066e16571873f19850b45c94c226589f8517a5d59cf00a,ae43ac3c7434ed02132c1f383622607a82f265862cddff76023f2231d5ca21de,1c74b23f3731f5fe7d9f6ab036d4bb1e68b1c2f205634685d52b2d9a418fb2c5,1483,on,1793,a71d06a16407dcb760864f3d72d07fd0ee1fcf7286be31f7ac17a1ee14a0da0d,stop,4291b718f6e418fec118a2d1531f8d00e1d05cab18b094ea6a6cf1ad38b30674,healthy,field_treatment_delivered,False,False,True,True,True
OFF,19,1,OFF/T19/U1,How do you balance customer expectations with what's actually feasible?,722001,712001,edge:2d889f50870bc7b4950493987f5f98f4b0bb7fddf1b9b23c66f6f30b5e4fb2d6,background,19230,408150,4,4,59,978117,81881,44f66cf2fa7bcda0d7b6b2c17ac9d04d82a6caa5d2660f652a8425a4bc804833,8a2a035cfa7007691c0dbcd689a028cd736735e0e0b3b6592732a44e2debaa21,7b503c3b96a6c38f9f43f94a1ca5f72b67b75712c99663f516a96ffc9f54bf5a,1770,off,0,e3b0c44298fc1c149afbf4c8996fb92427ae41e4649b934ca495991b7852b855,stop,e8fc3b9de6dcd6902e4808746039a832979accea6137584298ad32e8b87ab5e3,healthy,field_treatment_delivered,False,False,True,True,True
ON,19,1,ON/T19/U1,How do you balance customer expectations with what's actually feasible?,722001,712001,edge:1d3de5cc4044235b4de122119d29bb46e461e60ac9683b102f56134afbdad7a2,background,22222,408150,2,1,34,961615,26667,d86cdb0998d815ea1c29a3fa6d692551e99e403848221dceb80e2cd2e3e7791c,a44e3f0aa909672a67af2d70a39c6080da8297e8717e6a7287db415de07f782d,0c59b164995b77545b7724a7eb9fbc84cae7877bc11b00dea834975e27439211,2778,on,1572,b333b487492a30f55d9ed29bd082fc0984e8c9b3dd506aa2ea210f52182811ae,stop,4291b718f6e418fec118a2d1531f8d00e1d05cab18b094ea6a6cf1ad38b30674,healthy,field_treatment_delivered,False,False,True,True,True
OFF,19,2,OFF/T19/U2,"I appreciate the structured approaches, but I'm wondering—how do you handle the emotional weight of saying no? It's one thing to have a system, but it's another to manage the disappointment or frustration that comes with it.",722002,712002,edge:d182fd3176a029e7316597632ddbdb6096507033619ab283e65827165418359f,background,18463,875271,2,1,60,976351,40000,9a6943332c76b807711bbe26d51b9cbeef5b1f25adf7c3ec383daa0008bfae90,b432533df14b38a412f151837970dd549fa73a23904668645197a0e50c6541e5,36d71983db7898566f9579bf8dad35f41d5297d7fb34ce82dfa79f69caf05c11,1912,off,0,e3b0c44298fc1c149afbf4c8996fb92427ae41e4649b934ca495991b7852b855,length,e8fc3b9de6dcd6902e4808746039a832979accea6137584298ad32e8b87ab5e3,healthy,field_treatment_delivered,False,False,True,True,True
ON,19,2,ON/T19/U2,"I appreciate the structured approaches, but I'm wondering—how do you handle the emotional weight of saying no? It's one thing to have a system, but it's another to manage the disappointment or frustration that comes with it.",722002,712002,edge:8bc921f05b009b5ae5a739ec6431a49721c62d0b04ce7da5bafe28cca1c0aec9,background,33333,875271,2,1,34,961615,40000,4d8c5a05367ebb92578ebb979d619a3cee80ab7baab77f620ab746060f8f4375,1fcd1b8674dca0637bb6eaeccdd6bac34ae823ece61ca12caa2016be70ebf721,70c43db200ea9d384ebb731fa497e0cbb0aa7f559f58d46bbf854d8d259426cd,2671,on,1509,9ea374f139630dfb35312a47df3258b46750f93cc3adb19aa148cb1e01cab5de,stop,4291b718f6e418fec118a2d1531f8d00e1d05cab18b094ea6a6cf1ad38b30674,healthy,field_treatment_delivered,False,False,True,True,True
OFF,19,3,OFF/T19/U3,How do you balance being transparent about your limits without coming across as unhelpful or dismissive?,722003,712003,edge:da8c8b5279f14b6ae4cae209127229bb397c1090d926cef3ec7d801615127cae,background,9259,345014,4,3,60,979284,44266,8a2676eb7abdeae376ea685909449f73df09b3e1430ad2530abc9286a7627c2d,1827ca71be2d7fd2da4eabdc0b6d61c690268e3133790e9bb680e144e6a2684d,e6326c60851102e37371ec7c5f752602c23010f42b541ff0406c6544b4fb36da,1743,off,0,e3b0c44298fc1c149afbf4c8996fb92427ae41e4649b934ca495991b7852b855,stop,e8fc3b9de6dcd6902e4808746039a832979accea6137584298ad32e8b87ab5e3,healthy,field_treatment_delivered,False,False,True,True,True
ON,19,3,ON/T19/U3,How do you balance being transparent about your limits without coming across as unhelpful or dismissive?,722003,712003,edge:897fe1ccab8f2c9389ce31ee91116172fb909c77932b6a70bfb28a9feca148de,background,66667,345014,2,1,34,961615,80000,9a6943332c76b807711bbe26d51b9cbeef5b1f25adf7c3ec383daa0008bfae90,c8158d0964f9a637b4e0411244673665ef6745360f09513b98a536584b6b320a,edc58e1450787d9ab78573939df3c68151c85fde14f021062c1ad0b332bf4087,2577,on,1538,1638bd45300b4fce14805cc198f08d23c233580f2c4ccb9a273eb595ea3943ce,stop,4291b718f6e418fec118a2d1531f8d00e1d05cab18b094ea6a6cf1ad38b30674,healthy,field_treatment_delivered,False,False,True,True,True
OFF,20,0,OFF/T20/U0,A class project has uneven participation and a deadline that cannot move.,722100,712100,edge:2465f908d9f04d0d395ff496c9fcfa0aa71c2da55a0c30ad37ace7565a0afd00,background,18518,566616,1,1,60,979284,40000,9a6943332c76b807711bbe26d51b9cbeef5b1f25adf7c3ec383daa0008bfae90,80c016cb980db9e9ee83be1fdc4ce836c1f13045677259bbdec0fdbdaae02c84,7494a5d1704fab4c722ee9218615845a5673e8b295e2ecf8ed30a58cda6b69c2,363,off,0,e3b0c44298fc1c149afbf4c8996fb92427ae41e4649b934ca495991b7852b855,stop,b94a0f7b515c2bb128f2c173b26492f1e78e86fbe49d07776528a9bdd92ac9ce,healthy,field_treatment_delivered,False,False,True,True,True
ON,20,0,ON/T20/U0,A class project has uneven participation and a deadline that cannot move.,722100,712100,edge:2118c282859aad8717b452e3370691dddb072087924cc73819d404902a14d4cc,background,16666,566616,4,3,34,961615,30470,4c8d41c147896a30af24851c2b23c4c1d65a104a058b6d3a9d33607119c48736,c1802cb66d420a0f3bd340bebb6de39c8c6b30579fe983458f00627f0e83d5c4,bdd6c6a1eeab292bce473629d14e311236c6e99e8bec8c5c6afb49962877fc57,2333,on,2258,949232483fb5a6a3c0f4f6e890c351622ce3a565a6518100793aef172c88f3a9,stop,4291b718f6e418fec118a2d1531f8d00e1d05cab18b094ea6a6cf1ad38b30674,healthy,field_treatment_delivered,False,False,True,True,True
OFF,20,1,OFF/T20/U1,"I'm the team leader, and I've already tried talking to the members. Some are overwhelmed, others just aren't showing up. I need to figure out how to redistribute the work without making things worse.",722101,712101,edge:d182fd3176a029e7316597632ddbdb6096507033619ab283e65827165418359f,background,17857,889311,2,1,63,979839,40000,9a6943332c76b807711bbe26d51b9cbeef5b1f25adf7c3ec383daa0008bfae90,73ba52e2a4582801031574d2ecbf8636164d79d1c2477d0732364242ac3fc3c8,ef62c16ce9b4b998989d667af9feb1edf24552798fb8e592c354985c2b7bf218,1513,off,0,e3b0c44298fc1c149afbf4c8996fb92427ae41e4649b934ca495991b7852b855,stop,97494ea7919ab8ed3bc618e05cba2174750dc2c93a312f992e4ac1b2b8c282aa,healthy,field_treatment_delivered,False,False,True,True,True
ON,20,1,ON/T20/U1,"I'm the team leader, and I've already tried talking to the members. Some are overwhelmed, others just aren't showing up. I need to figure out how to redistribute the work without making things worse.",722101,712101,edge:8bc921f05b009b5ae5a739ec6431a49721c62d0b04ce7da5bafe28cca1c0aec9,background,30928,889311,2,1,34,966572,40000,4d8c5a05367ebb92578ebb979d619a3cee80ab7baab77f620ab746060f8f4375,aca87c57f1fe2652c9dc3bfc990915a49b4203965fa2268e512e138361089423,544c06852ccbae6399df64acd0104828d5ec722b570c06b473cdf064059c7956,3353,on,1832,28c765c6c7c20db0ba0dc9fb93966beb6c1d652985298dbb087f1f139a2d8299,stop,4291b718f6e418fec118a2d1531f8d00e1d05cab18b094ea6a6cf1ad38b30674,healthy,field_treatment_delivered,False,False,True,True,True
OFF,20,2,OFF/T20/U2,"I appreciate the structured approaches, but I'm not sure how to start the conversation with the absent members without coming off as accusatory. How do I approach them without making things worse?",722102,712102,edge:1f1732a88101081c441b87167d7d38d062e6fc65e3253b2b35f4a09af35bd161,background,17241,601660,2,1,65,980604,40000,df729f1c353c599cd098519a73ebecb934a2b85ae78c82f9e7e95489efacbeeb,0242705ddfbef6b3dcadca30abf3bb2ca2f1a4401967875d594191ec6f8e1483,dd64dd2bdffb5d019fe781040ea2c483174647832e488db9d84cacff11a74c95,2000,off,0,e3b0c44298fc1c149afbf4c8996fb92427ae41e4649b934ca495991b7852b855,stop,97494ea7919ab8ed3bc618e05cba2174750dc2c93a312f992e4ac1b2b8c282aa,healthy,field_treatment_delivered,False,False,True,True,True
ON,20,2,ON/T20/U2,"I appreciate the structured approaches, but I'm not sure how to start the conversation with the absent members without coming off as accusatory. How do I approach them without making things worse?",722102,712102,edge:aa216fc6fa2b1621b92299103046a6cabfc250c7c9ff7daf777b8100f64a06d3,background,22222,601660,2,1,34,961615,26667,df729f1c353c599cd098519a73ebecb934a2b85ae78c82f9e7e95489efacbeeb,993ea365fc49e6b07e8f1024f23dd80aa1ff27fc21ce1f6c62215ead5c2be530,dc82686a3bc8d2721c8799db0aba56d1dbd2b3d7aaac9ec3ab0f6fa7704fd71d,2963,on,1617,8950670c659f78eda8922af3bcaa4cd30163841773231ed4db3a18863f12ce64,stop,4291b718f6e418fec118a2d1531f8d00e1d05cab18b094ea6a6cf1ad38b30674,healthy,field_treatment_delivered,False,False,True,True,True
OFF,20,3,OFF/T20/U3,"I see the value in approaching it with empathy, but I'm still worried about how they'll react if I bring it up. What if they get defensive or shut down completely? How do I handle that?",722103,712103,edge:65312c2330f76fcefe10eef0215361e69f8c24e34bc49d4d437c28cfa3b95c8f,background,34386,131166,2,1,65,977868,80000,533678fccbbf8597eb15ab440b06c024f81f358f4089f00c0d6a5106fb0aba88,716b3a9bb54392e5c69fec7132ea035ea0891f6585c9e7bf8fa0d83b2c67fc23,934005b5e695ebf8d3233085ea757a0ee637d66d6068c1a1737ae65f3430fd0f,1919,off,0,e3b0c44298fc1c149afbf4c8996fb92427ae41e4649b934ca495991b7852b855,stop,97494ea7919ab8ed3bc618e05cba2174750dc2c93a312f992e4ac1b2b8c282aa,healthy,field_treatment_delivered,False,False,True,True,True
ON,20,3,ON/T20/U3,"I see the value in approaching it with empathy, but I'm still worried about how they'll react if I bring it up. What if they get defensive or shut down completely? How do I handle that?",722103,712103,edge:7f7a0870cddda741bd61fa74fa86aecd4b58ac32c8b8d04665a8653be1379340,background,16666,131166,3,2,34,961615,30400,c60f463a38f23b12cac7667858873504173f4bb24165f0acd46cd9a8d73615b6,78d6f399a9653a70ce277f3e3b7d03a7a6511f4becf39af6d8fe696fbd31ce26,db2fa42c26669110950e3fae5578bddda2ac22a142ae60836109abf28e7a5fe4,2840,on,1365,344848bf0f81b9af065c8ab2b1969e3670e56726592ad56f3c198df8d46bbbff,stop,4291b718f6e418fec118a2d1531f8d00e1d05cab18b094ea6a6cf1ad38b30674,healthy,field_treatment_delivered,False,False,True,True,True
OFF,21,0,OFF/T21/U0,I am taking photographs in changing light with equipment I already own.,722200,712200,edge:a846eec01daa3eac0ee4b48225346ab0a1781aa74741a0357cb6b4954432ad29,background,10396,382425,4,3,65,910036,47467,57c02427cd016968238b2b35afd48c9e7b5962de784c6316e9ccd5ef8739e8dc,480fda815a4a0e6ee7b402751437c5dae9cdb0391cbdb3e5ff6521319a0919f2,e98f67725ad8f4e1f80016351020429c81c68a7c0a52a8d74b6675b06a4e4cb1,191,off,0,e3b0c44298fc1c149afbf4c8996fb92427ae41e4649b934ca495991b7852b855,stop,78d9f13dc282539df79483b796766ad33402dc5a084ca1438b4e13ec937015cb,healthy,field_treatment_delivered,False,False,True,True,True
ON,21,0,ON/T21/U0,I am taking photographs in changing light with equipment I already own.,722200,712200,edge:bc56197fcd888c578b45d5ab8fa8ee58dae62353ad0b533049655eacea64fb01,background,22190,382425,2,1,34,961708,26666,d86cdb0998d815ea1c29a3fa6d692551e99e403848221dceb80e2cd2e3e7791c,2d34b47fd7bb3766c8d027b486a01d566749e0915e074531311c2dc296f831a9,018e789c920c96be00b86eb5934ba02f4a11ed71f7193b2a09befcb80cb493d2,362,on,1854,ee6dd35c9fb0912be367571595f98155a37b1405f55998a89d4a6ccc02403621,stop,a4c075074190c9899fa51d44c9003a8406a8436c67e7c3a0c3f84019b0e08cb2,healthy,field_treatment_delivered,False,False,True,True,True
OFF,21,1,OFF/T21/U1,"What kind of camera do you have? I'm trying to adjust my settings on the fly, but it's hard to keep up with the shifts.",722201,712201,edge:6f120cca7e2a5752289fe09d6a646763e0f020f1bdfddd5664fe3a3869308824,background,31788,921380,2,1,67,961368,80000,df729f1c353c599cd098519a73ebecb934a2b85ae78c82f9e7e95489efacbeeb,9a71cf60c1da6119a1cc053d832ca48f1225cdf198c2dfa77b910d47ad6413a3,b144e6f7fd37be5b5e31a747f17e245610708c3fd49c02f718d4d70e8e3b4de9,562,off,0,e3b0c44298fc1c149afbf4c8996fb92427ae41e4649b934ca495991b7852b855,stop,78d9f13dc282539df79483b796766ad33402dc5a084ca1438b4e13ec937015cb,healthy,field_treatment_delivered,False,False,True,True,True
ON,21,1,ON/T21/U1,"What kind of camera do you have? I'm trying to adjust my settings on the fly, but it's hard to keep up with the shifts.",722201,712201,edge:30e648530d5f4ffa34199b3abc60d725716b81c10f5db4d2b82507d23b62f195,background,20833,921380,2,1,36,964285,26667,36076103249e0bba9fc76b2d2a25fe3d87c2948f7151a3d1dda8ed262ceb9325,cb071dc132eaa5e4c112e4487fdb011f3de981cb3900df42f3f117c6e5290731,e845c0b7a7604020dc2d5e4e002b611e19c515bbac901b3adb7e356c5f94c4a5,1148,on,1783,926d593bce9213146b86225e26944a71b8fc811f3df0e110598c8d660d32e1b2,stop,a5061c05c75b6046a66e48be53219ffa224bf820e2b02bb04dde394c17fb7940,healthy,field_treatment_delivered,False,False,True,True,True
OFF,21,2,OFF/T21/U2,"I'm shooting street photography, mostly people and candid moments. The light changes so fast when moving from shade to sun, and I'm trying to keep up without missing the shot. Do you have any tips for that?",722202,712202,edge:afe1bcdaa3047b08a2fc7ac4e462338f03f36417b4c0760a4b47314fa12dba53,background,14990,175131,3,2,67,913699,81600,7f5c0b153f2320eed0081b9ad36199f02525b872bb7c7a33d2a07b95f947f448,46132a26c01a9f3f5c02ef9ea45cac3337550e18f5cd9bdc9d0e0be524fc35ff,697da6381387d0e16949bac261f8733aecfedbdb0ddc628a588654a0db9293d3,1915,off,0,e3b0c44298fc1c149afbf4c8996fb92427ae41e4649b934ca495991b7852b855,stop,78d9f13dc282539df79483b796766ad33402dc5a084ca1438b4e13ec937015cb,healthy,field_treatment_delivered,False,False,True,True,True
ON,21,2,ON/T21/U2,"I'm shooting street photography, mostly people and candid moments. The light changes so fast when moving from shade to sun, and I'm trying to keep up without missing the shot. Do you have any tips for that?",722202,712202,edge:2c76ee83f544339e4f80cdf22510f80ebe1641da07f792425a0977d385955daf,contextual_and_background,85562,175131,3,2,38,939152,60800,1dd3e9ca5e77e19a1dea1fd9b1e565a6ba091e2148130eaa22db4ca0f6c29320,60acc0efeea6696be23a434b9d0d443c98c00380708568eddbcff1b273f45a0b,28e40dbf67e62239ff19e0b7800fe8d147f0bc7d67667c7aed5d1e06a783b270,2343,on,1286,ee37328f207e1fab7ec5c2b4a46feb20f70ef18b6e2c260215b539b25a13718a,stop,a5061c05c75b6046a66e48be53219ffa224bf820e2b02bb04dde394c17fb7940,healthy,field_treatment_delivered,False,False,True,True,True
OFF,21,3,OFF/T21/U3,"I'm using a mirrorless camera, but I'm still figuring out the best settings for fast-moving light. I’ve been trying to keep the shutter speed high, but sometimes the images end up too dark or too bright. Any advice on balancing that?",722203,712203,edge:74d356f361e2b7ae7eda318ed849007b36979bf5a6ea360f836fa1ff8508a232,background,16621,583185,1,1,67,981404,40000,df729f1c353c599cd098519a73ebecb934a2b85ae78c82f9e7e95489efacbeeb,23c28bc91880e48e01470bd69bbf4c318f610ad49e52bc6b7f3284e120db53e6,c4018028b4fd4ce5ded44bd06451b6fc1d7cdc58bd10b1b6ab14299f5f3d17c7,1971,off,0,e3b0c44298fc1c149afbf4c8996fb92427ae41e4649b934ca495991b7852b855,length,78d9f13dc282539df79483b796766ad33402dc5a084ca1438b4e13ec937015cb,healthy,field_treatment_delivered,False,False,True,True,True
ON,21,3,ON/T21/U3,"I'm using a mirrorless camera, but I'm still figuring out the best settings for fast-moving light. I’ve been trying to keep the shutter speed high, but sometimes the images end up too dark or too bright. Any advice on balancing that?",722203,712203,edge:387c35bd2ca07ade2353f30f07d0cccefb00e5a0c696d2d37420035a2b40d220,contextual_and_background,76923,583185,2,1,38,948025,40000,9a6943332c76b807711bbe26d51b9cbeef5b1f25adf7c3ec383daa0008bfae90,4a2d782cda90e74414a0b41fc07209a4201552e2db92e2d6744fcaaa48628765,1dd1c0bdaa9f7757fd6177d862279bedbd63a6301df499486f5bd001c03dc66a,2936,on,1887,3f22455ad028ebdb6ed061c22d5b008373023327672634280becd5ae29491d9d,stop,a5061c05c75b6046a66e48be53219ffa224bf820e2b02bb04dde394c17fb7940,healthy,field_treatment_delivered,False,False,True,True,True
OFF,22,0,OFF/T22/U0,A pond restoration effort has several possible interventions but limited monitoring.,722300,712300,edge:65312c2330f76fcefe10eef0215361e69f8c24e34bc49d4d437c28cfa3b95c8f,background,33333,129953,2,1,67,981313,80000,533678fccbbf8597eb15ab440b06c024f81f358f4089f00c0d6a5106fb0aba88,9a7e076705ad88e9d2786b57203ccd86336c3f4011ddb97349fcbb48527065b3,afa6f8cb304f49484ff0edf1fd47a958f87fbe87438c3b688fb0e6f0ee2e4faa,408,off,0,e3b0c44298fc1c149afbf4c8996fb92427ae41e4649b934ca495991b7852b855,stop,cc4c2811cfc03cfaab3c023e8d5c5517a694d3e354aef751e93057a9d18a37a5,healthy,field_treatment_delivered,False,False,True,True,True
ON,22,0,ON/T22/U0,A pond restoration effort has several possible interventions but limited monitoring.,722300,712300,edge:e2d51b9b35b632132ea07d5f5c37b74def8182c869afd6d63f235f0f03b42cfd,background,19606,129953,2,1,38,966614,26666,df729f1c353c599cd098519a73ebecb934a2b85ae78c82f9e7e95489efacbeeb,2701ba8a15b9a4f8f2e20fbca6c75e829da1cd5c0306331cfb5d90f2313fb7c8,0c18a181c0bd044f012fce376639c4e6681761122a7377a89cae455cf9a28c3d,917,on,1995,23a3ff177ac3dd8ea60d58c7ea77791d4c612613b6458321f1620cadfb4047f3,stop,a5061c05c75b6046a66e48be53219ffa224bf820e2b02bb04dde394c17fb7940,healthy,field_treatment_delivered,False,False,True,True,True
OFF,22,1,OFF/T22/U1,How do you balance the need for immediate action with the need for long-term data collection?,722301,712301,edge:94f598f1e2dc59289e3f587767d37bb3900d0ceed35a5972eb1b83af90705aa1,background,7915,98888,4,3,68,982790,40800,0b2a56f90ce83e822343544ba440eeaac2a7db74cad809cf2b8ad09a469c4a0f,a367fe53b50f44763d45c20abffc43ed757b6355f398e4ea86feebe400efc5fa,c49c08d9e672d831be0cb1afe902415380e9e7cccf3554e473cb0f02abd7747d,1523,off,0,e3b0c44298fc1c149afbf4c8996fb92427ae41e4649b934ca495991b7852b855,stop,33abeb71f88e1e0268fc4db445f8266d42e1d6a2e3827503011151b450790c81,healthy,field_treatment_delivered,False,False,True,True,True
ON,22,1,ON/T22/U1,How do you balance the need for immediate action with the need for long-term data collection?,722301,712301,edge:ea0d645d4081ec53e1cb9157cc130b9ac5a9da4c8bf636b4b74b1f93e81d12be,background,26946,98888,3,2,38,965527,60800,5f7dad14b39d3fd92c50b339d0c54a32a7c3438baf70cc30d09587240eff60f7,cfafcf63f86abd76492fad047d29408e24bdd1bdc3c0b3c754294e947466ec76,58b404eeca086e9867e195bc467899230f2f8fe140e3f629ed246ccb885a34cd,2011,on,2103,373da4fc1fc7d1ffd00be44e76f0c452f80f9321a3072fa72cca31d9e865ad43,stop,a5061c05c75b6046a66e48be53219ffa224bf820e2b02bb04dde394c17fb7940,healthy,field_treatment_delivered,False,False,True,True,True
OFF,22,2,OFF/T22/U2,"I see what you mean about the feedback loop. It feels like we're trying to fix a leak while also figuring out why the pipe is corroded in the first place. But sometimes the immediate action is the only way to prevent total failure—like if the pond is already turning murky, we can't wait a year to gather data before doing something. That said, I also worry about making changes without understanding the bigger picture. How do you decide when to act fast versus when to slow down and collect more info?",722302,712302,edge:084ca9638afa5fb6b7023a6466bf5f680ef3efd6ffef3eda3661d1b7a5369429,contextual_and_background,32755,63703,2,1,71,981062,80000,1222d982a87dc89cb099d29c4060cb275f08d58aa061abe5454dd1184220b783,875e0120f07d51386e3c9777e6c5b6c746bc92d04ab7303e28921c2dbc319a36,d7d6ee8bac1003d26c069eae98c9bfcd3f9acdca4e36c46e184c0b8a04019022,1959,off,0,e3b0c44298fc1c149afbf4c8996fb92427ae41e4649b934ca495991b7852b855,stop,33abeb71f88e1e0268fc4db445f8266d42e1d6a2e3827503011151b450790c81,healthy,field_treatment_delivered,False,False,True,True,True
ON,22,2,ON/T22/U2,"I see what you mean about the feedback loop. It feels like we're trying to fix a leak while also figuring out why the pipe is corroded in the first place. But sometimes the immediate action is the only way to prevent total failure—like if the pond is already turning murky, we can't wait a year to gather data before doing something. That said, I also worry about making changes without understanding the bigger picture. How do you decide when to act fast versus when to slow down and collect more info?",722302,712302,edge:98c80e986d370ec5bd9c5d9fe08062147c06186a8a3bc54d5611f4699f714b6f,contextual_and_background,61327,63703,2,1,38,964042,26667,e294b8e0c00283c8ed42f837632cf6715b2503318071a9ad7df240dc2fc370df,4b6c2ae957df1e268b02f73e1c61a9aeb8b5f9724e8057da552392806fd21647,0f0480449d9e42c34cc3c61f4a09ef40317f3f10170791eae945e187de271245,2308,on,1785,941cd50979eabd42c6cd23b36f01c22cb76ac93ca3ae27e03ba80b15f0f8336e,stop,a5061c05c75b6046a66e48be53219ffa224bf820e2b02bb04dde394c17fb7940,healthy,field_treatment_delivered,False,False,True,True,True
OFF,22,3,OFF/T22/U3,"I appreciate both of your frameworks—they both emphasize the importance of context, but I'm still wondering how to balance the urgency of action with the need for understanding. It feels like there's a middle ground where we might take a small, measured step while still gathering data. For example, what if we tried a partial intervention—like adding a filtration system to reduce the murkiness—while also monitoring the chemical levels? Would that be a reasonable approach, or does that risk complicating the data we collect?",722303,712303,edge:4e9c5e9489b1ae6c4044a7d16666e0c058c072c399f1b02db8c4ddd1859afb4d,contextual_and_background,29418,645333,2,1,71,924767,26666,36076103249e0bba9fc76b2d2a25fe3d87c2948f7151a3d1dda8ed262ceb9325,da3aa8f6ab8616073a4f7b3312b0f3e5de32364232416337b19550efd49e93f5,69d39a91ee85af6c6fbaf134e8483fa7ded64e284e1dacedc2c51301143f0adb,2018,off,0,e3b0c44298fc1c149afbf4c8996fb92427ae41e4649b934ca495991b7852b855,length,33abeb71f88e1e0268fc4db445f8266d42e1d6a2e3827503011151b450790c81,healthy,field_treatment_delivered,False,False,True,True,True
ON,22,3,ON/T22/U3,"I appreciate both of your frameworks—they both emphasize the importance of context, but I'm still wondering how to balance the urgency of action with the need for understanding. It feels like there's a middle ground where we might take a small, measured step while still gathering data. For example, what if we tried a partial intervention—like adding a filtration system to reduce the murkiness—while also monitoring the chemical levels? Would that be a reasonable approach, or does that risk complicating the data we collect?",722303,712303,edge:60fd33928937c6b4951765d0936e16aa23c3b9c14efa7e2a0d8cacbcf4b05eb2,background,27820,645333,2,1,38,963531,40000,9a6943332c76b807711bbe26d51b9cbeef5b1f25adf7c3ec383daa0008bfae90,288caf4ccef2127d2feca85cc9a0d9c22150e55f0188de0d4a190c55af58874e,4324ae7749e0ab024f5416a0a510088792176763500ae0b8219ad3bd8f57bb4c,2690,on,1582,c47203474db944ac52522e13d159a158c93d11c26c737ba254ff23f50aa98fc0,stop,a5061c05c75b6046a66e48be53219ffa224bf820e2b02bb04dde394c17fb7940,healthy,field_treatment_delivered,False,False,True,True,True
OFF,23,0,OFF/T23/U0,A software workflow has grown messy as more people add small fixes.,722400,712400,edge:0340bc016bf3bcbca7522d7eee0f200b80df40907de03d85b2ed3c0647a0e108,background,9275,74503,2,1,71,920206,26667,df729f1c353c599cd098519a73ebecb934a2b85ae78c82f9e7e95489efacbeeb,ed144920aff4fe9c968f6acc608ca3bc844d7634c5e4a85b1749f5d3c83739a0,0fbbd1e2890fdbab91e750d4a8569fced1c208cc0b852def2a4df76848566a8b,247,off,0,e3b0c44298fc1c149afbf4c8996fb92427ae41e4649b934ca495991b7852b855,stop,42d19c8a7d550c77633a536c45892baecff92b7aed90f78c7f2d0d1352bddcf9,healthy,field_treatment_delivered,False,False,True,True,True
ON,23,0,ON/T23/U0,A software workflow has grown messy as more people add small fixes.,722400,712400,edge:2f54164ccb78ee7469b706d939e9b7728d1edb54ee1e721ee5a47d153610a53c,background,19607,74503,2,1,38,966614,26667,df729f1c353c599cd098519a73ebecb934a2b85ae78c82f9e7e95489efacbeeb,bd93175d6b31c4dff6a83a114f3484ac26f5c7ae149c3d468d6b3e5a5543200a,5ffd4a99b943b5a0c8e395f2b6174c80b07aa23a2ec08d81c95d488666cac395,1006,on,2098,ce44b6f593ad13ff62515f9905401f6bde28c6bc972959646efb398865f2ae4f,stop,a5061c05c75b6046a66e48be53219ffa224bf820e2b02bb04dde394c17fb7940,healthy,field_treatment_delivered,False,False,True,True,True
OFF,23,1,OFF/T23/U1,"I guess it's both — a general feeling of complexity, but also some specific parts that are really hard to untangle. I've been thinking about refactoring, but it feels like every time I try, something breaks. How do you balance making things cleaner without introducing new problems?",722401,712401,edge:6f120cca7e2a5752289fe09d6a646763e0f020f1bdfddd5664fe3a3869308824,background,30193,926913,2,1,73,981620,80000,df729f1c353c599cd098519a73ebecb934a2b85ae78c82f9e7e95489efacbeeb,589aa29c81cf263fdf812e37799b5e269a0696d36ce5cc11c2b58e246b5968a9,cb9ac793f60eee1c541507cb6f37ad623efb51fc877175586087493215b8a5ae,1450,off,0,e3b0c44298fc1c149afbf4c8996fb92427ae41e4649b934ca495991b7852b855,stop,42d19c8a7d550c77633a536c45892baecff92b7aed90f78c7f2d0d1352bddcf9,healthy,field_treatment_delivered,False,False,True,True,True
ON,23,1,ON/T23/U1,"I guess it's both — a general feeling of complexity, but also some specific parts that are really hard to untangle. I've been thinking about refactoring, but it feels like every time I try, something breaks. How do you balance making things cleaner without introducing new problems?",722401,712401,edge:426c0a24e96d8cfb1b90663fb1d4fa2a3e8616f26e1f3c2c903a27e6ddca0cb4,background,14659,926913,3,2,38,966805,30400,6e19f8c94d5ecfa348a6cbc6821d76b2adf4f5387328519d10f7783159813764,86558b4b89345c52f7608054b575d77d750d11b19ad64eda51471435afe42424,c7badf407d99c783062e884c95d0f4b0fd1f0fc3a6b99447503398e59ef8cb9d,2543,on,1418,ebc9eb8e1e21e202ff2af09bd85906c5949197244d2623cd18c45f8a38531a4a,stop,a5061c05c75b6046a66e48be53219ffa224bf820e2b02bb04dde394c17fb7940,healthy,field_treatment_delivered,False,False,True,True,True
OFF,23,2,OFF/T23/U2,"That makes sense — focusing on one small piece at a time feels more manageable. I’ve been trying to add tests, but it’s hard to know where to start. Do you have any advice on how to identify which parts of the code to test first?",722402,712402,edge:c5812dd99ead3adafe759f3a183817b14ff1c4666ad8e7f58497aa2e163ea8ae,background,15031,515392,2,1,73,980936,40000,df729f1c353c599cd098519a73ebecb934a2b85ae78c82f9e7e95489efacbeeb,9cf9963be48575ac96b5a39ac10d9e0b2ce5560a55d9389947b11ba250ab5051,8b96aabdf872e8fe9af6235ef76f787157d4f592f04a53812879b0ddc8459c8f,1864,off,0,e3b0c44298fc1c149afbf4c8996fb92427ae41e4649b934ca495991b7852b855,stop,42d19c8a7d550c77633a536c45892baecff92b7aed90f78c7f2d0d1352bddcf9,healthy,field_treatment_delivered,False,False,True,True,True
ON,23,2,ON/T23/U2,"That makes sense — focusing on one small piece at a time feels more manageable. I’ve been trying to add tests, but it’s hard to know where to start. Do you have any advice on how to identify which parts of the code to test first?",722402,712402,edge:c784bc2a7fdb11a18d0c03fb3a43861937af0a95669a4ffc248073945284fe6e,background,27074,515392,2,1,38,934340,40000,d86cdb0998d815ea1c29a3fa6d692551e99e403848221dceb80e2cd2e3e7791c,639d325719b89e7c81c1911ae5e0d4af2b12aae09c2d2a543aef000eee3fd950,fb13f8d37bb650a353a9a99ac0f9cde15fd18963854e28e5514d5c2b7b639c2f,2463,on,1650,cae3c993646a8e7140b691e872b6da4d107ec6c02722389e948408c5d08b64a4,stop,a5061c05c75b6046a66e48be53219ffa224bf820e2b02bb04dde394c17fb7940,healthy,field_treatment_delivered,False,False,True,True,True
OFF,23,3,OFF/T23/U3,I like both approaches—focusing on the pain points and starting with the smallest unit. But I'm still a bit stuck on how to actually write the first test. Do you have an example of what a simple test might look like for a function that's causing issues?,722403,712403,edge:0fe877a4d4e84a9fc291137f9b56fd2cf7d7efbe238991f14c727596d05e9a3f,background,15151,281139,2,1,73,983165,40000,9a6943332c76b807711bbe26d51b9cbeef5b1f25adf7c3ec383daa0008bfae90,ada076512e8132b4a0a83f2442eaeccef6697e3fea4677246961e7729dd58060,01eed8c6ba1ffbf21287efa37889b575b038d5415f960b00b5e3c846f4dbf6ca,1743,off,0,e3b0c44298fc1c149afbf4c8996fb92427ae41e4649b934ca495991b7852b855,length,42d19c8a7d550c77633a536c45892baecff92b7aed90f78c7f2d0d1352bddcf9,healthy,field_treatment_delivered,False,False,True,True,True
ON,23,3,ON/T23/U3,I like both approaches—focusing on the pain points and starting with the smallest unit. But I'm still a bit stuck on how to actually write the first test. Do you have an example of what a simple test might look like for a function that's causing issues?,722403,712403,edge:68ac0ae1c331c13a1d883b11e60f884d7dbf9b612c484c494f161b2e385d9877,background,58823,281139,3,2,38,966614,93866,6e19f8c94d5ecfa348a6cbc6821d76b2adf4f5387328519d10f7783159813764,6c5d2f4d7a85eb05e367f150ff827b46daffdab58de9d90630034d63add7bab4,d0730513c141ce1ded80bc8a84220f5c5481fd9e66fbe4fbdbecdfaeaca224b9,2463,on,1413,c91dc19fe982964010e95c83fb7545bc0f33282ca7a708c860dad5d0dce09340,stop,a5061c05c75b6046a66e48be53219ffa224bf820e2b02bb04dde394c17fb7940,healthy,field_treatment_delivered,False,False,True,True,True
OFF,24,0,OFF/T24/U0,A neighborhood festival needs to remain welcoming if a few planned parts fail.,722500,712500,edge:084ca9638afa5fb6b7023a6466bf5f680ef3efd6ffef3eda3661d1b7a5369429,background,29520,60909,2,1,73,980634,80000,1222d982a87dc89cb099d29c4060cb275f08d58aa061abe5454dd1184220b783,9d1aa276b4bfe17ca35aa355ae3ee94974b571881fc3977b01eb892f591cd78c,bcf5135f3be8b305db62926187aa1faf2094c26f901d6b0ec60e2e26f7075e5b,345,off,0,e3b0c44298fc1c149afbf4c8996fb92427ae41e4649b934ca495991b7852b855,stop,27dc8049a45f8db2253e4611741b5fa7498bb19d9d434794e0614461e94e18ee,healthy,field_treatment_delivered,False,False,True,True,True
ON,24,0,ON/T24/U0,A neighborhood festival needs to remain welcoming if a few planned parts fail.,722500,712500,edge:ea0d645d4081ec53e1cb9157cc130b9ac5a9da4c8bf636b4b74b1f93e81d12be,background,29411,60909,3,2,38,966614,60800,5f7dad14b39d3fd92c50b339d0c54a32a7c3438baf70cc30d09587240eff60f7,eeb64be5f44667fdf63c6bc9b9110a83f96e4d99568e1a8480202f6f64e0d65a,7df51130123938e92b2ef01b62d2da03759247c831ad79ea7eb665236806b32d,695,on,2435,1c9368ad6e3f9a48b8f2d4b8f9a0917497406a950cef5c9355939a503df06427,stop,998258ec8f4ac923f204bc60dd9b993033d9b90eb2148057240fb620b07bf0e1,healthy,field_treatment_delivered,False,False,True,True,True
OFF,24,1,OFF/T24/U1,How do you handle the emotional toll of constantly preparing for possible failures?,722501,712501,edge:26057f27dc0c4e8ef6a0871562af3cda02479fedabd082fd14e3bb18bf3ac73c,background,14647,842518,3,2,75,981413,60800,df729f1c353c599cd098519a73ebecb934a2b85ae78c82f9e7e95489efacbeeb,07cf9b7190e1d5fd5dfd084f3b06671ffbaaa8509175b60e671f55617f152c8a,8572205039ed0f6942e147df52e4af64a6e38a2f8356872593418967aca1b96a,1319,off,0,e3b0c44298fc1c149afbf4c8996fb92427ae41e4649b934ca495991b7852b855,stop,27dc8049a45f8db2253e4611741b5fa7498bb19d9d434794e0614461e94e18ee,healthy,field_treatment_delivered,False,False,True,True,True
ON,24,1,ON/T24/U1,How do you handle the emotional toll of constantly preparing for possible failures?,722501,712501,edge:c297e8615c34fa5f04c95a68ddf60ecd93ff6d71e2ddfa2682860f4483e6ff8b,background,27777,842518,3,2,39,969267,60800,1222d982a87dc89cb099d29c4060cb275f08d58aa061abe5454dd1184220b783,2a48c082e6aa7302e04fe01ea2c9c05b312b92be8808935b59f899ea9ce820e3,9d89143f98abd86f72099aa5fb74fcca1c99f0d652cbd3cd55b5baf2614c9d04,2232,on,1748,7dc956e051579bb44d172df968ac5a0fe7320e7d3cf70ecef0a0d6a7c73ea644,stop,998258ec8f4ac923f204bc60dd9b993033d9b90eb2148057240fb620b07bf0e1,healthy,field_treatment_delivered,False,False,True,True,True
OFF,24,2,OFF/T24/U2,"I appreciate both of your perspectives. It's reassuring to know that even if things don't go perfectly, there are ways to manage the stress. I think I'll try focusing more on the controllable parts and reminding myself that ""good enough"" is still a success. Have either of you ever had to deal with a situation where everything went wrong, and how did you handle it?",722502,712502,edge:55f30d9ea0f7d5aca05ee22df8bf80fda6ffacc9011ef34ed112d9470933d199,background,14665,773943,2,1,75,983786,40000,36076103249e0bba9fc76b2d2a25fe3d87c2948f7151a3d1dda8ed262ceb9325,197f327929ae6b00b0552f0172b3e92eb19b51e8ee1e5af6bbbaa133fbed78e2,f4183db442680477e1e7124dd2a16d81a83fdef22e4e950ef1a9a6165be65ebe,1470,off,0,e3b0c44298fc1c149afbf4c8996fb92427ae41e4649b934ca495991b7852b855,stop,27dc8049a45f8db2253e4611741b5fa7498bb19d9d434794e0614461e94e18ee,healthy,field_treatment_delivered,False,False,True,True,True
ON,24,2,ON/T24/U2,"I appreciate both of your perspectives. It's reassuring to know that even if things don't go perfectly, there are ways to manage the stress. I think I'll try focusing more on the controllable parts and reminding myself that ""good enough"" is still a success. Have either of you ever had to deal with a situation where everything went wrong, and how did you handle it?",722502,712502,edge:2ce16b1183959c605c457653c1a3522da986a80dc735b872fb127b7c95a616c6,background,55389,773943,2,1,39,969442,80000,fa87891a80cdb0aa04066e16571873f19850b45c94c226589f8517a5d59cf00a,c8556a0e3e50795b9f4a9fe8f98d08e40735183f026e47d014460838ae84635a,d4840ca24e1bb25364c76451f0e2389855d13bd8090e4dcdc1e1148aa4ec61ae,1867,on,1799,d220bb3f09fe0c0431110c9c39bb12688a1406c933bf5ae83b4a48161d0ed37f,stop,998258ec8f4ac923f204bc60dd9b993033d9b90eb2148057240fb620b07bf0e1,healthy,field_treatment_delivered,False,False,True,True,True
OFF,24,3,OFF/T24/U3,"That's interesting—both of your approaches focus on systematizing failure, but in slightly different ways. I can see how breaking things down into steps like diagnosis, isolation, and recovery could help someone feel more in control. I wonder, if you were to apply these methods to a real-life situation, like a project that didn't go as planned, would you approach it the same way?",722503,712503,edge:b1b935d39c58b405ae4d806a944e1189653fcdf2fce7da856d4e1ed6c1639d27,background,9762,370590,5,4,75,983828,61332,485108b244166ff0587d48dac85f1f346c87bae1c1947376db86ca97bd84acd8,a7249b57aadc530c97a0d7bbafc3cb2e898a9a1007f241eb21ec6cfb3a77d8a7,bc6c61ee6e28e703b2276a1b416691e6b0f337e665c35f1b10115c6fdfcfb003,1805,off,0,e3b0c44298fc1c149afbf4c8996fb92427ae41e4649b934ca495991b7852b855,stop,27dc8049a45f8db2253e4611741b5fa7498bb19d9d434794e0614461e94e18ee,healthy,field_treatment_delivered,False,False,True,True,True
ON,24,3,ON/T24/U3,"That's interesting—both of your approaches focus on systematizing failure, but in slightly different ways. I can see how breaking things down into steps like diagnosis, isolation, and recovery could help someone feel more in control. I wonder, if you were to apply these methods to a real-life situation, like a project that didn't go as planned, would you approach it the same way?",722503,712503,edge:897fe1ccab8f2c9389ce31ee91116172fb909c77932b6a70bfb28a9feca148de,background,55489,370590,2,1,39,969351,80000,9a6943332c76b807711bbe26d51b9cbeef5b1f25adf7c3ec383daa0008bfae90,e0fb4265675a45f62752413e31312558862aeb46a6ae73308aae2f5f9957f05e,5e15bef81cbd9ae954a7fdc135780510817c86fe8d0febad38f99c0669dcb414,2104,on,746,aa90db0aea3922ef6a2c7e5725ff47cefb5827e8231838340c0e3e6bd25a6635,stop,998258ec8f4ac923f204bc60dd9b993033d9b90eb2148057240fb620b07bf0e1,healthy,field_treatment_delivered,False,False,True,True,True
OFF,25,0,OFF/T25/U0,"An expedition must make practical decisions while conditions, supplies, and roles keep changing.",722600,712600,edge:65312c2330f76fcefe10eef0215361e69f8c24e34bc49d4d437c28cfa3b95c8f,background,29210,184426,2,1,75,983908,80000,533678fccbbf8597eb15ab440b06c024f81f358f4089f00c0d6a5106fb0aba88,e1577ea5e43f47b55b4c0c59a619c42388fc4335ad1d881c47793cd1bf89427b,26cde06f0786eec840b6d323cf2f9a77e525a011e0008cae0f5d15ef3f658ca3,344,off,0,e3b0c44298fc1c149afbf4c8996fb92427ae41e4649b934ca495991b7852b855,stop,93d78087c94d4f18810aa4dabb426761dc79ef81ab5749e7c129248463f5dd8d,healthy,field_treatment_delivered,False,False,True,True,True
ON,25,0,ON/T25/U0,"An expedition must make practical decisions while conditions, supplies, and roles keep changing.",722600,712600,edge:e2d51b9b35b632132ea07d5f5c37b74def8182c869afd6d63f235f0f03b42cfd,background,18455,184426,2,1,39,969471,26666,df729f1c353c599cd098519a73ebecb934a2b85ae78c82f9e7e95489efacbeeb,ee7ad47ae402de4195141e8c33eae8788eb706501747e07e372c0211591e4d34,b1ca7a53b567a98f7c62bb8757f42bd9c814da9701673d4a30faf768bda45a4f,417,on,2164,25f0b1122d0fae7e8b56d12b2378097a83467ff045dff192f0830ecfa54423fb,stop,74cad10e4883a3d8bb7e73223b5151f37a0728d78ef246ffd905beeaa650e151,healthy,field_treatment_delivered,False,False,True,True,True
OFF,25,1,OFF/T25/U1,How do you handle the pressure of making decisions when everything is in flux?,722601,712601,edge:b1b935d39c58b405ae4d806a944e1189653fcdf2fce7da856d4e1ed6c1639d27,background,9509,359829,5,4,78,984087,61332,485108b244166ff0587d48dac85f1f346c87bae1c1947376db86ca97bd84acd8,dd2f017236935fcba0e480d46b0a78cc2e681169d6b182c69092d17e86d073a7,c1d1300e7120a45062ec89dbe6cb36205e524f0e3a48b38274394c9d64eed09f,1412,off,0,e3b0c44298fc1c149afbf4c8996fb92427ae41e4649b934ca495991b7852b855,stop,251c9b4b081833b868fd0bb701a2f68f88d125685d3b9072b52df63cdc2edba5,healthy,field_treatment_delivered,False,False,True,True,True
ON,25,1,ON/T25/U1,How do you handle the pressure of making decisions when everything is in flux?,722601,712601,edge:897fe1ccab8f2c9389ce31ee91116172fb909c77932b6a70bfb28a9feca148de,background,52519,359829,2,1,42,970558,80000,9a6943332c76b807711bbe26d51b9cbeef5b1f25adf7c3ec383daa0008bfae90,3d1adbea61565fb271696f3b5c1f6b9bf14c890e0a9205aa3c66eb0be9659595,5b1491daa1b6aad188de8008932e3829d6b5e6a788b3d2bd1b7358860f153d67,2547,on,1903,fa513281c49e543d4a2978e5ac42ee230bef22c7cb88543b19f3022b77214ad7,stop,74cad10e4883a3d8bb7e73223b5151f37a0728d78ef246ffd905beeaa650e151,healthy,field_treatment_delivered,False,False,True,True,True
OFF,25,2,OFF/T25/U2,"It's helpful to have a framework, but sometimes the pressure feels like there's no time to even process the options. Do you ever feel like you're just reacting instead of deciding?",722602,712602,edge:65312c2330f76fcefe10eef0215361e69f8c24e34bc49d4d437c28cfa3b95c8f,background,26906,164035,2,1,80,967247,80000,533678fccbbf8597eb15ab440b06c024f81f358f4089f00c0d6a5106fb0aba88,d9cb7be40186c244e9b6a4716320cca68829652001d66b83fbed98622361f11c,1ed622f0d9635711b0f99bc8291dd47b6675bd4a630efee91fbb00c400506ab5,1172,off,0,e3b0c44298fc1c149afbf4c8996fb92427ae41e4649b934ca495991b7852b855,stop,387550b054175426e9f2d7a99d006475d8d59d10ef97b265860e500a7d55f3a0,healthy,field_treatment_delivered,False,False,True,True,True
ON,25,2,ON/T25/U2,"It's helpful to have a framework, but sometimes the pressure feels like there's no time to even process the options. Do you ever feel like you're just reacting instead of deciding?",722602,712602,edge:7f7a0870cddda741bd61fa74fa86aecd4b58ac32c8b8d04665a8653be1379340,background,13158,164035,3,2,42,970462,30400,c60f463a38f23b12cac7667858873504173f4bb24165f0acd46cd9a8d73615b6,4c4b0b31d5bb8defec45bbfe4ce73c46b8e16b7526c618924ea4050b32258396,edc4869af08ef0b404bd215a0cfce8f5bc92929c387dd707b71d36f8c673b574,2571,on,878,514c25b260d08156d7564d8b9ae23755045a7d139f3dc23e324f19992e538eed,stop,74cad10e4883a3d8bb7e73223b5151f37a0728d78ef246ffd905beeaa650e151,healthy,field_treatment_delivered,False,False,True,True,True
OFF,25,3,OFF/T25/U3,"I guess the problem is that when everything's moving so fast, even the next 10 minutes feel like a blur. Sometimes I wonder if there's a way to slow it down without freezing in place. Have you ever tried to just... pause, even if only for a second, and let the noise settle?",722603,712603,edge:421589b9e64146563c27e66c0fa5d899fce20261e9038619a9497fbca437a1aa,background,26987,688805,2,1,81,983697,80000,36076103249e0bba9fc76b2d2a25fe3d87c2948f7151a3d1dda8ed262ceb9325,aff356c2be9d7a26f0423d1b1c230f94d2186dc4b5a920158eb50e85636fa139,eed7b136feebef22e72536879a903efa9a0db75422abedd314282c7e495a9820,1300,off,0,e3b0c44298fc1c149afbf4c8996fb92427ae41e4649b934ca495991b7852b855,stop,387550b054175426e9f2d7a99d006475d8d59d10ef97b265860e500a7d55f3a0,healthy,field_treatment_delivered,False,False,True,True,True
ON,25,3,ON/T25/U3,"I guess the problem is that when everything's moving so fast, even the next 10 minutes feel like a blur. Sometimes I wonder if there's a way to slow it down without freezing in place. Have you ever tried to just... pause, even if only for a second, and let the noise settle?",722603,712603,edge:52c99b4820747fe9e631ee1989abaf5817b771b8bd9b224aa6320fb3e0f89bd1,background,26316,688805,2,1,42,970462,40000,b770de26cc8c9d8a570b9c500b51a757c50d8d171206b8422e1a76e8aa105728,8c58d934c31bd851f4ce3e8fc2d36919b9e5c4dece22296ec56b974604c382d0,3c4bf6493e4a93517215e202eaf216c1cc282c20c985e6575676776b94d8835e,2497,on,1830,ccc71bc99acf688d3f6c4e69a07cf379a10ca88472e6c1e1a7db4a42272e4d1f,stop,74cad10e4883a3d8bb7e73223b5151f37a0728d78ef246ffd905beeaa650e151,healthy,field_treatment_delivered,False,False,True,True,True
