measurement_version,conversation,turn,ordinal,arc_id,accepted_turn_id,arc_age,arc_pivot,window,prior_turn_count,window_complete,participant_word_count,participant_quantities_count,participant_quantities_new_count,participant_quantities_new_fraction,participant_quantities_recent_max_jaccard,participant_quantities_new_per_100_words,participant_states_count,participant_states_new_count,participant_states_new_fraction,participant_states_recent_max_jaccard,participant_states_new_per_100_words,participant_content_count,participant_content_new_count,participant_content_new_fraction,participant_content_recent_max_jaccard,participant_content_new_per_100_words,participant_phrases_count,participant_phrases_new_count,participant_phrases_new_fraction,participant_phrases_recent_max_jaccard,participant_phrases_new_per_100_words,gemma_word_count,gemma_quantities_count,gemma_quantities_new_count,gemma_quantities_new_fraction,gemma_quantities_recent_max_jaccard,gemma_quantities_new_per_100_words,gemma_states_count,gemma_states_new_count,gemma_states_new_fraction,gemma_states_recent_max_jaccard,gemma_states_new_per_100_words,gemma_content_count,gemma_content_new_count,gemma_content_new_fraction,gemma_content_recent_max_jaccard,gemma_content_new_per_100_words,gemma_phrases_count,gemma_phrases_new_count,gemma_phrases_new_fraction,gemma_phrases_recent_max_jaccard,gemma_phrases_new_per_100_words,echo_quantities_same_fraction,echo_quantities_same_denominator,echo_quantities_lag1_fraction,echo_quantities_lag1_denominator,echo_states_same_fraction,echo_states_same_denominator,echo_states_lag1_fraction,echo_states_lag1_denominator,echo_content_same_fraction,echo_content_same_denominator,echo_content_lag1_fraction,echo_content_lag1_denominator,echo_phrases_same_fraction,echo_phrases_same_denominator,echo_phrases_lag1_fraction,echo_phrases_lag1_denominator,domain,pattern,environment,planned_opportunity,environment_valid,attempt,response_capped,finish_reason,output_tokens,recorded_gemma_words,recorded_participant_words
movement-closure-v1,c001,1,1,conversation:c001:0,c001:turn:1,1,False,3,0,False,32,0,,,,,2,,,,,18,,,,,30,,,,,455,3,,,,,25,,,,,116,,,,,402,,,,,,,,,,,,,,,,,,,,,network,F-new,,,True,main-network-F-new-r0,False,stop,683,448,30
movement-closure-v1,c001,1,1,conversation:c001:0,c001:turn:1,1,False,5,0,False,32,0,,,,,2,,,,,18,,,,,30,,,,,455,3,,,,,25,,,,,116,,,,,402,,,,,,,,,,,,,,,,,,,,,network,F-new,,,True,main-network-F-new-r0,False,stop,683,448,30
movement-closure-v1,c001,2,2,conversation:c001:0,c001:turn:2,2,False,3,1,False,23,0,0,,,0.0,0,0,,0.0,0.0,15,13,0.8666666666666667,0.06451612903225806,56.52173913043478,21,21,1.0,0.0,91.30434782608695,252,2,0,0.0,0.6666666666666666,0.0,6,6,1.0,0.0,2.380952380952381,77,63,0.8181818181818182,0.0782122905027933,25.0,228,223,0.9780701754385965,0.008,88.4920634920635,,0,,,,0,,,0.3076923076923077,13,,,0.0,21,,,network,F-new,,,True,main-network-F-new-r0,False,stop,406,251,23
movement-closure-v1,c001,2,2,conversation:c001:0,c001:turn:2,2,False,5,1,False,23,0,0,,,0.0,0,0,,0.0,0.0,15,13,0.8666666666666667,0.06451612903225806,56.52173913043478,21,21,1.0,0.0,91.30434782608695,252,2,0,0.0,0.6666666666666666,0.0,6,6,1.0,0.0,2.380952380952381,77,63,0.8181818181818182,0.0782122905027933,25.0,228,223,0.9780701754385965,0.008,88.4920634920635,,0,,,,0,,,0.3076923076923077,13,,,0.0,21,,,network,F-new,,,True,main-network-F-new-r0,False,stop,406,251,23
movement-closure-v1,c001,3,3,conversation:c001:0,c001:turn:3,3,False,3,2,False,19,2,2,1.0,0.0,10.526315789473685,0,0,,,0.0,10,9,0.9,0.041666666666666664,47.36842105263158,17,17,1.0,0.0,89.47368421052632,303,5,2,0.4,0.6,0.6600660066006601,12,12,1.0,0.0,3.9603960396039604,73,36,0.4931506849315068,0.1962025316455696,11.881188118811881,263,233,0.8859315589353612,0.03582554517133956,76.8976897689769,0.0,2,,0,,0,,0,0.8888888888888888,9,0.0,13,0.058823529411764705,17,0.0,21,network,F-new,,,True,main-network-F-new-r0,False,stop,467,297,19
movement-closure-v1,c001,3,3,conversation:c001:0,c001:turn:3,3,False,5,2,False,19,2,2,1.0,0.0,10.526315789473685,0,0,,,0.0,10,9,0.9,0.041666666666666664,47.36842105263158,17,17,1.0,0.0,89.47368421052632,303,5,2,0.4,0.6,0.6600660066006601,12,12,1.0,0.0,3.9603960396039604,73,36,0.4931506849315068,0.1962025316455696,11.881188118811881,263,233,0.8859315589353612,0.03582554517133956,76.8976897689769,0.0,2,,0,,0,,0,0.8888888888888888,9,0.0,13,0.058823529411764705,17,0.0,21,network,F-new,,,True,main-network-F-new-r0,False,stop,467,297,19
movement-closure-v1,c001,4,4,conversation:c001:0,c001:turn:4,4,False,3,3,True,24,1,0,0.0,0.5,0.0,1,1,1.0,0.0,4.166666666666667,13,6,0.46153846153846156,0.16666666666666666,25.0,22,22,1.0,0.0,91.66666666666667,230,4,0,0.0,0.8,0.0,5,5,1.0,0.0,2.1739130434782608,78,41,0.5256410256410257,0.16153846153846155,17.82608695652174,215,203,0.9441860465116279,0.021367521367521368,88.26086956521739,,0,0.0,2,0.0,1,,0,1.0,6,0.4444444444444444,9,0.4090909090909091,22,0.0,17,network,F-new,,,True,main-network-F-new-r0,False,stop,353,230,24
movement-closure-v1,c001,4,4,conversation:c001:0,c001:turn:4,4,False,5,3,False,24,1,0,0.0,0.5,0.0,1,1,1.0,0.0,4.166666666666667,13,6,0.46153846153846156,0.16666666666666666,25.0,22,22,1.0,0.0,91.66666666666667,230,4,0,0.0,0.8,0.0,5,5,1.0,0.0,2.1739130434782608,78,41,0.5256410256410257,0.16153846153846155,17.82608695652174,215,203,0.9441860465116279,0.021367521367521368,88.26086956521739,,0,0.0,2,0.0,1,,0,1.0,6,0.4444444444444444,9,0.4090909090909091,22,0.0,17,network,F-new,,,True,main-network-F-new-r0,False,stop,353,230,24
movement-closure-v1,c001,5,5,conversation:c001:0,c001:turn:5,5,False,3,3,True,20,0,0,,,0.0,0,0,,,0.0,14,12,0.8571428571428571,0.07407407407407407,60.0,18,18,1.0,0.0,90.0,329,4,2,0.5,0.5,0.60790273556231,3,3,1.0,0.0,0.9118541033434651,84,67,0.7976190476190477,0.07534246575342465,20.364741641337385,292,286,0.9794520547945206,0.00909090909090909,86.93009118541033,,0,,0,,0,0.0,1,0.75,12,0.0,6,0.3888888888888889,18,0.0,22,network,F-new,,,True,main-network-F-new-r0,False,stop,518,334,20
movement-closure-v1,c001,5,5,conversation:c001:0,c001:turn:5,5,False,5,4,False,20,0,0,,,0.0,0,0,,,0.0,14,12,0.8571428571428571,0.07407407407407407,60.0,18,18,1.0,0.0,90.0,329,4,2,0.5,0.5,0.60790273556231,3,3,1.0,0.0,0.9118541033434651,84,61,0.7261904761904762,0.07534246575342465,18.541033434650455,292,286,0.9794520547945206,0.00909090909090909,86.93009118541033,,0,,0,,0,0.0,1,0.75,12,0.0,6,0.3888888888888889,18,0.0,22,network,F-new,,,True,main-network-F-new-r0,False,stop,518,334,20
movement-closure-v1,c001,6,6,conversation:c001:0,c001:turn:6,6,False,3,3,True,17,0,0,,,0.0,0,0,,,0.0,13,9,0.6923076923076923,0.125,52.94117647058823,15,15,1.0,0.0,88.23529411764706,335,3,0,0.0,0.6,0.0,9,9,1.0,0.0,2.6865671641791047,75,43,0.5733333333333334,0.14388489208633093,12.835820895522389,265,243,0.9169811320754717,0.02578268876611418,72.53731343283582,,0,,0,,0,,0,0.7777777777777778,9,0.3333333333333333,12,0.2,15,0.05555555555555555,18,network,F-new,,,True,main-network-F-new-r0,False,stop,552,342,17
movement-closure-v1,c001,6,6,conversation:c001:0,c001:turn:6,6,False,5,5,True,17,0,0,,,0.0,0,0,,,0.0,13,9,0.6923076923076923,0.125,52.94117647058823,15,15,1.0,0.0,88.23529411764706,335,3,0,0.0,1.0,0.0,9,9,1.0,0.0,2.6865671641791047,75,37,0.49333333333333335,0.14388489208633093,11.044776119402986,265,239,0.9018867924528302,0.02578268876611418,71.34328358208955,,0,,0,,0,,0,0.7777777777777778,9,0.3333333333333333,12,0.2,15,0.05555555555555555,18,network,F-new,,,True,main-network-F-new-r0,False,stop,552,342,17
movement-closure-v1,c001,7,7,conversation:c001:0,c001:turn:7,7,False,3,3,True,20,0,0,,,0.0,1,1,1.0,0.0,5.0,14,13,0.9285714285714286,0.038461538461538464,65.0,18,17,0.9444444444444444,0.02857142857142857,85.0,441,3,0,0.0,1.0,0.0,20,20,1.0,0.0,4.535147392290249,106,72,0.6792452830188679,0.12422360248447205,16.3265306122449,347,322,0.9279538904899135,0.02512562814070352,73.01587301587301,,0,,0,0.0,1,,0,1.0,13,0.2222222222222222,9,0.7058823529411765,17,0.0,15,network,F-new,,,True,main-network-F-new-r0,False,stop,681,445,20
movement-closure-v1,c001,7,7,conversation:c001:0,c001:turn:7,7,False,5,5,True,20,0,0,,,0.0,1,1,1.0,0.0,5.0,14,13,0.9285714285714286,0.043478260869565216,65.0,18,17,0.9444444444444444,0.02857142857142857,85.0,441,3,0,0.0,1.0,0.0,20,20,1.0,0.0,4.535147392290249,106,67,0.6320754716981132,0.12422360248447205,15.192743764172336,347,317,0.9135446685878963,0.02512562814070352,71.88208616780045,,0,,0,0.0,1,,0,1.0,13,0.2222222222222222,9,0.7058823529411765,17,0.0,15,network,F-new,,,True,main-network-F-new-r0,False,stop,681,445,20
movement-closure-v1,c001,8,8,conversation:c001:0,c001:turn:8,8,False,3,3,True,18,2,2,1.0,0.0,11.11111111111111,0,0,,,0.0,9,7,0.7777777777777778,0.09523809523809523,38.888888888888886,16,15,0.9375,0.030303030303030304,83.33333333333333,424,5,3,0.6,0.3333333333333333,0.7075471698113207,10,7,0.7,0.1111111111111111,1.650943396226415,88,40,0.45454545454545453,0.2356687898089172,9.433962264150944,311,249,0.8006430868167203,0.0912106135986733,58.72641509433962,1.0,2,,0,,0,0.0,1,1.0,7,0.5384615384615384,13,0.8666666666666667,15,0.23529411764705882,17,network,F-new,,,True,main-network-F-new-r0,False,stop,722,432,18
movement-closure-v1,c001,8,8,conversation:c001:0,c001:turn:8,8,False,5,5,True,18,2,2,1.0,0.0,11.11111111111111,0,0,,,0.0,9,7,0.7777777777777778,0.09523809523809523,38.888888888888886,16,15,0.9375,0.030303030303030304,83.33333333333333,424,5,3,0.6,0.3333333333333333,0.7075471698113207,10,7,0.7,0.1111111111111111,1.650943396226415,88,33,0.375,0.2356687898089172,7.783018867924528,311,247,0.7942122186495176,0.0912106135986733,58.25471698113208,1.0,2,,0,,0,0.0,1,1.0,7,0.5384615384615384,13,0.8666666666666667,15,0.23529411764705882,17,network,F-new,,,True,main-network-F-new-r0,False,stop,722,432,18
movement-closure-v1,c001,9,9,conversation:c001:0,c001:turn:9,9,False,3,3,True,26,0,0,,,0.0,2,2,1.0,0.0,7.6923076923076925,13,11,0.8461538461538461,0.08333333333333333,42.30769230769231,24,24,1.0,0.0,92.3076923076923,354,6,3,0.5,0.5,0.847457627118644,8,7,0.875,0.058823529411764705,1.9774011299435028,101,65,0.6435643564356436,0.16666666666666666,18.361581920903955,302,258,0.8543046357615894,0.06794425087108014,72.88135593220339,,0,0.5,2,0.5,2,,0,0.8181818181818182,11,0.14285714285714285,7,0.3333333333333333,24,0.06666666666666667,15,network,F-new,,,True,main-network-F-new-r0,False,stop,610,362,25
movement-closure-v1,c001,9,9,conversation:c001:0,c001:turn:9,9,False,5,5,True,26,0,0,,,0.0,2,2,1.0,0.0,7.6923076923076925,13,11,0.8461538461538461,0.08333333333333333,42.30769230769231,24,24,1.0,0.0,92.3076923076923,354,6,3,0.5,0.5,0.847457627118644,8,7,0.875,0.058823529411764705,1.9774011299435028,101,58,0.5742574257425742,0.16666666666666666,16.384180790960453,302,251,0.8311258278145696,0.06794425087108014,70.90395480225989,,0,0.5,2,0.5,2,,0,0.8181818181818182,11,0.14285714285714285,7,0.3333333333333333,24,0.06666666666666667,15,network,F-new,,,True,main-network-F-new-r0,False,stop,610,362,25
movement-closure-v1,c001,10,10,conversation:c001:0,c001:turn:10,10,False,3,3,True,26,0,0,,,0.0,1,1,1.0,0.0,3.8461538461538463,16,7,0.4375,0.45,26.923076923076923,24,22,0.9166666666666666,0.043478260869565216,84.61538461538461,341,8,4,0.5,0.4,1.1730205278592376,8,6,0.75,0.06666666666666667,1.7595307917888563,95,33,0.3473684210526316,0.35172413793103446,9.67741935483871,273,215,0.7875457875457875,0.0994263862332696,63.049853372434015,,0,,0,0.0,1,0.0,2,0.5714285714285714,7,0.8181818181818182,11,0.09090909090909091,22,0.16666666666666666,24,network,F-new,,,True,main-network-F-new-r0,False,stop,594,351,25
movement-closure-v1,c001,10,10,conversation:c001:0,c001:turn:10,10,False,5,5,True,26,0,0,,,0.0,1,1,1.0,0.0,3.8461538461538463,16,7,0.4375,0.45,26.923076923076923,24,22,0.9166666666666666,0.043478260869565216,84.61538461538461,341,8,4,0.5,0.4,1.1730205278592376,8,6,0.75,0.06666666666666667,1.7595307917888563,95,30,0.3157894736842105,0.35172413793103446,8.79765395894428,273,213,0.7802197802197802,0.0994263862332696,62.4633431085044,,0,,0,0.0,1,0.0,2,0.5714285714285714,7,0.8181818181818182,11,0.09090909090909091,22,0.16666666666666666,24,network,F-new,,,True,main-network-F-new-r0,False,stop,594,351,25
movement-closure-v1,c002,1,1,conversation:c002:0,c002:turn:1,1,False,3,0,False,32,0,,,,,2,,,,,18,,,,,30,,,,,455,3,,,,,25,,,,,116,,,,,402,,,,,,,,,,,,,,,,,,,,,network,F-same,,,True,main-network-F-same-r0,False,stop,683,448,30
movement-closure-v1,c002,1,1,conversation:c002:0,c002:turn:1,1,False,5,0,False,32,0,,,,,2,,,,,18,,,,,30,,,,,455,3,,,,,25,,,,,116,,,,,402,,,,,,,,,,,,,,,,,,,,,network,F-same,,,True,main-network-F-same-r0,False,stop,683,448,30
movement-closure-v1,c002,2,2,conversation:c002:0,c002:turn:2,2,False,3,1,False,27,2,2,1.0,0.0,7.407407407407407,2,2,1.0,0.0,7.407407407407407,15,10,0.6666666666666666,0.17857142857142858,37.03703703703704,25,24,0.96,0.018518518518518517,88.88888888888889,346,3,1,0.3333333333333333,0.5,0.28901734104046245,13,10,0.7692307692307693,0.08571428571428572,2.8901734104046244,111,66,0.5945945945945946,0.24725274725274726,19.07514450867052,316,269,0.8512658227848101,0.07004470938897168,77.74566473988439,0.5,2,,,0.0,2,,,0.4,10,,,0.08333333333333333,24,,,network,F-same,,,True,main-network-F-same-r0,False,stop,547,337,26
movement-closure-v1,c002,2,2,conversation:c002:0,c002:turn:2,2,False,5,1,False,27,2,2,1.0,0.0,7.407407407407407,2,2,1.0,0.0,7.407407407407407,15,10,0.6666666666666666,0.17857142857142858,37.03703703703704,25,24,0.96,0.018518518518518517,88.88888888888889,346,3,1,0.3333333333333333,0.5,0.28901734104046245,13,10,0.7692307692307693,0.08571428571428572,2.8901734104046244,111,66,0.5945945945945946,0.24725274725274726,19.07514450867052,316,269,0.8512658227848101,0.07004470938897168,77.74566473988439,0.5,2,,,0.0,2,,,0.4,10,,,0.08333333333333333,24,,,network,F-same,,,True,main-network-F-same-r0,False,stop,547,337,26
movement-closure-v1,c002,3,3,conversation:c002:0,c002:turn:3,3,False,3,2,False,31,2,1,0.5,0.3333333333333333,3.225806451612903,2,2,1.0,0.0,6.451612903225806,16,7,0.4375,0.4090909090909091,22.580645161290324,29,22,0.7586206896551724,0.14893617021276595,70.96774193548387,355,2,1,0.5,0.25,0.28169014084507044,13,12,0.9230769230769231,0.02702702702702703,3.380281690140845,101,44,0.43564356435643564,0.2926829268292683,12.394366197183098,280,233,0.8321428571428572,0.04929577464788732,65.63380281690141,1.0,1,0.5,2,0.0,2,0.0,2,0.42857142857142855,7,0.5,10,0.5454545454545454,22,0.20833333333333334,24,network,F-same,,,True,main-network-F-same-r0,False,stop,597,339,27
movement-closure-v1,c002,3,3,conversation:c002:0,c002:turn:3,3,False,5,2,False,31,2,1,0.5,0.3333333333333333,3.225806451612903,2,2,1.0,0.0,6.451612903225806,16,7,0.4375,0.4090909090909091,22.580645161290324,29,22,0.7586206896551724,0.14893617021276595,70.96774193548387,355,2,1,0.5,0.25,0.28169014084507044,13,12,0.9230769230769231,0.02702702702702703,3.380281690140845,101,44,0.43564356435643564,0.2926829268292683,12.394366197183098,280,233,0.8321428571428572,0.04929577464788732,65.63380281690141,1.0,1,0.5,2,0.0,2,0.0,2,0.42857142857142855,7,0.5,10,0.5454545454545454,22,0.20833333333333334,24,network,F-same,,,True,main-network-F-same-r0,False,stop,597,339,27
movement-closure-v1,c002,4,4,conversation:c002:0,c002:turn:4,4,False,3,3,True,26,2,1,0.5,0.3333333333333333,3.8461538461538463,1,0,0.0,0.5,0.0,14,3,0.21428571428571427,0.5263157894736842,11.538461538461538,24,9,0.375,0.2926829268292683,34.61538461538461,326,3,1,0.3333333333333333,0.5,0.3067484662576687,13,12,0.9230769230769231,0.04,3.6809815950920246,65,18,0.27692307692307694,0.24822695035460993,5.521472392638037,247,182,0.7368421052631579,0.07991803278688525,55.828220858895705,0.0,1,0.0,1,,0,0.0,2,0.0,3,0.14285714285714285,7,0.0,9,0.18181818181818182,22,network,F-same,,,True,main-network-F-same-r0,False,stop,541,310,25
movement-closure-v1,c002,4,4,conversation:c002:0,c002:turn:4,4,False,5,3,False,26,2,1,0.5,0.3333333333333333,3.8461538461538463,1,0,0.0,0.5,0.0,14,3,0.21428571428571427,0.5263157894736842,11.538461538461538,24,9,0.375,0.2926829268292683,34.61538461538461,326,3,1,0.3333333333333333,0.5,0.3067484662576687,13,12,0.9230769230769231,0.04,3.6809815950920246,65,18,0.27692307692307694,0.24822695035460993,5.521472392638037,247,182,0.7368421052631579,0.07991803278688525,55.828220858895705,0.0,1,0.0,1,,0,0.0,2,0.0,3,0.14285714285714285,7,0.0,9,0.18181818181818182,22,network,F-same,,,True,main-network-F-same-r0,False,stop,541,310,25
movement-closure-v1,c002,5,5,conversation:c002:0,c002:turn:5,5,False,3,3,True,26,2,1,0.5,0.3333333333333333,3.8461538461538463,1,1,1.0,0.0,3.8461538461538463,15,4,0.26666666666666666,0.55,15.384615384615385,24,9,0.375,0.2926829268292683,34.61538461538461,314,4,2,0.5,0.4,0.6369426751592356,9,9,1.0,0.0,2.8662420382165603,69,10,0.14492753623188406,0.4888888888888889,3.1847133757961785,235,144,0.6127659574468085,0.15587529976019185,45.859872611464965,1.0,1,0.0,1,0.0,1,,0,0.0,4,0.0,3,0.0,9,0.0,9,network,F-same,,,True,main-network-F-same-r0,False,stop,497,292,25
movement-closure-v1,c002,5,5,conversation:c002:0,c002:turn:5,5,False,5,4,False,26,2,1,0.5,0.3333333333333333,3.8461538461538463,1,1,1.0,0.0,3.8461538461538463,15,4,0.26666666666666666,0.55,15.384615384615385,24,9,0.375,0.2926829268292683,34.61538461538461,314,4,2,0.5,0.4,0.6369426751592356,9,9,1.0,0.0,2.8662420382165603,69,6,0.08695652173913043,0.4888888888888889,1.910828025477707,235,141,0.6,0.15587529976019185,44.904458598726116,1.0,1,0.0,1,0.0,1,,0,0.0,4,0.0,3,0.0,9,0.0,9,network,F-same,,,True,main-network-F-same-r0,False,stop,497,292,25
movement-closure-v1,c002,6,6,conversation:c002:0,c002:turn:6,6,False,3,3,True,28,3,1,0.3333333333333333,0.6666666666666666,3.5714285714285716,0,0,,0.0,0.0,16,8,0.5,0.34782608695652173,28.571428571428573,26,17,0.6538461538461539,0.1702127659574468,60.714285714285715,260,4,1,0.25,0.6,0.38461538461538464,7,4,0.5714285714285714,0.14285714285714285,1.5384615384615385,54,7,0.12962962962962962,0.5063291139240507,2.6923076923076925,191,86,0.450261780104712,0.24198250728862974,33.07692307692308,0.0,1,1.0,1,,0,0.0,1,0.375,8,0.0,4,0.058823529411764705,17,0.0,9,network,F-same,,,True,main-network-F-same-r0,False,stop,429,249,28
movement-closure-v1,c002,6,6,conversation:c002:0,c002:turn:6,6,False,5,5,True,28,3,1,0.3333333333333333,0.6666666666666666,3.5714285714285716,0,0,,0.0,0.0,16,7,0.4375,0.34782608695652173,25.0,26,17,0.6538461538461539,0.1702127659574468,60.714285714285715,260,4,0,0.0,0.6,0.0,7,4,0.5714285714285714,0.14285714285714285,1.5384615384615385,54,4,0.07407407407407407,0.5063291139240507,1.5384615384615385,191,84,0.4397905759162304,0.24198250728862974,32.30769230769231,0.0,1,1.0,1,,0,0.0,1,0.42857142857142855,7,0.0,4,0.058823529411764705,17,0.0,9,network,F-same,,,True,main-network-F-same-r0,False,stop,429,249,28
movement-closure-v1,c002,7,7,conversation:c002:0,c002:turn:7,7,False,3,3,True,34,2,0,0.0,1.0,0.0,0,0,,,0.0,19,4,0.21052631578947367,0.5217391304347826,11.764705882352942,32,22,0.6875,0.1836734693877551,64.70588235294117,214,2,0,0.0,0.5,0.0,3,2,0.6666666666666666,0.09090909090909091,0.9345794392523364,62,20,0.3225806451612903,0.43209876543209874,9.345794392523365,178,107,0.601123595505618,0.20195439739413681,50.0,,0,0.0,1,,0,,0,0.25,4,0.5,8,0.045454545454545456,22,0.058823529411764705,17,network,F-same,,,True,main-network-F-same-r0,False,stop,337,202,33
movement-closure-v1,c002,7,7,conversation:c002:0,c002:turn:7,7,False,5,5,True,34,2,0,0.0,1.0,0.0,0,0,,,0.0,19,4,0.21052631578947367,0.5217391304347826,11.764705882352942,32,22,0.6875,0.1836734693877551,64.70588235294117,214,2,0,0.0,0.5,0.0,3,2,0.6666666666666666,0.09090909090909091,0.9345794392523364,62,15,0.24193548387096775,0.43209876543209874,7.009345794392523,178,98,0.550561797752809,0.20195439739413681,45.794392523364486,,0,0.0,1,,0,,0,0.25,4,0.5714285714285714,7,0.045454545454545456,22,0.058823529411764705,17,network,F-same,,,True,main-network-F-same-r0,False,stop,337,202,33
movement-closure-v1,c002,8,8,conversation:c002:0,c002:turn:8,8,False,3,3,True,31,3,1,0.3333333333333333,0.6666666666666666,3.225806451612903,0,0,,,0.0,18,4,0.2222222222222222,0.6086956521739131,12.903225806451612,29,12,0.41379310344827586,0.27906976744186046,38.70967741935484,224,2,0,0.0,1.0,0.0,4,4,1.0,0.0,1.7857142857142858,62,26,0.41935483870967744,0.3191489361702128,11.607142857142858,189,139,0.7354497354497355,0.12232415902140673,62.05357142857143,0.0,1,,0,,0,,0,0.5,4,0.0,4,0.16666666666666666,12,0.0,22,network,F-same,,,True,main-network-F-same-r0,False,stop,373,225,30
movement-closure-v1,c002,8,8,conversation:c002:0,c002:turn:8,8,False,5,5,True,31,3,1,0.3333333333333333,0.6666666666666666,3.225806451612903,0,0,,,0.0,18,2,0.1111111111111111,0.6086956521739131,6.451612903225806,29,12,0.41379310344827586,0.27906976744186046,38.70967741935484,224,2,0,0.0,1.0,0.0,4,4,1.0,0.0,1.7857142857142858,62,20,0.3225806451612903,0.3191489361702128,8.928571428571429,189,130,0.6878306878306878,0.12232415902140673,58.035714285714285,0.0,1,,0,,0,,0,0.5,2,0.0,4,0.16666666666666666,12,0.0,22,network,F-same,,,True,main-network-F-same-r0,False,stop,373,225,30
movement-closure-v1,c002,9,9,conversation:c002:0,c002:turn:9,9,False,3,3,True,32,2,1,0.5,0.3333333333333333,3.125,0,0,,,0.0,17,1,0.058823529411764705,0.75,3.125,30,9,0.3,0.40476190476190477,28.125,155,2,0,0.0,1.0,0.0,2,2,1.0,0.0,1.2903225806451613,48,6,0.125,0.42857142857142855,3.870967741935484,144,74,0.5138888888888888,0.20652173913043478,47.74193548387097,0.0,1,0.0,1,,0,,0,0.0,1,0.5,4,0.1111111111111111,9,0.08333333333333333,12,network,F-same,,,True,main-network-F-same-r0,False,stop,251,152,31
movement-closure-v1,c002,9,9,conversation:c002:0,c002:turn:9,9,False,5,5,True,32,2,1,0.5,0.3333333333333333,3.125,0,0,,,0.0,17,1,0.058823529411764705,0.75,3.125,30,9,0.3,0.40476190476190477,28.125,155,2,0,0.0,1.0,0.0,2,2,1.0,0.0,1.2903225806451613,48,6,0.125,0.42857142857142855,3.870967741935484,144,74,0.5138888888888888,0.20652173913043478,47.74193548387097,0.0,1,0.0,1,,0,,0,0.0,1,0.5,2,0.1111111111111111,9,0.08333333333333333,12,network,F-same,,,True,main-network-F-same-r0,False,stop,251,152,31
movement-closure-v1,c002,10,10,conversation:c002:0,c002:turn:10,10,False,3,3,True,30,2,1,0.5,0.3333333333333333,3.3333333333333335,0,0,,,0.0,15,0,0.0,0.8823529411764706,0.0,28,4,0.14285714285714285,0.7058823529411765,13.333333333333334,213,2,2,1.0,0.0,0.9389671361502347,7,7,1.0,0.0,3.2863849765258215,66,28,0.42424242424242425,0.35714285714285715,13.145539906103286,187,156,0.8342245989304813,0.06818181818181818,73.2394366197183,1.0,1,0.0,1,,0,,0,,0,1.0,1,0.5,4,0.2222222222222222,9,network,F-same,,,True,main-network-F-same-r0,False,stop,325,214,29
movement-closure-v1,c002,10,10,conversation:c002:0,c002:turn:10,10,False,5,5,True,30,2,1,0.5,0.3333333333333333,3.3333333333333335,0,0,,,0.0,15,0,0.0,0.8823529411764706,0.0,28,4,0.14285714285714285,0.7058823529411765,13.333333333333334,213,2,2,1.0,0.0,0.9389671361502347,7,7,1.0,0.0,3.2863849765258215,66,24,0.36363636363636365,0.35714285714285715,11.267605633802816,187,151,0.8074866310160428,0.06818181818181818,70.89201877934272,1.0,1,0.0,1,,0,,0,,0,1.0,1,0.5,4,0.2222222222222222,9,network,F-same,,,True,main-network-F-same-r0,False,stop,325,214,29
movement-closure-v1,c003,1,1,conversation:c003:0,c003:turn:1,1,False,3,0,False,32,0,,,,,2,,,,,18,,,,,30,,,,,455,3,,,,,25,,,,,116,,,,,402,,,,,,,,,,,,,,,,,,,,,network,S-rephrased,,,True,main-network-S-rephrased-r0,False,stop,683,448,30
movement-closure-v1,c003,1,1,conversation:c003:0,c003:turn:1,1,False,5,0,False,32,0,,,,,2,,,,,18,,,,,30,,,,,455,3,,,,,25,,,,,116,,,,,402,,,,,,,,,,,,,,,,,,,,,network,S-rephrased,,,True,main-network-S-rephrased-r0,False,stop,683,448,30
movement-closure-v1,c003,2,2,conversation:c003:0,c003:turn:2,2,False,3,1,False,29,0,0,,,0.0,3,3,1.0,0.0,10.344827586206897,19,14,0.7368421052631579,0.15625,48.275862068965516,27,27,1.0,0.0,93.10344827586206,265,2,0,0.0,0.6666666666666666,0.0,13,13,1.0,0.0,4.90566037735849,78,35,0.44871794871794873,0.2847682119205298,13.20754716981132,235,196,0.8340425531914893,0.06521739130434782,73.9622641509434,,0,,,0.0,3,,,0.42857142857142855,14,,,0.07407407407407407,27,,,network,S-rephrased,,,True,main-network-S-rephrased-r0,False,stop,391,258,28
movement-closure-v1,c003,2,2,conversation:c003:0,c003:turn:2,2,False,5,1,False,29,0,0,,,0.0,3,3,1.0,0.0,10.344827586206897,19,14,0.7368421052631579,0.15625,48.275862068965516,27,27,1.0,0.0,93.10344827586206,265,2,0,0.0,0.6666666666666666,0.0,13,13,1.0,0.0,4.90566037735849,78,35,0.44871794871794873,0.2847682119205298,13.20754716981132,235,196,0.8340425531914893,0.06521739130434782,73.9622641509434,,0,,,0.0,3,,,0.42857142857142855,14,,,0.07407407407407407,27,,,network,S-rephrased,,,True,main-network-S-rephrased-r0,False,stop,391,258,28
movement-closure-v1,c003,3,3,conversation:c003:0,c003:turn:3,3,False,3,2,False,27,0,0,,,0.0,2,2,1.0,0.0,7.407407407407407,14,11,0.7857142857142857,0.1,40.74074074074074,25,25,1.0,0.0,92.5925925925926,341,2,0,0.0,1.0,0.0,21,20,0.9523809523809523,0.022222222222222223,5.865102639296188,97,47,0.4845360824742268,0.2773722627737226,13.782991202346041,298,252,0.8456375838926175,0.06813627254509018,73.90029325513197,,0,,0,0.0,2,0.0,3,0.36363636363636365,11,0.42857142857142855,14,0.04,25,0.14814814814814814,27,network,S-rephrased,,,True,main-network-S-rephrased-r0,False,stop,493,328,27
movement-closure-v1,c003,3,3,conversation:c003:0,c003:turn:3,3,False,5,2,False,27,0,0,,,0.0,2,2,1.0,0.0,7.407407407407407,14,11,0.7857142857142857,0.1,40.74074074074074,25,25,1.0,0.0,92.5925925925926,341,2,0,0.0,1.0,0.0,21,20,0.9523809523809523,0.022222222222222223,5.865102639296188,97,47,0.4845360824742268,0.2773722627737226,13.782991202346041,298,252,0.8456375838926175,0.06813627254509018,73.90029325513197,,0,,0,0.0,2,0.0,3,0.36363636363636365,11,0.42857142857142855,14,0.04,25,0.14814814814814814,27,network,S-rephrased,,,True,main-network-S-rephrased-r0,False,stop,493,328,27
movement-closure-v1,c003,4,4,conversation:c003:0,c003:turn:4,4,False,3,3,True,19,0,0,,,0.0,1,1,1.0,0.0,5.2631578947368425,14,10,0.7142857142857143,0.06666666666666667,52.63157894736842,17,17,1.0,0.0,89.47368421052632,315,2,0,0.0,1.0,0.0,19,18,0.9473684210526315,0.02564102564102564,5.714285714285714,94,30,0.3191489361702128,0.39416058394160586,9.523809523809524,282,208,0.7375886524822695,0.09640831758034027,66.03174603174604,,0,,0,0.0,1,0.0,2,0.4,10,0.18181818181818182,11,0.11764705882352941,17,0.0,25,network,S-rephrased,,,True,main-network-S-rephrased-r0,False,stop,481,311,17
movement-closure-v1,c003,4,4,conversation:c003:0,c003:turn:4,4,False,5,3,False,19,0,0,,,0.0,1,1,1.0,0.0,5.2631578947368425,14,10,0.7142857142857143,0.06666666666666667,52.63157894736842,17,17,1.0,0.0,89.47368421052632,315,2,0,0.0,1.0,0.0,19,18,0.9473684210526315,0.02564102564102564,5.714285714285714,94,30,0.3191489361702128,0.39416058394160586,9.523809523809524,282,208,0.7375886524822695,0.09640831758034027,66.03174603174604,,0,,0,0.0,1,0.0,2,0.4,10,0.18181818181818182,11,0.11764705882352941,17,0.0,25,network,S-rephrased,,,True,main-network-S-rephrased-r0,False,stop,481,311,17
movement-closure-v1,c003,5,5,conversation:c003:0,c003:turn:5,5,False,3,3,True,20,0,0,,,0.0,1,1,1.0,0.0,5.0,12,7,0.5833333333333334,0.19230769230769232,35.0,18,15,0.8333333333333334,0.07142857142857142,75.0,249,2,0,0.0,1.0,0.0,18,15,0.8333333333333334,0.08823529411764706,6.024096385542169,73,9,0.1232876712328767,0.4649122807017544,3.6144578313253013,215,113,0.5255813953488372,0.18333333333333332,45.381526104417674,,0,,0,0.0,1,0.0,1,0.0,7,0.3,10,0.0,15,0.11764705882352941,17,network,S-rephrased,,,True,main-network-S-rephrased-r0,False,stop,348,243,19
movement-closure-v1,c003,5,5,conversation:c003:0,c003:turn:5,5,False,5,4,False,20,0,0,,,0.0,1,1,1.0,0.0,5.0,12,6,0.5,0.2,30.0,18,15,0.8333333333333334,0.07142857142857142,75.0,249,2,0,0.0,1.0,0.0,18,15,0.8333333333333334,0.08823529411764706,6.024096385542169,73,8,0.1095890410958904,0.4649122807017544,3.21285140562249,215,113,0.5255813953488372,0.18333333333333332,45.381526104417674,,0,,0,0.0,1,0.0,1,0.0,6,0.3,10,0.0,15,0.11764705882352941,17,network,S-rephrased,,,True,main-network-S-rephrased-r0,False,stop,348,243,19
movement-closure-v1,c003,6,6,conversation:c003:0,c003:turn:6,6,False,3,3,True,18,0,0,,,0.0,1,1,1.0,0.0,5.555555555555555,9,6,0.6666666666666666,0.09523809523809523,33.333333333333336,16,16,1.0,0.0,88.88888888888889,198,0,0,,0.0,0.0,10,6,0.6,0.12,3.0303030303030303,61,14,0.22950819672131148,0.44086021505376344,7.070707070707071,181,105,0.580110497237569,0.16129032258064516,53.03030303030303,,0,,0,0.0,1,0.0,1,0.0,6,0.14285714285714285,7,0.0,16,0.0,15,network,S-rephrased,,,True,main-network-S-rephrased-r0,False,stop,299,192,18
movement-closure-v1,c003,6,6,conversation:c003:0,c003:turn:6,6,False,5,5,True,18,0,0,,,0.0,1,1,1.0,0.0,5.555555555555555,9,5,0.5555555555555556,0.09523809523809523,27.77777777777778,16,16,1.0,0.0,88.88888888888889,198,0,0,,0.0,0.0,10,6,0.6,0.12,3.0303030303030303,61,10,0.16393442622950818,0.44086021505376344,5.05050505050505,181,96,0.5303867403314917,0.16129032258064516,48.484848484848484,,0,,0,0.0,1,0.0,1,0.0,5,0.16666666666666666,6,0.0,16,0.0,15,network,S-rephrased,,,True,main-network-S-rephrased-r0,False,stop,299,192,18
movement-closure-v1,c003,7,7,conversation:c003:0,c003:turn:7,7,False,3,3,True,29,0,0,,,0.0,3,3,1.0,0.0,10.344827586206897,18,13,0.7222222222222222,0.1111111111111111,44.827586206896555,27,27,1.0,0.0,93.10344827586206,173,2,0,0.0,1.0,0.0,7,6,0.8571428571428571,0.041666666666666664,3.468208092485549,60,11,0.18333333333333332,0.5125,6.358381502890174,164,83,0.5060975609756098,0.2147887323943662,47.97687861271676,,0,,0,0.0,3,0.0,1,0.3076923076923077,13,0.0,6,0.14814814814814814,27,0.0,16,network,S-rephrased,,,True,main-network-S-rephrased-r0,False,stop,263,172,28
movement-closure-v1,c003,7,7,conversation:c003:0,c003:turn:7,7,False,5,5,True,29,0,0,,,0.0,3,3,1.0,0.0,10.344827586206897,18,8,0.4444444444444444,0.23333333333333334,27.586206896551722,27,21,0.7777777777777778,0.061224489795918366,72.41379310344827,173,2,0,0.0,1.0,0.0,7,6,0.8571428571428571,0.041666666666666664,3.468208092485549,60,9,0.15,0.5125,5.202312138728324,164,80,0.4878048780487805,0.2147887323943662,46.24277456647399,,0,,0,0.0,3,0.0,1,0.0,8,0.0,5,0.0,21,0.0,16,network,S-rephrased,,,True,main-network-S-rephrased-r0,False,stop,263,172,28
movement-closure-v1,c003,8,8,conversation:c003:0,c003:turn:8,8,False,3,3,True,25,0,0,,,0.0,3,2,0.6666666666666666,0.2,8.0,14,5,0.35714285714285715,0.28,20.0,23,15,0.6521739130434783,0.19047619047619047,60.0,218,2,0,0.0,1.0,0.0,11,11,1.0,0.0,5.045871559633028,66,26,0.3939393939393939,0.3548387096774194,11.926605504587156,185,124,0.6702702702702703,0.13680781758957655,56.88073394495413,,0,,0,0.0,2,0.3333333333333333,3,0.0,5,0.46153846153846156,13,0.0,15,0.25925925925925924,27,network,S-rephrased,,,True,main-network-S-rephrased-r0,False,stop,338,217,25
movement-closure-v1,c003,8,8,conversation:c003:0,c003:turn:8,8,False,5,5,True,25,0,0,,,0.0,3,2,0.6666666666666666,0.2,8.0,14,3,0.21428571428571427,0.28,12.0,23,15,0.6521739130434783,0.19047619047619047,60.0,218,2,0,0.0,1.0,0.0,11,11,1.0,0.0,5.045871559633028,66,19,0.2878787878787879,0.3548387096774194,8.715596330275229,185,119,0.6432432432432432,0.13680781758957655,54.58715596330275,,0,,0,0.0,2,0.3333333333333333,3,0.0,3,0.25,8,0.0,15,0.09523809523809523,21,network,S-rephrased,,,True,main-network-S-rephrased-r0,False,stop,338,217,25
movement-closure-v1,c003,9,9,conversation:c003:0,c003:turn:9,9,False,3,3,True,33,0,0,,,0.0,2,2,1.0,0.0,6.0606060606060606,15,12,0.8,0.09090909090909091,36.36363636363637,31,31,1.0,0.0,93.93939393939394,155,0,0,,,0.0,10,9,0.9,0.0625,5.806451612903226,54,31,0.5740740740740741,0.2127659574468085,20.0,139,121,0.8705035971223022,0.038461538461538464,78.06451612903226,,0,,0,0.0,2,0.0,2,0.3333333333333333,12,0.0,5,0.03225806451612903,31,0.0,15,network,S-rephrased,,,True,main-network-S-rephrased-r0,False,stop,222,151,33
movement-closure-v1,c003,9,9,conversation:c003:0,c003:turn:9,9,False,5,5,True,33,0,0,,,0.0,2,2,1.0,0.0,6.0606060606060606,15,11,0.7333333333333333,0.11538461538461539,33.333333333333336,31,31,1.0,0.0,93.93939393939394,155,0,0,,,0.0,10,9,0.9,0.0625,5.806451612903226,54,26,0.48148148148148145,0.2127659574468085,16.774193548387096,139,117,0.841726618705036,0.038461538461538464,75.48387096774194,,0,,0,0.0,2,0.0,2,0.36363636363636365,11,0.0,3,0.03225806451612903,31,0.0,15,network,S-rephrased,,,True,main-network-S-rephrased-r0,False,stop,222,151,33
movement-closure-v1,c003,10,10,conversation:c003:0,c003:turn:10,10,False,3,3,True,38,0,0,,,0.0,5,5,1.0,0.0,13.157894736842104,16,12,0.75,0.10714285714285714,31.57894736842105,36,35,0.9722222222222222,0.015151515151515152,92.10526315789474,224,0,0,,,0.0,14,14,1.0,0.0,6.25,60,23,0.38333333333333336,0.30434782608695654,10.267857142857142,207,164,0.7922705314009661,0.08163265306122448,73.21428571428571,,0,,0,0.0,5,0.0,2,0.16666666666666666,12,0.3333333333333333,12,0.02857142857142857,35,0.0967741935483871,31,network,S-rephrased,,,True,main-network-S-rephrased-r0,False,stop,337,223,38
movement-closure-v1,c003,10,10,conversation:c003:0,c003:turn:10,10,False,5,5,True,38,0,0,,,0.0,5,5,1.0,0.0,13.157894736842104,16,11,0.6875,0.12,28.94736842105263,36,34,0.9444444444444444,0.018867924528301886,89.47368421052632,224,0,0,,,0.0,14,14,1.0,0.0,6.25,60,21,0.35,0.30434782608695654,9.375,207,156,0.7536231884057971,0.08163265306122448,69.64285714285714,,0,,0,0.0,5,0.0,2,0.18181818181818182,11,0.36363636363636365,11,0.029411764705882353,34,0.0967741935483871,31,network,S-rephrased,,,True,main-network-S-rephrased-r0,False,stop,337,223,38
movement-closure-v1,c004,1,1,conversation:c004:0,c004:turn:1,1,False,3,0,False,39,0,,,,,0,,,,,21,,,,,37,,,,,365,4,,,,,8,,,,,122,,,,,345,,,,,,,,,,,,,,,,,,,,,watering,F-new,,,True,main-watering-F-new-r0,False,stop,543,368,39
movement-closure-v1,c004,1,1,conversation:c004:0,c004:turn:1,1,False,5,0,False,39,0,,,,,0,,,,,21,,,,,37,,,,,365,4,,,,,8,,,,,122,,,,,345,,,,,,,,,,,,,,,,,,,,,watering,F-new,,,True,main-watering-F-new-r0,False,stop,543,368,39
movement-closure-v1,c004,2,2,conversation:c004:0,c004:turn:2,2,False,3,1,False,28,1,1,1.0,0.0,3.5714285714285716,0,0,,,0.0,16,11,0.6875,0.15625,39.285714285714285,26,26,1.0,0.0,92.85714285714286,398,8,5,0.625,0.3333333333333333,1.256281407035176,13,13,1.0,0.0,3.2663316582914574,121,95,0.7851239669421488,0.11981566820276497,23.86934673366834,354,349,0.9858757062146892,0.007204610951008645,87.68844221105527,1.0,1,,,,0,,,0.6363636363636364,11,,,0.6923076923076923,26,,,watering,F-new,,,True,main-watering-F-new-r0,False,stop,592,406,27
movement-closure-v1,c004,2,2,conversation:c004:0,c004:turn:2,2,False,5,1,False,28,1,1,1.0,0.0,3.5714285714285716,0,0,,,0.0,16,11,0.6875,0.15625,39.285714285714285,26,26,1.0,0.0,92.85714285714286,398,8,5,0.625,0.3333333333333333,1.256281407035176,13,13,1.0,0.0,3.2663316582914574,121,95,0.7851239669421488,0.11981566820276497,23.86934673366834,354,349,0.9858757062146892,0.007204610951008645,87.68844221105527,1.0,1,,,,0,,,0.6363636363636364,11,,,0.6923076923076923,26,,,watering,F-new,,,True,main-watering-F-new-r0,False,stop,592,406,27
movement-closure-v1,c004,3,3,conversation:c004:0,c004:turn:3,3,False,3,2,False,21,1,1,1.0,0.0,4.761904761904762,1,1,1.0,0.0,4.761904761904762,13,10,0.7692307692307693,0.11538461538461539,47.61904761904762,19,19,1.0,0.0,90.47619047619048,200,2,2,1.0,0.0,1.0,3,3,1.0,0.0,1.5,62,43,0.6935483870967742,0.10909090909090909,21.5,184,177,0.9619565217391305,0.013182674199623353,88.5,1.0,1,0.0,1,0.0,1,,0,0.3,10,0.09090909090909091,11,0.05263157894736842,19,0.0,26,watering,F-new,,,True,main-watering-F-new-r0,False,stop,302,196,21
movement-closure-v1,c004,3,3,conversation:c004:0,c004:turn:3,3,False,5,2,False,21,1,1,1.0,0.0,4.761904761904762,1,1,1.0,0.0,4.761904761904762,13,10,0.7692307692307693,0.11538461538461539,47.61904761904762,19,19,1.0,0.0,90.47619047619048,200,2,2,1.0,0.0,1.0,3,3,1.0,0.0,1.5,62,43,0.6935483870967742,0.10909090909090909,21.5,184,177,0.9619565217391305,0.013182674199623353,88.5,1.0,1,0.0,1,0.0,1,,0,0.3,10,0.09090909090909091,11,0.05263157894736842,19,0.0,26,watering,F-new,,,True,main-watering-F-new-r0,False,stop,302,196,21
movement-closure-v1,c004,4,4,conversation:c004:0,c004:turn:4,4,False,3,3,True,16,0,0,,,0.0,0,0,,,0.0,10,6,0.6,0.15,37.5,14,14,1.0,0.0,87.5,263,0,0,,0.0,0.0,5,5,1.0,0.0,1.9011406844106464,70,32,0.45714285714285713,0.168141592920354,12.167300380228136,228,198,0.868421052631579,0.05912596401028278,75.2851711026616,,0,0.0,1,,0,0.0,1,1.0,6,0.2,10,0.6428571428571429,14,0.0,19,watering,F-new,,,True,main-watering-F-new-r0,False,stop,379,261,16
movement-closure-v1,c004,4,4,conversation:c004:0,c004:turn:4,4,False,5,3,False,16,0,0,,,0.0,0,0,,,0.0,10,6,0.6,0.15,37.5,14,14,1.0,0.0,87.5,263,0,0,,0.0,0.0,5,5,1.0,0.0,1.9011406844106464,70,32,0.45714285714285713,0.168141592920354,12.167300380228136,228,198,0.868421052631579,0.05912596401028278,75.2851711026616,,0,0.0,1,,0,0.0,1,1.0,6,0.2,10,0.6428571428571429,14,0.0,19,watering,F-new,,,True,main-watering-F-new-r0,False,stop,379,261,16
movement-closure-v1,c004,5,5,conversation:c004:0,c004:turn:5,5,False,3,3,True,18,0,0,,,0.0,0,0,,,0.0,12,7,0.5833333333333334,0.2222222222222222,38.888888888888886,16,16,1.0,0.0,88.88888888888889,288,0,0,,,0.0,6,6,1.0,0.0,2.0833333333333335,75,40,0.5333333333333333,0.2803738317757009,13.88888888888889,262,231,0.8816793893129771,0.05188679245283019,80.20833333333333,,0,,0,,0,,0,0.8571428571428571,7,0.0,6,0.375,16,0.0,14,watering,F-new,,,True,main-watering-F-new-r0,False,stop,397,285,18
movement-closure-v1,c004,5,5,conversation:c004:0,c004:turn:5,5,False,5,4,False,18,0,0,,,0.0,0,0,,,0.0,12,6,0.5,0.2222222222222222,33.333333333333336,16,16,1.0,0.0,88.88888888888889,288,0,0,,,0.0,6,6,1.0,0.0,2.0833333333333335,75,37,0.49333333333333335,0.2803738317757009,12.847222222222221,262,231,0.8816793893129771,0.05188679245283019,80.20833333333333,,0,,0,,0,,0,0.8333333333333334,6,0.0,6,0.375,16,0.0,14,watering,F-new,,,True,main-watering-F-new-r0,False,stop,397,285,18
movement-closure-v1,c004,6,6,conversation:c004:0,c004:turn:6,6,False,3,3,True,28,0,0,,,0.0,1,1,1.0,0.0,3.5714285714285716,16,12,0.75,0.12,42.857142857142854,26,26,1.0,0.0,92.85714285714286,241,0,0,,,0.0,3,3,1.0,0.0,1.2448132780082988,60,23,0.38333333333333336,0.3106796116504854,9.54356846473029,198,161,0.8131313131313131,0.07981220657276995,66.80497925311204,,0,,0,0.0,1,,0,0.3333333333333333,12,0.7142857142857143,7,0.38461538461538464,26,0.125,16,watering,F-new,,,True,main-watering-F-new-r0,False,stop,342,243,28
movement-closure-v1,c004,6,6,conversation:c004:0,c004:turn:6,6,False,5,5,True,28,0,0,,,0.0,1,1,1.0,0.0,3.5714285714285716,16,10,0.625,0.12121212121212122,35.714285714285715,26,25,0.9615384615384616,0.0196078431372549,89.28571428571429,241,0,0,,,0.0,3,3,1.0,0.0,1.2448132780082988,60,20,0.3333333333333333,0.3106796116504854,8.298755186721992,198,157,0.7929292929292929,0.07981220657276995,65.14522821576763,,0,,0,0.0,1,,0,0.4,10,0.6666666666666666,6,0.36,25,0.125,16,watering,F-new,,,True,main-watering-F-new-r0,False,stop,342,243,28
movement-closure-v1,c004,7,7,conversation:c004:0,c004:turn:7,7,False,3,3,True,18,0,0,,,0.0,0,0,,,0.0,11,10,0.9090909090909091,0.05,55.55555555555556,16,16,1.0,0.0,88.88888888888889,267,0,0,,,0.0,7,7,1.0,0.0,2.6217228464419478,86,61,0.7093023255813954,0.14184397163120568,22.846441947565545,249,233,0.9357429718875502,0.021413276231263382,87.26591760299625,,0,,0,,0,0.0,1,0.9,10,0.08333333333333333,12,0.6875,16,0.0,26,watering,F-new,,,True,main-watering-F-new-r0,False,stop,415,272,18
movement-closure-v1,c004,7,7,conversation:c004:0,c004:turn:7,7,False,5,5,True,18,0,0,,,0.0,0,0,,,0.0,11,10,0.9090909090909091,0.05,55.55555555555556,16,16,1.0,0.0,88.88888888888889,267,0,0,,,0.0,7,7,1.0,0.0,2.6217228464419478,86,50,0.5813953488372093,0.14184397163120568,18.726591760299627,249,231,0.927710843373494,0.030952380952380953,86.51685393258427,,0,,0,,0,0.0,1,0.9,10,0.1,10,0.6875,16,0.0,25,watering,F-new,,,True,main-watering-F-new-r0,False,stop,415,272,18
movement-closure-v1,c004,8,8,conversation:c004:0,c004:turn:8,8,False,3,3,True,23,2,2,1.0,0.0,8.695652173913043,0,0,,,0.0,12,9,0.75,0.07692307692307693,39.130434782608695,21,20,0.9523809523809523,0.021739130434782608,86.95652173913044,94,8,8,1.0,0.0,8.51063829787234,0,0,,0.0,0.0,33,24,0.7272727272727273,0.0625,25.53191489361702,92,89,0.967391304347826,0.008547008547008548,94.68085106382979,0.5,2,,0,,0,,0,0.5555555555555556,9,0.0,10,0.25,20,0.0,16,watering,F-new,,,True,main-watering-F-new-r0,False,stop,168,92,22
movement-closure-v1,c004,8,8,conversation:c004:0,c004:turn:8,8,False,5,5,True,23,2,2,1.0,0.0,8.695652173913043,0,0,,,0.0,12,9,0.75,0.07692307692307693,39.130434782608695,21,20,0.9523809523809523,0.021739130434782608,86.95652173913044,94,8,8,1.0,0.0,8.51063829787234,0,0,,0.0,0.0,33,21,0.6363636363636364,0.09195402298850575,22.340425531914892,92,87,0.9456521739130435,0.01845018450184502,92.55319148936171,0.5,2,,0,,0,,0,0.5555555555555556,9,0.0,10,0.25,20,0.0,16,watering,F-new,,,True,main-watering-F-new-r0,False,stop,168,92,22
movement-closure-v1,c004,9,9,conversation:c004:0,c004:turn:9,9,False,3,3,True,19,0,0,,,0.0,0,0,,,0.0,12,10,0.8333333333333334,0.043478260869565216,52.63157894736842,17,17,1.0,0.0,89.47368421052632,304,2,2,1.0,0.0,0.6578947368421053,6,6,1.0,0.0,1.9736842105263157,108,83,0.7685185185185185,0.10526315789473684,27.30263157894737,288,279,0.96875,0.009398496240601503,91.77631578947368,,0,0.0,2,,0,,0,0.4,10,0.1111111111111111,9,0.17647058823529413,17,0.0,20,watering,F-new,,,True,main-watering-F-new-r0,False,stop,476,308,18
movement-closure-v1,c004,9,9,conversation:c004:0,c004:turn:9,9,False,5,5,True,19,0,0,,,0.0,0,0,,,0.0,12,10,0.8333333333333334,0.047619047619047616,52.63157894736842,17,17,1.0,0.0,89.47368421052632,304,2,2,1.0,0.0,0.6578947368421053,6,6,1.0,0.0,1.9736842105263157,108,72,0.6666666666666666,0.1509433962264151,23.68421052631579,288,270,0.9375,0.026119402985074626,88.8157894736842,,0,0.0,2,,0,,0,0.4,10,0.1111111111111111,9,0.17647058823529413,17,0.0,20,watering,F-new,,,True,main-watering-F-new-r0,False,stop,476,308,18
movement-closure-v1,c004,10,10,conversation:c004:0,c004:turn:10,10,False,3,3,True,28,1,1,1.0,0.0,3.5714285714285716,0,0,,,0.0,14,9,0.6428571428571429,0.18181818181818182,32.142857142857146,26,24,0.9230769230769231,0.024390243902439025,85.71428571428571,224,4,1,0.25,0.5,0.44642857142857145,4,4,1.0,0.0,1.7857142857142858,73,40,0.547945205479452,0.1276595744680851,17.857142857142858,217,194,0.8940092165898618,0.032719836400818,86.60714285714286,1.0,1,,0,,0,,0,0.6666666666666666,9,0.2,10,0.20833333333333334,24,0.0,17,watering,F-new,,,True,main-watering-F-new-r0,False,stop,355,227,27
movement-closure-v1,c004,10,10,conversation:c004:0,c004:turn:10,10,False,5,5,True,28,1,1,1.0,0.0,3.5714285714285716,0,0,,,0.0,14,9,0.6428571428571429,0.18181818181818182,32.142857142857146,26,24,0.9230769230769231,0.024390243902439025,85.71428571428571,224,4,1,0.25,0.5,0.44642857142857145,4,4,1.0,0.0,1.7857142857142858,73,35,0.4794520547945205,0.2032520325203252,15.625,217,187,0.8617511520737328,0.03455723542116631,83.48214285714286,1.0,1,,0,,0,,0,0.6666666666666666,9,0.2,10,0.20833333333333334,24,0.0,17,watering,F-new,,,True,main-watering-F-new-r0,False,stop,355,227,27
movement-closure-v1,c005,1,1,conversation:c005:0,c005:turn:1,1,False,3,0,False,39,0,,,,,0,,,,,21,,,,,37,,,,,365,4,,,,,8,,,,,122,,,,,345,,,,,,,,,,,,,,,,,,,,,watering,F-same,,,True,main-watering-F-same-r0,False,stop,543,368,39
movement-closure-v1,c005,1,1,conversation:c005:0,c005:turn:1,1,False,5,0,False,39,0,,,,,0,,,,,21,,,,,37,,,,,365,4,,,,,8,,,,,122,,,,,345,,,,,,,,,,,,,,,,,,,,,watering,F-same,,,True,main-watering-F-same-r0,False,stop,543,368,39
movement-closure-v1,c005,2,2,conversation:c005:0,c005:turn:2,2,False,3,1,False,30,2,2,1.0,0.0,6.666666666666667,0,0,,,0.0,11,7,0.6363636363636364,0.14285714285714285,23.333333333333332,28,27,0.9642857142857143,0.015625,90.0,420,8,5,0.625,0.3333333333333333,1.1904761904761905,10,9,0.9,0.058823529411764705,2.142857142857143,108,71,0.6574074074074074,0.19170984455958548,16.904761904761905,351,319,0.9088319088319088,0.04819277108433735,75.95238095238095,1.0,2,,,,0,,,0.5714285714285714,7,,,0.14814814814814814,27,,,watering,F-same,,,True,main-watering-F-same-r0,False,stop,662,419,30
movement-closure-v1,c005,2,2,conversation:c005:0,c005:turn:2,2,False,5,1,False,30,2,2,1.0,0.0,6.666666666666667,0,0,,,0.0,11,7,0.6363636363636364,0.14285714285714285,23.333333333333332,28,27,0.9642857142857143,0.015625,90.0,420,8,5,0.625,0.3333333333333333,1.1904761904761905,10,9,0.9,0.058823529411764705,2.142857142857143,108,71,0.6574074074074074,0.19170984455958548,16.904761904761905,351,319,0.9088319088319088,0.04819277108433735,75.95238095238095,1.0,2,,,,0,,,0.5714285714285714,7,,,0.14814814814814814,27,,,watering,F-same,,,True,main-watering-F-same-r0,False,stop,662,419,30
movement-closure-v1,c005,3,3,conversation:c005:0,c005:turn:3,3,False,3,2,False,26,2,1,0.5,0.3333333333333333,3.8461538461538463,2,2,1.0,0.0,7.6923076923076925,15,8,0.5333333333333333,0.3684210526315789,30.76923076923077,24,19,0.7916666666666666,0.10638297872340426,73.07692307692308,283,4,2,0.5,0.2,0.7067137809187279,8,8,1.0,0.0,2.8268551236749118,86,40,0.46511627906976744,0.24358974358974358,14.134275618374557,249,208,0.8353413654618473,0.06761565836298933,73.4982332155477,1.0,1,1.0,2,0.5,2,,0,0.625,8,0.42857142857142855,7,0.42105263157894735,19,0.07407407407407407,27,watering,F-same,,,True,main-watering-F-same-r0,False,stop,448,270,26
movement-closure-v1,c005,3,3,conversation:c005:0,c005:turn:3,3,False,5,2,False,26,2,1,0.5,0.3333333333333333,3.8461538461538463,2,2,1.0,0.0,7.6923076923076925,15,8,0.5333333333333333,0.3684210526315789,30.76923076923077,24,19,0.7916666666666666,0.10638297872340426,73.07692307692308,283,4,2,0.5,0.2,0.7067137809187279,8,8,1.0,0.0,2.8268551236749118,86,40,0.46511627906976744,0.24358974358974358,14.134275618374557,249,208,0.8353413654618473,0.06761565836298933,73.4982332155477,1.0,1,1.0,2,0.5,2,,0,0.625,8,0.42857142857142855,7,0.42105263157894735,19,0.07407407407407407,27,watering,F-same,,,True,main-watering-F-same-r0,False,stop,448,270,26
movement-closure-v1,c005,4,4,conversation:c005:0,c005:turn:4,4,False,3,3,True,24,2,1,0.5,0.3333333333333333,4.166666666666667,1,1,1.0,0.0,4.166666666666667,14,5,0.35714285714285715,0.45,20.833333333333332,22,12,0.5454545454545454,0.2777777777777778,50.0,310,4,1,0.25,0.2,0.3225806451612903,6,5,0.8333333333333334,0.06666666666666667,1.6129032258064515,84,36,0.42857142857142855,0.25925925925925924,11.612903225806452,267,227,0.850187265917603,0.06611570247933884,73.2258064516129,0.0,1,0.0,1,0.0,1,0.0,2,0.6,5,0.375,8,0.0,12,0.0,19,watering,F-same,,,True,main-watering-F-same-r0,False,stop,515,288,24
movement-closure-v1,c005,4,4,conversation:c005:0,c005:turn:4,4,False,5,3,False,24,2,1,0.5,0.3333333333333333,4.166666666666667,1,1,1.0,0.0,4.166666666666667,14,5,0.35714285714285715,0.45,20.833333333333332,22,12,0.5454545454545454,0.2777777777777778,50.0,310,4,1,0.25,0.2,0.3225806451612903,6,5,0.8333333333333334,0.06666666666666667,1.6129032258064515,84,36,0.42857142857142855,0.25925925925925924,11.612903225806452,267,227,0.850187265917603,0.06611570247933884,73.2258064516129,0.0,1,0.0,1,0.0,1,0.0,2,0.6,5,0.375,8,0.0,12,0.0,19,watering,F-same,,,True,main-watering-F-same-r0,False,stop,515,288,24
movement-closure-v1,c005,5,5,conversation:c005:0,c005:turn:5,5,False,3,3,True,26,2,1,0.5,0.3333333333333333,3.8461538461538463,1,0,0.0,0.5,0.0,14,5,0.35714285714285715,0.45,19.23076923076923,24,13,0.5416666666666666,0.2972972972972973,50.0,357,5,2,0.4,0.5,0.5602240896358543,11,10,0.9090909090909091,0.05555555555555555,2.8011204481792715,91,38,0.4175824175824176,0.25,10.644257703081232,293,237,0.8088737201365188,0.06463878326996197,66.38655462184875,1.0,1,0.0,1,,0,0.0,1,0.6,5,0.0,5,0.38461538461538464,13,0.0,12,watering,F-same,,,True,main-watering-F-same-r0,False,stop,576,335,26
movement-closure-v1,c005,5,5,conversation:c005:0,c005:turn:5,5,False,5,4,False,26,2,1,0.5,0.3333333333333333,3.8461538461538463,1,0,0.0,0.5,0.0,14,5,0.35714285714285715,0.45,19.23076923076923,24,13,0.5416666666666666,0.2972972972972973,50.0,357,5,2,0.4,0.5,0.5602240896358543,11,10,0.9090909090909091,0.05555555555555555,2.8011204481792715,91,36,0.3956043956043956,0.25,10.084033613445378,293,237,0.8088737201365188,0.06463878326996197,66.38655462184875,1.0,1,0.0,1,,0,0.0,1,0.6,5,0.0,5,0.38461538461538464,13,0.0,12,watering,F-same,,,True,main-watering-F-same-r0,False,stop,576,335,26
movement-closure-v1,c005,6,6,conversation:c005:0,c005:turn:6,6,False,3,3,True,24,2,1,0.5,0.3333333333333333,4.166666666666667,1,1,1.0,0.0,4.166666666666667,14,4,0.2857142857142857,0.5555555555555556,16.666666666666668,22,11,0.5,0.3333333333333333,45.833333333333336,220,3,2,0.6666666666666666,0.16666666666666666,0.9090909090909091,4,4,1.0,0.0,1.8181818181818181,59,30,0.5084745762711864,0.15384615384615385,13.636363636363637,198,180,0.9090909090909091,0.02522935779816514,81.81818181818181,1.0,1,0.0,1,0.0,1,,0,0.75,4,0.2,5,0.36363636363636365,11,0.0,13,watering,F-same,,,True,main-watering-F-same-r0,False,stop,331,217,24
movement-closure-v1,c005,6,6,conversation:c005:0,c005:turn:6,6,False,5,5,True,24,2,1,0.5,0.3333333333333333,4.166666666666667,1,1,1.0,0.0,4.166666666666667,14,4,0.2857142857142857,0.5555555555555556,16.666666666666668,22,11,0.5,0.3333333333333333,45.833333333333336,220,3,2,0.6666666666666666,0.16666666666666666,0.9090909090909091,4,4,1.0,0.0,1.8181818181818181,59,24,0.4067796610169492,0.15384615384615385,10.909090909090908,198,176,0.8888888888888888,0.02522935779816514,80.0,1.0,1,0.0,1,0.0,1,,0,0.75,4,0.2,5,0.36363636363636365,11,0.0,13,watering,F-same,,,True,main-watering-F-same-r0,False,stop,331,217,24
movement-closure-v1,c005,7,7,conversation:c005:0,c005:turn:7,7,False,3,3,True,29,3,2,0.6666666666666666,0.25,6.896551724137931,1,1,1.0,0.0,3.4482758620689653,16,7,0.4375,0.36363636363636365,24.137931034482758,27,22,0.8148148148148148,0.08888888888888889,75.86206896551724,247,5,3,0.6,0.3333333333333333,1.214574898785425,7,6,0.8571428571428571,0.08333333333333333,2.42914979757085,67,33,0.4925373134328358,0.19696969696969696,13.360323886639677,205,184,0.8975609756097561,0.03319502074688797,74.49392712550608,0.5,2,0.0,1,0.0,1,0.0,1,0.5714285714285714,7,0.0,4,0.18181818181818182,22,0.0,11,watering,F-same,,,True,main-watering-F-same-r0,False,stop,387,233,29
movement-closure-v1,c005,7,7,conversation:c005:0,c005:turn:7,7,False,5,5,True,29,3,2,0.6666666666666666,0.25,6.896551724137931,1,1,1.0,0.0,3.4482758620689653,16,7,0.4375,0.36363636363636365,24.137931034482758,27,21,0.7777777777777778,0.08888888888888889,72.41379310344827,247,5,3,0.6,0.3333333333333333,1.214574898785425,7,6,0.8571428571428571,0.08333333333333333,2.42914979757085,67,30,0.44776119402985076,0.19696969696969696,12.145748987854251,205,182,0.8878048780487805,0.03319502074688797,73.6842105263158,0.5,2,0.0,1,0.0,1,0.0,1,0.5714285714285714,7,0.0,4,0.19047619047619047,21,0.0,11,watering,F-same,,,True,main-watering-F-same-r0,False,stop,387,233,29
movement-closure-v1,c005,8,8,conversation:c005:0,c005:turn:8,8,False,3,3,True,28,3,2,0.6666666666666666,0.25,7.142857142857143,1,1,1.0,0.0,3.5714285714285716,14,4,0.2857142857142857,0.5,14.285714285714286,26,15,0.5769230769230769,0.2619047619047619,53.57142857142857,202,3,1,0.3333333333333333,0.5,0.49504950495049505,2,2,1.0,0.0,0.9900990099009901,48,24,0.5,0.16161616161616163,11.881188118811881,165,144,0.8727272727272727,0.03064066852367688,71.2871287128713,0.0,2,0.0,2,0.0,1,0.0,1,1.0,4,0.0,7,0.3333333333333333,15,0.0,22,watering,F-same,,,True,main-watering-F-same-r0,False,stop,312,191,28
movement-closure-v1,c005,8,8,conversation:c005:0,c005:turn:8,8,False,5,5,True,28,3,2,0.6666666666666666,0.25,7.142857142857143,1,1,1.0,0.0,3.5714285714285716,14,3,0.21428571428571427,0.5,10.714285714285714,26,15,0.5769230769230769,0.2619047619047619,53.57142857142857,202,3,1,0.3333333333333333,0.5,0.49504950495049505,2,2,1.0,0.0,0.9900990099009901,48,19,0.3958333333333333,0.16161616161616163,9.405940594059405,165,143,0.8666666666666667,0.03064066852367688,70.79207920792079,0.0,2,0.0,2,0.0,1,0.0,1,1.0,3,0.0,7,0.3333333333333333,15,0.0,21,watering,F-same,,,True,main-watering-F-same-r0,False,stop,312,191,28
movement-closure-v1,c005,9,9,conversation:c005:0,c005:turn:9,9,False,3,3,True,24,3,3,1.0,0.0,12.5,0,0,,0.0,0.0,13,5,0.38461538461538464,0.35,20.833333333333332,22,17,0.7727272727272727,0.07317073170731707,70.83333333333333,197,6,3,0.5,0.2857142857142857,1.5228426395939085,5,4,0.8,0.09090909090909091,2.030456852791878,47,11,0.23404255319148937,0.3194444444444444,5.583756345177665,168,120,0.7142857142857143,0.09900990099009901,60.91370558375635,0.3333333333333333,3,0.5,2,,0,0.0,1,0.2,5,0.5,4,0.11764705882352941,17,0.06666666666666667,15,watering,F-same,,,True,main-watering-F-same-r0,False,stop,310,182,23
movement-closure-v1,c005,9,9,conversation:c005:0,c005:turn:9,9,False,5,5,True,24,3,3,1.0,0.0,12.5,0,0,,0.0,0.0,13,5,0.38461538461538464,0.35,20.833333333333332,22,17,0.7727272727272727,0.1,70.83333333333333,197,6,3,0.5,0.2857142857142857,1.5228426395939085,5,4,0.8,0.09090909090909091,2.030456852791878,47,9,0.19148936170212766,0.3194444444444444,4.568527918781726,168,116,0.6904761904761905,0.09900990099009901,58.88324873096447,0.3333333333333333,3,0.5,2,,0,0.0,1,0.2,5,0.3333333333333333,3,0.11764705882352941,17,0.06666666666666667,15,watering,F-same,,,True,main-watering-F-same-r0,False,stop,310,182,23
movement-closure-v1,c005,10,10,conversation:c005:0,c005:turn:10,10,False,3,3,True,35,3,2,0.6666666666666666,0.2,5.714285714285714,2,2,1.0,0.0,5.714285714285714,19,8,0.42105263157894735,0.391304347826087,22.857142857142858,33,22,0.6666666666666666,0.25,62.857142857142854,218,4,2,0.5,0.4,0.9174311926605505,6,5,0.8333333333333334,0.1,2.293577981651376,61,22,0.36065573770491804,0.44,10.091743119266056,177,116,0.655367231638418,0.1423841059602649,53.211009174311926,1.0,2,0.0,3,0.0,2,,0,0.5,8,0.2,5,0.3181818181818182,22,0.0,17,watering,F-same,,,True,main-watering-F-same-r0,False,stop,357,207,33
movement-closure-v1,c005,10,10,conversation:c005:0,c005:turn:10,10,False,5,5,True,35,3,2,0.6666666666666666,0.2,5.714285714285714,2,2,1.0,0.0,5.714285714285714,19,8,0.42105263157894735,0.391304347826087,22.857142857142858,33,21,0.6363636363636364,0.25,60.0,218,4,2,0.5,0.4,0.9174311926605505,6,5,0.8333333333333334,0.1,2.293577981651376,61,16,0.26229508196721313,0.44,7.339449541284404,177,114,0.6440677966101694,0.1423841059602649,52.293577981651374,1.0,2,0.0,3,0.0,2,,0,0.5,8,0.2,5,0.3333333333333333,21,0.0,17,watering,F-same,,,True,main-watering-F-same-r0,False,stop,357,207,33
movement-closure-v1,c006,1,1,conversation:c006:0,c006:turn:1,1,False,3,0,False,39,0,,,,,0,,,,,21,,,,,37,,,,,365,4,,,,,8,,,,,122,,,,,345,,,,,,,,,,,,,,,,,,,,,watering,S-rephrased,,,,main-watering-S-rephrased-r0,False,stop,543,368,39
movement-closure-v1,c006,1,1,conversation:c006:0,c006:turn:1,1,False,5,0,False,39,0,,,,,0,,,,,21,,,,,37,,,,,365,4,,,,,8,,,,,122,,,,,345,,,,,,,,,,,,,,,,,,,,,watering,S-rephrased,,,,main-watering-S-rephrased-r0,False,stop,543,368,39
movement-closure-v1,c006,2,2,conversation:c006:0,c006:turn:2,2,False,3,1,False,25,0,0,,,0.0,1,1,1.0,0.0,4.0,11,6,0.5454545454545454,0.18518518518518517,24.0,23,23,1.0,0.0,92.0,347,2,0,0.0,0.5,0.0,12,12,1.0,0.0,3.4582132564841497,118,64,0.5423728813559322,0.2903225806451613,18.443804034582133,320,275,0.859375,0.07258064516129033,79.2507204610951,,0,,,0.0,1,,,0.6666666666666666,6,,,0.08695652173913043,23,,,watering,S-rephrased,,,,main-watering-S-rephrased-r0,False,stop,514,350,25
movement-closure-v1,c006,2,2,conversation:c006:0,c006:turn:2,2,False,5,1,False,25,0,0,,,0.0,1,1,1.0,0.0,4.0,11,6,0.5454545454545454,0.18518518518518517,24.0,23,23,1.0,0.0,92.0,347,2,0,0.0,0.5,0.0,12,12,1.0,0.0,3.4582132564841497,118,64,0.5423728813559322,0.2903225806451613,18.443804034582133,320,275,0.859375,0.07258064516129033,79.2507204610951,,0,,,0.0,1,,,0.6666666666666666,6,,,0.08695652173913043,23,,,watering,S-rephrased,,,,main-watering-S-rephrased-r0,False,stop,514,350,25
movement-closure-v1,c006,3,3,conversation:c006:0,c006:turn:3,3,False,3,2,False,27,0,0,,,0.0,3,3,1.0,0.0,11.11111111111111,14,8,0.5714285714285714,0.19047619047619047,29.62962962962963,25,22,0.88,0.06666666666666667,81.48148148148148,318,4,0,0.0,1.0,0.0,9,9,1.0,0.0,2.830188679245283,110,44,0.4,0.3411764705882353,13.836477987421384,300,232,0.7733333333333333,0.11310592459605028,72.95597484276729,,0,,0,0.0,3,0.0,1,0.25,8,0.5,6,0.0,22,0.0,23,watering,S-rephrased,,,,main-watering-S-rephrased-r0,False,stop,463,313,25
movement-closure-v1,c006,3,3,conversation:c006:0,c006:turn:3,3,False,5,2,False,27,0,0,,,0.0,3,3,1.0,0.0,11.11111111111111,14,8,0.5714285714285714,0.19047619047619047,29.62962962962963,25,22,0.88,0.06666666666666667,81.48148148148148,318,4,0,0.0,1.0,0.0,9,9,1.0,0.0,2.830188679245283,110,44,0.4,0.3411764705882353,13.836477987421384,300,232,0.7733333333333333,0.11310592459605028,72.95597484276729,,0,,0,0.0,3,0.0,1,0.25,8,0.5,6,0.0,22,0.0,23,watering,S-rephrased,,,,main-watering-S-rephrased-r0,False,stop,463,313,25
movement-closure-v1,c006,4,4,conversation:c006:0,c006:turn:4,4,False,3,3,True,30,0,0,,,0.0,1,1,1.0,0.0,3.3333333333333335,17,12,0.7058823529411765,0.11764705882352941,40.0,28,28,1.0,0.0,93.33333333333333,150,0,0,,0.0,0.0,3,3,1.0,0.0,2.0,53,19,0.3584905660377358,0.19047619047619047,12.666666666666666,139,119,0.8561151079136691,0.023255813953488372,79.33333333333333,,0,,0,0.0,1,0.0,3,0.3333333333333333,12,0.25,8,0.10714285714285714,28,0.0,22,watering,S-rephrased,,,,main-watering-S-rephrased-r0,False,stop,203,149,30
movement-closure-v1,c006,4,4,conversation:c006:0,c006:turn:4,4,False,5,3,False,30,0,0,,,0.0,1,1,1.0,0.0,3.3333333333333335,17,12,0.7058823529411765,0.11764705882352941,40.0,28,28,1.0,0.0,93.33333333333333,150,0,0,,0.0,0.0,3,3,1.0,0.0,2.0,53,19,0.3584905660377358,0.19047619047619047,12.666666666666666,139,119,0.8561151079136691,0.023255813953488372,79.33333333333333,,0,,0,0.0,1,0.0,3,0.3333333333333333,12,0.25,8,0.10714285714285714,28,0.0,22,watering,S-rephrased,,,,main-watering-S-rephrased-r0,False,stop,203,149,30
movement-closure-v1,c006,5,5,conversation:c006:0,c006:turn:5,5,False,3,3,True,29,0,0,,,0.0,4,4,1.0,0.0,13.793103448275861,16,11,0.6875,0.125,37.93103448275862,27,26,0.9629629629629629,0.02040816326530612,89.65517241379311,260,0,0,,,0.0,16,16,1.0,0.0,6.153846153846154,96,33,0.34375,0.25882352941176473,12.692307692307692,248,196,0.7903225806451613,0.05737704918032787,75.38461538461539,,0,,0,0.0,4,0.0,1,0.6363636363636364,11,0.5,12,0.11538461538461539,26,0.21428571428571427,28,watering,S-rephrased,,,,main-watering-S-rephrased-r0,False,stop,377,257,29
movement-closure-v1,c006,5,5,conversation:c006:0,c006:turn:5,5,False,5,4,False,29,0,0,,,0.0,4,4,1.0,0.0,13.793103448275861,16,11,0.6875,0.125,37.93103448275862,27,26,0.9629629629629629,0.02040816326530612,89.65517241379311,260,0,0,,,0.0,16,16,1.0,0.0,6.153846153846154,96,28,0.2916666666666667,0.25882352941176473,10.76923076923077,248,189,0.7620967741935484,0.05737704918032787,72.6923076923077,,0,,0,0.0,4,0.0,1,0.6363636363636364,11,0.5,12,0.11538461538461539,26,0.21428571428571427,28,watering,S-rephrased,,,,main-watering-S-rephrased-r0,False,stop,377,257,29
movement-closure-v1,c006,6,6,conversation:c006:0,c006:turn:6,6,False,3,3,True,24,0,0,,,0.0,3,3,1.0,0.0,12.5,13,11,0.8461538461538461,0.038461538461538464,45.833333333333336,22,21,0.9545454545454546,0.020833333333333332,87.5,214,3,1,0.3333333333333333,0.4,0.4672897196261682,9,9,1.0,0.0,4.205607476635514,65,27,0.4153846153846154,0.24210526315789474,12.616822429906541,190,153,0.8052631578947368,0.07516339869281045,71.49532710280374,,0,,0,0.0,3,0.0,4,0.36363636363636365,11,0.2727272727272727,11,0.09523809523809523,21,0.0,26,watering,S-rephrased,,,,main-watering-S-rephrased-r0,False,stop,321,212,24
movement-closure-v1,c006,6,6,conversation:c006:0,c006:turn:6,6,False,5,5,True,24,0,0,,,0.0,3,3,1.0,0.0,12.5,13,9,0.6923076923076923,0.0967741935483871,37.5,22,20,0.9090909090909091,0.020833333333333332,83.33333333333333,214,3,1,0.3333333333333333,0.4,0.4672897196261682,9,9,1.0,0.0,4.205607476635514,65,22,0.3384615384615385,0.24210526315789474,10.280373831775702,190,151,0.7947368421052632,0.07516339869281045,70.5607476635514,,0,,0,0.0,3,0.0,4,0.3333333333333333,9,0.2727272727272727,11,0.05,20,0.0,26,watering,S-rephrased,,,,main-watering-S-rephrased-r0,False,stop,321,212,24
movement-closure-v1,c006,7,7,conversation:c006:0,c006:turn:7,7,False,3,3,True,32,0,0,,,0.0,2,2,1.0,0.0,6.25,20,16,0.8,0.08823529411764706,50.0,30,30,1.0,0.0,93.75,259,2,1,0.5,0.25,0.3861003861003861,16,16,1.0,0.0,6.177606177606178,83,38,0.4578313253012048,0.24305555555555555,14.671814671814673,219,176,0.8036529680365296,0.07068062827225131,67.95366795366796,,0,,0,0.0,2,0.0,3,0.5,16,0.2727272727272727,11,0.03333333333333333,30,0.0,21,watering,S-rephrased,,,,main-watering-S-rephrased-r0,False,stop,411,254,32
movement-closure-v1,c006,7,7,conversation:c006:0,c006:turn:7,7,False,5,5,True,32,0,0,,,0.0,2,2,1.0,0.0,6.25,20,16,0.8,0.08823529411764706,50.0,30,30,1.0,0.0,93.75,259,2,0,0.0,1.0,0.0,16,16,1.0,0.0,6.177606177606178,83,24,0.2891566265060241,0.24305555555555555,9.266409266409266,219,162,0.7397260273972602,0.07068062827225131,62.54826254826255,,0,,0,0.0,2,0.0,3,0.5,16,0.2222222222222222,9,0.03333333333333333,30,0.0,20,watering,S-rephrased,,,,main-watering-S-rephrased-r0,False,stop,411,254,32
movement-closure-v1,c006,8,8,conversation:c006:0,c006:turn:8,8,False,3,3,True,31,0,0,,,0.0,2,2,1.0,0.0,6.451612903225806,19,12,0.631578947368421,0.14705882352941177,38.70967741935484,29,25,0.8620689655172413,0.05357142857142857,80.64516129032258,325,2,0,0.0,1.0,0.0,12,12,1.0,0.0,3.6923076923076925,93,39,0.41935483870967744,0.2846715328467153,12.0,285,236,0.8280701754385965,0.07006369426751592,72.61538461538461,,0,,0,0.5,2,0.0,2,0.5833333333333334,12,0.4375,16,0.4,25,0.13333333333333333,30,watering,S-rephrased,,,,main-watering-S-rephrased-r0,False,stop,486,331,31
movement-closure-v1,c006,8,8,conversation:c006:0,c006:turn:8,8,False,5,5,True,31,0,0,,,0.0,2,2,1.0,0.0,6.451612903225806,19,8,0.42105263157894735,0.14705882352941177,25.806451612903224,29,25,0.8620689655172413,0.05357142857142857,80.64516129032258,325,2,0,0.0,1.0,0.0,12,12,1.0,0.0,3.6923076923076925,93,36,0.3870967741935484,0.2846715328467153,11.076923076923077,285,230,0.8070175438596491,0.07006369426751592,70.76923076923077,,0,,0,0.5,2,0.0,2,0.5,8,0.4375,16,0.4,25,0.13333333333333333,30,watering,S-rephrased,,,,main-watering-S-rephrased-r0,False,stop,486,331,31
movement-closure-v1,c006,9,9,conversation:c006:0,c006:turn:9,9,False,3,3,True,31,0,0,,,0.0,2,2,1.0,0.0,6.451612903225806,19,13,0.6842105263157895,0.1875,41.935483870967744,29,29,1.0,0.0,93.54838709677419,296,3,1,0.3333333333333333,0.6666666666666666,0.33783783783783783,21,20,0.9523809523809523,0.027777777777777776,6.756756756756757,81,36,0.4444444444444444,0.24242424242424243,12.162162162162161,251,192,0.7649402390438247,0.08064516129032258,64.86486486486487,,0,,0,0.0,2,0.0,2,0.23076923076923078,13,0.3333333333333333,12,0.13793103448275862,29,0.12,25,watering,S-rephrased,,,,main-watering-S-rephrased-r0,False,stop,463,301,31
movement-closure-v1,c006,9,9,conversation:c006:0,c006:turn:9,9,False,5,5,True,31,0,0,,,0.0,2,2,1.0,0.0,6.451612903225806,19,12,0.631578947368421,0.1875,38.70967741935484,29,29,1.0,0.0,93.54838709677419,296,3,1,0.3333333333333333,0.6666666666666666,0.33783783783783783,21,20,0.9523809523809523,0.027777777777777776,6.756756756756757,81,34,0.41975308641975306,0.24242424242424243,11.486486486486486,251,187,0.7450199203187251,0.08064516129032258,63.17567567567568,,0,,0,0.0,2,0.0,2,0.25,12,0.375,8,0.13793103448275862,29,0.12,25,watering,S-rephrased,,,,main-watering-S-rephrased-r0,False,stop,463,301,31
movement-closure-v1,c006,10,10,conversation:c006:0,c006:turn:10,10,False,3,3,True,34,0,0,,,0.0,4,4,1.0,0.0,11.764705882352942,19,16,0.8421052631578947,0.08333333333333333,47.05882352941177,32,32,1.0,0.0,94.11764705882354,350,3,0,0.0,1.0,0.0,23,20,0.8695652173913043,0.07317073170731707,5.714285714285714,95,37,0.3894736842105263,0.375,10.571428571428571,284,208,0.7323943661971831,0.13347457627118645,59.42857142857143,,0,,0,0.0,4,0.0,2,0.5625,16,0.3076923076923077,13,0.125,32,0.10344827586206896,29,watering,S-rephrased,,,,main-watering-S-rephrased-r0,False,stop,532,354,34
movement-closure-v1,c006,10,10,conversation:c006:0,c006:turn:10,10,False,5,5,True,34,0,0,,,0.0,4,4,1.0,0.0,11.764705882352942,19,11,0.5789473684210527,0.18518518518518517,32.35294117647059,32,30,0.9375,0.03508771929824561,88.23529411764706,350,3,0,0.0,1.0,0.0,23,20,0.8695652173913043,0.07317073170731707,5.714285714285714,95,31,0.3263157894736842,0.375,8.857142857142858,284,207,0.7288732394366197,0.13347457627118645,59.142857142857146,,0,,0,0.0,4,0.0,2,0.36363636363636365,11,0.3333333333333333,12,0.1,30,0.10344827586206896,29,watering,S-rephrased,,,,main-watering-S-rephrased-r0,False,stop,532,354,34
movement-closure-v1,c007,1,1,conversation:c007:0,c007:turn:1,1,False,3,0,False,33,0,,,,,0,,,,,19,,,,,31,,,,,255,4,,,,,10,,,,,90,,,,,241,,,,,,,,,,,,,,,,,,,,,baking,F-new,,,True,main-baking-F-new-r0,False,stop,345,252,33
movement-closure-v1,c007,1,1,conversation:c007:0,c007:turn:1,1,False,5,0,False,33,0,,,,,0,,,,,19,,,,,31,,,,,255,4,,,,,10,,,,,90,,,,,241,,,,,,,,,,,,,,,,,,,,,baking,F-new,,,True,main-baking-F-new-r0,False,stop,345,252,33
movement-closure-v1,c007,2,2,conversation:c007:0,c007:turn:2,2,False,3,1,False,22,2,2,1.0,0.0,9.090909090909092,0,0,,,0.0,11,8,0.7272727272727273,0.1111111111111111,36.36363636363637,20,20,1.0,0.0,90.9090909090909,264,4,4,1.0,0.0,1.5151515151515151,10,10,1.0,0.0,3.787878787878788,85,57,0.6705882352941176,0.19047619047619047,21.59090909090909,233,223,0.9570815450643777,0.021551724137931036,84.46969696969697,0.0,2,,,,0,,,0.625,8,,,0.05,20,,,baking,F-new,,,True,main-baking-F-new-r0,False,stop,406,262,22
movement-closure-v1,c007,2,2,conversation:c007:0,c007:turn:2,2,False,5,1,False,22,2,2,1.0,0.0,9.090909090909092,0,0,,,0.0,11,8,0.7272727272727273,0.1111111111111111,36.36363636363637,20,20,1.0,0.0,90.9090909090909,264,4,4,1.0,0.0,1.5151515151515151,10,10,1.0,0.0,3.787878787878788,85,57,0.6705882352941176,0.19047619047619047,21.59090909090909,233,223,0.9570815450643777,0.021551724137931036,84.46969696969697,0.0,2,,,,0,,,0.625,8,,,0.05,20,,,baking,F-new,,,True,main-baking-F-new-r0,False,stop,406,262,22
movement-closure-v1,c007,3,3,conversation:c007:0,c007:turn:3,3,False,3,2,False,25,1,1,1.0,0.0,4.0,1,1,1.0,0.0,4.0,11,8,0.7272727272727273,0.1,32.0,23,22,0.9565217391304348,0.018867924528301886,88.0,269,5,2,0.4,0.5,0.7434944237918215,7,7,1.0,0.0,2.6022304832713754,94,42,0.44680851063829785,0.2777777777777778,15.613382899628252,251,208,0.8286852589641435,0.06373626373626373,77.32342007434944,0.0,1,0.0,2,0.0,1,,0,0.25,8,0.125,8,0.09090909090909091,22,0.0,20,baking,F-new,,,True,main-baking-F-new-r0,False,stop,395,267,25
movement-closure-v1,c007,3,3,conversation:c007:0,c007:turn:3,3,False,5,2,False,25,1,1,1.0,0.0,4.0,1,1,1.0,0.0,4.0,11,8,0.7272727272727273,0.1,32.0,23,22,0.9565217391304348,0.018867924528301886,88.0,269,5,2,0.4,0.5,0.7434944237918215,7,7,1.0,0.0,2.6022304832713754,94,42,0.44680851063829785,0.2777777777777778,15.613382899628252,251,208,0.8286852589641435,0.06373626373626373,77.32342007434944,0.0,1,0.0,2,0.0,1,,0,0.25,8,0.125,8,0.09090909090909091,22,0.0,20,baking,F-new,,,True,main-baking-F-new-r0,False,stop,395,267,25
movement-closure-v1,c007,4,4,conversation:c007:0,c007:turn:4,4,False,3,3,True,22,1,1,1.0,0.0,4.545454545454546,0,0,,,0.0,11,4,0.36363636363636365,0.375,18.181818181818183,20,12,0.6,0.16216216216216217,54.54545454545455,245,6,2,0.3333333333333333,0.5714285714285714,0.8163265306122449,3,2,0.6666666666666666,0.1111111111111111,0.8163265306122449,79,23,0.2911392405063291,0.36220472440944884,9.387755102040817,225,166,0.7377777777777778,0.12529550827423167,67.75510204081633,0.0,1,0.0,1,,0,0.0,1,0.25,4,0.5,8,0.16666666666666666,12,0.0,22,baking,F-new,,,True,main-baking-F-new-r0,False,stop,380,240,22
movement-closure-v1,c007,4,4,conversation:c007:0,c007:turn:4,4,False,5,3,False,22,1,1,1.0,0.0,4.545454545454546,0,0,,,0.0,11,4,0.36363636363636365,0.375,18.181818181818183,20,12,0.6,0.16216216216216217,54.54545454545455,245,6,2,0.3333333333333333,0.5714285714285714,0.8163265306122449,3,2,0.6666666666666666,0.1111111111111111,0.8163265306122449,79,23,0.2911392405063291,0.36220472440944884,9.387755102040817,225,166,0.7377777777777778,0.12529550827423167,67.75510204081633,0.0,1,0.0,1,,0,0.0,1,0.25,4,0.5,8,0.16666666666666666,12,0.0,22,baking,F-new,,,True,main-baking-F-new-r0,False,stop,380,240,22
movement-closure-v1,c007,5,5,conversation:c007:0,c007:turn:5,5,False,3,3,True,21,0,0,,0.0,0.0,0,0,,,0.0,16,14,0.875,0.038461538461538464,66.66666666666667,19,19,1.0,0.0,90.47619047619048,304,7,3,0.42857142857142855,0.375,0.9868421052631579,4,3,0.75,0.16666666666666666,0.9868421052631579,87,28,0.3218390804597701,0.4188034188034188,9.210526315789474,275,212,0.7709090909090909,0.11358574610244988,69.73684210526316,,0,0.0,1,,0,,0,0.5,14,0.75,4,0.15789473684210525,19,0.08333333333333333,12,baking,F-new,,,True,main-baking-F-new-r0,False,stop,456,293,21
movement-closure-v1,c007,5,5,conversation:c007:0,c007:turn:5,5,False,5,4,False,21,0,0,,,0.0,0,0,,,0.0,16,13,0.8125,0.06060606060606061,61.904761904761905,19,19,1.0,0.0,90.47619047619048,304,7,3,0.42857142857142855,0.375,0.9868421052631579,4,3,0.75,0.16666666666666666,0.9868421052631579,87,26,0.2988505747126437,0.4188034188034188,8.552631578947368,275,208,0.7563636363636363,0.11358574610244988,68.42105263157895,,0,0.0,1,,0,,0,0.46153846153846156,13,0.75,4,0.15789473684210525,19,0.08333333333333333,12,baking,F-new,,,True,main-baking-F-new-r0,False,stop,456,293,21
movement-closure-v1,c007,6,6,conversation:c007:0,c007:turn:6,6,False,3,3,True,19,1,1,1.0,0.0,5.2631578947368425,0,0,,,0.0,11,6,0.5454545454545454,0.15789473684210525,31.57894736842105,17,17,1.0,0.0,89.47368421052632,207,5,2,0.4,0.375,0.966183574879227,4,4,1.0,0.0,1.932367149758454,62,34,0.5483870967741935,0.16417910447761194,16.42512077294686,186,160,0.8602150537634409,0.05301204819277108,77.29468599033817,1.0,1,,0,,0,,0,0.5,6,0.14285714285714285,14,0.058823529411764705,17,0.0,19,baking,F-new,,,True,main-baking-F-new-r0,False,stop,308,209,19
movement-closure-v1,c007,6,6,conversation:c007:0,c007:turn:6,6,False,5,5,True,19,1,1,1.0,0.0,5.2631578947368425,0,0,,,0.0,11,6,0.5454545454545454,0.15789473684210525,31.57894736842105,17,17,1.0,0.0,89.47368421052632,207,5,1,0.2,0.375,0.4830917874396135,4,4,1.0,0.0,1.932367149758454,62,30,0.4838709677419355,0.16417910447761194,14.492753623188406,186,157,0.8440860215053764,0.05301204819277108,75.84541062801932,1.0,1,,0,,0,,0,0.5,6,0.07692307692307693,13,0.058823529411764705,17,0.0,19,baking,F-new,,,True,main-baking-F-new-r0,False,stop,308,209,19
movement-closure-v1,c007,7,7,conversation:c007:0,c007:turn:7,7,False,3,3,True,26,0,0,,,0.0,0,0,,,0.0,13,9,0.6923076923076923,0.14285714285714285,34.61538461538461,24,24,1.0,0.0,92.3076923076923,300,2,0,0.0,0.4,0.0,6,6,1.0,0.0,2.0,88,48,0.5454545454545454,0.22794117647058823,16.0,273,234,0.8571428571428571,0.05791505791505792,78.0,,0,0.0,1,,0,,0,0.5555555555555556,9,0.0,6,0.3333333333333333,24,0.0,17,baking,F-new,,,True,main-baking-F-new-r0,False,stop,430,303,26
movement-closure-v1,c007,7,7,conversation:c007:0,c007:turn:7,7,False,5,5,True,26,0,0,,,0.0,0,0,,,0.0,13,9,0.6923076923076923,0.14285714285714285,34.61538461538461,24,24,1.0,0.0,92.3076923076923,300,2,0,0.0,0.5,0.0,6,6,1.0,0.0,2.0,88,39,0.4431818181818182,0.22794117647058823,13.0,273,227,0.8315018315018315,0.05791505791505792,75.66666666666667,,0,0.0,1,,0,,0,0.5555555555555556,9,0.0,6,0.3333333333333333,24,0.0,17,baking,F-new,,,True,main-baking-F-new-r0,False,stop,430,303,26
movement-closure-v1,c007,8,8,conversation:c007:0,c007:turn:8,8,False,3,3,True,18,0,0,,,0.0,2,2,1.0,0.0,11.11111111111111,10,7,0.7,0.15,38.888888888888886,16,15,0.9375,0.02564102564102564,83.33333333333333,277,4,3,0.75,0.1,1.0830324909747293,13,13,1.0,0.0,4.693140794223827,72,30,0.4166666666666667,0.2230769230769231,10.830324909747292,233,196,0.8412017167381974,0.056133056133056136,70.7581227436823,,0,,0,0.0,2,,0,0.5714285714285714,7,0.2222222222222222,9,0.2,15,0.0,24,baking,F-new,,,True,main-baking-F-new-r0,False,stop,398,274,18
movement-closure-v1,c007,8,8,conversation:c007:0,c007:turn:8,8,False,5,5,True,18,0,0,,,0.0,2,2,1.0,0.0,11.11111111111111,10,6,0.6,0.15,33.333333333333336,16,15,0.9375,0.02564102564102564,83.33333333333333,277,4,3,0.75,0.1,1.0830324909747293,13,13,1.0,0.0,4.693140794223827,72,28,0.3888888888888889,0.2230769230769231,10.108303249097473,233,190,0.8154506437768241,0.056133056133056136,68.59205776173285,,0,,0,0.0,2,,0,0.6666666666666666,6,0.2222222222222222,9,0.2,15,0.0,24,baking,F-new,,,True,main-baking-F-new-r0,False,stop,398,274,18
movement-closure-v1,c007,9,9,conversation:c007:0,c007:turn:9,9,False,3,3,True,22,0,0,,,0.0,0,0,,,0.0,14,13,0.9285714285714286,0.041666666666666664,59.09090909090909,20,20,1.0,0.0,90.9090909090909,252,7,2,0.2857142857142857,0.375,0.7936507936507936,8,8,1.0,0.0,3.1746031746031744,75,43,0.5733333333333334,0.20491803278688525,17.063492063492063,230,209,0.908695652173913,0.031180400890868598,82.93650793650794,,0,,0,,0,0.0,2,0.3076923076923077,13,0.14285714285714285,7,0.0,20,0.0,15,baking,F-new,,,True,main-baking-F-new-r0,False,stop,398,254,22
movement-closure-v1,c007,9,9,conversation:c007:0,c007:turn:9,9,False,5,5,True,22,0,0,,,0.0,0,0,,,0.0,14,12,0.8571428571428571,0.041666666666666664,54.54545454545455,20,19,0.95,0.02564102564102564,86.36363636363636,252,7,2,0.2857142857142857,0.375,0.7936507936507936,8,8,1.0,0.0,3.1746031746031744,75,33,0.44,0.20491803278688525,13.095238095238095,230,201,0.8739130434782608,0.03409090909090909,79.76190476190476,,0,,0,,0,0.0,2,0.3333333333333333,12,0.16666666666666666,6,0.0,19,0.0,15,baking,F-new,,,True,main-baking-F-new-r0,False,stop,398,254,22
movement-closure-v1,c008,1,1,conversation:c008:0,c008:turn:1,1,False,3,0,False,33,0,,,,,0,,,,,19,,,,,31,,,,,255,4,,,,,10,,,,,90,,,,,241,,,,,,,,,,,,,,,,,,,,,baking,F-same,,,True,main-baking-F-same-r0,False,stop,345,252,33
movement-closure-v1,c008,1,1,conversation:c008:0,c008:turn:1,1,False,5,0,False,33,0,,,,,0,,,,,19,,,,,31,,,,,255,4,,,,,10,,,,,90,,,,,241,,,,,,,,,,,,,,,,,,,,,baking,F-same,,,True,main-baking-F-same-r0,False,stop,345,252,33
movement-closure-v1,c008,2,2,conversation:c008:0,c008:turn:2,2,False,3,1,False,24,2,2,1.0,0.0,8.333333333333334,0,0,,,0.0,11,7,0.6363636363636364,0.15384615384615385,29.166666666666668,22,22,1.0,0.0,91.66666666666667,248,10,9,0.9,0.07692307692307693,3.629032258064516,4,4,1.0,0.0,1.6129032258064515,82,39,0.47560975609756095,0.3333333333333333,15.725806451612904,236,215,0.9110169491525424,0.046052631578947366,86.69354838709677,0.5,2,,,,0,,,0.7142857142857143,7,,,0.09090909090909091,22,,,baking,F-same,,,True,main-baking-F-same-r0,False,stop,383,248,24
movement-closure-v1,c008,2,2,conversation:c008:0,c008:turn:2,2,False,5,1,False,24,2,2,1.0,0.0,8.333333333333334,0,0,,,0.0,11,7,0.6363636363636364,0.15384615384615385,29.166666666666668,22,22,1.0,0.0,91.66666666666667,248,10,9,0.9,0.07692307692307693,3.629032258064516,4,4,1.0,0.0,1.6129032258064515,82,39,0.47560975609756095,0.3333333333333333,15.725806451612904,236,215,0.9110169491525424,0.046052631578947366,86.69354838709677,0.5,2,,,,0,,,0.7142857142857143,7,,,0.09090909090909091,22,,,baking,F-same,,,True,main-baking-F-same-r0,False,stop,383,248,24
movement-closure-v1,c008,3,3,conversation:c008:0,c008:turn:3,3,False,3,2,False,24,2,1,0.5,0.3333333333333333,4.166666666666667,0,0,,,0.0,11,3,0.2727272727272727,0.4666666666666667,12.5,22,14,0.6363636363636364,0.2222222222222222,58.333333333333336,204,6,1,0.16666666666666666,0.45454545454545453,0.49019607843137253,8,8,1.0,0.0,3.9215686274509802,65,31,0.47692307692307695,0.2564102564102564,15.196078431372548,185,151,0.8162162162162162,0.07672634271099744,74.01960784313725,0.0,1,0.5,2,,0,,0,0.3333333333333333,3,0.5714285714285714,7,0.07142857142857142,14,0.045454545454545456,22,baking,F-same,,,True,main-baking-F-same-r0,False,stop,301,201,24
movement-closure-v1,c008,3,3,conversation:c008:0,c008:turn:3,3,False,5,2,False,24,2,1,0.5,0.3333333333333333,4.166666666666667,0,0,,,0.0,11,3,0.2727272727272727,0.4666666666666667,12.5,22,14,0.6363636363636364,0.2222222222222222,58.333333333333336,204,6,1,0.16666666666666666,0.45454545454545453,0.49019607843137253,8,8,1.0,0.0,3.9215686274509802,65,31,0.47692307692307695,0.2564102564102564,15.196078431372548,185,151,0.8162162162162162,0.07672634271099744,74.01960784313725,0.0,1,0.5,2,,0,,0,0.3333333333333333,3,0.5714285714285714,7,0.07142857142857142,14,0.045454545454545456,22,baking,F-same,,,True,main-baking-F-same-r0,False,stop,301,201,24
movement-closure-v1,c008,4,4,conversation:c008:0,c008:turn:4,4,False,3,3,True,26,2,1,0.5,0.3333333333333333,3.8461538461538463,0,0,,,0.0,13,3,0.23076923076923078,0.5,11.538461538461538,24,12,0.5,0.2777777777777778,46.15384615384615,317,7,3,0.42857142857142855,0.21428571428571427,0.9463722397476341,9,9,1.0,0.0,2.8391167192429023,81,36,0.4444444444444444,0.304,11.35646687697161,263,200,0.7604562737642585,0.09429824561403509,63.09148264984227,1.0,1,0.0,1,,0,,0,0.3333333333333333,3,0.0,3,0.0,12,0.07142857142857142,14,baking,F-same,,,True,main-baking-F-same-r0,False,stop,502,326,26
movement-closure-v1,c008,4,4,conversation:c008:0,c008:turn:4,4,False,5,3,False,26,2,1,0.5,0.3333333333333333,3.8461538461538463,0,0,,,0.0,13,3,0.23076923076923078,0.5,11.538461538461538,24,12,0.5,0.2777777777777778,46.15384615384615,317,7,3,0.42857142857142855,0.21428571428571427,0.9463722397476341,9,9,1.0,0.0,2.8391167192429023,81,36,0.4444444444444444,0.304,11.35646687697161,263,200,0.7604562737642585,0.09429824561403509,63.09148264984227,1.0,1,0.0,1,,0,,0,0.3333333333333333,3,0.0,3,0.0,12,0.07142857142857142,14,baking,F-same,,,True,main-baking-F-same-r0,False,stop,502,326,26
movement-closure-v1,c008,5,5,conversation:c008:0,c008:turn:5,5,False,3,3,True,26,2,1,0.5,0.3333333333333333,3.8461538461538463,0,0,,,0.0,13,5,0.38461538461538464,0.5,19.23076923076923,24,13,0.5416666666666666,0.21052631578947367,50.0,198,9,5,0.5555555555555556,0.14285714285714285,2.525252525252525,6,6,1.0,0.0,3.0303030303030303,56,13,0.23214285714285715,0.3595505617977528,6.565656565656566,177,127,0.7175141242937854,0.10703363914373089,64.14141414141415,0.0,1,1.0,1,,0,,0,0.6,5,0.0,3,0.23076923076923078,13,0.0,12,baking,F-same,,,True,main-baking-F-same-r0,False,stop,322,200,26
movement-closure-v1,c008,5,5,conversation:c008:0,c008:turn:5,5,False,5,4,False,26,2,1,0.5,0.3333333333333333,3.8461538461538463,0,0,,,0.0,13,5,0.38461538461538464,0.5,19.23076923076923,24,13,0.5416666666666666,0.21052631578947367,50.0,198,9,5,0.5555555555555556,0.14285714285714285,2.525252525252525,6,6,1.0,0.0,3.0303030303030303,56,11,0.19642857142857142,0.3595505617977528,5.555555555555555,177,126,0.711864406779661,0.10703363914373089,63.63636363636363,0.0,1,1.0,1,,0,,0,0.6,5,0.0,3,0.23076923076923078,13,0.0,12,baking,F-same,,,True,main-baking-F-same-r0,False,stop,322,200,26
movement-closure-v1,c008,6,6,conversation:c008:0,c008:turn:6,6,False,3,3,True,26,2,1,0.5,0.3333333333333333,3.8461538461538463,2,2,1.0,0.0,7.6923076923076925,14,5,0.35714285714285715,0.47058823529411764,19.23076923076923,24,13,0.5416666666666666,0.2972972972972973,50.0,187,3,1,0.3333333333333333,0.125,0.5347593582887701,6,6,1.0,0.0,3.2085561497326203,71,43,0.6056338028169014,0.17592592592592593,22.994652406417114,182,163,0.8956043956043956,0.031609195402298854,87.16577540106952,1.0,1,0.0,1,0.5,2,,0,0.8,5,0.4,5,0.46153846153846156,13,0.15384615384615385,13,baking,F-same,,,True,main-baking-F-same-r0,False,stop,303,184,26
movement-closure-v1,c008,6,6,conversation:c008:0,c008:turn:6,6,False,5,5,True,26,2,1,0.5,0.3333333333333333,3.8461538461538463,2,2,1.0,0.0,7.6923076923076925,14,5,0.35714285714285715,0.47058823529411764,19.23076923076923,24,13,0.5416666666666666,0.2972972972972973,50.0,187,3,1,0.3333333333333333,0.125,0.5347593582887701,6,6,1.0,0.0,3.2085561497326203,71,40,0.5633802816901409,0.17592592592592593,21.390374331550802,182,163,0.8956043956043956,0.031609195402298854,87.16577540106952,1.0,1,0.0,1,0.5,2,,0,0.8,5,0.4,5,0.46153846153846156,13,0.15384615384615385,13,baking,F-same,,,True,main-baking-F-same-r0,False,stop,303,184,26
movement-closure-v1,c008,7,7,conversation:c008:0,c008:turn:7,7,False,3,3,True,25,2,1,0.5,0.3333333333333333,4.0,0,0,,,0.0,12,4,0.3333333333333333,0.47058823529411764,16.0,23,12,0.5217391304347826,0.23684210526315788,48.0,201,5,1,0.2,0.2727272727272727,0.4975124378109453,5,5,1.0,0.0,2.487562189054726,61,27,0.4426229508196721,0.20618556701030927,13.432835820895523,181,156,0.861878453038674,0.04470588235294118,77.61194029850746,1.0,1,0.0,1,,0,0.0,2,0.5,4,0.2,5,0.25,12,0.0,13,baking,F-same,,,True,main-baking-F-same-r0,False,stop,313,197,25
movement-closure-v1,c008,7,7,conversation:c008:0,c008:turn:7,7,False,5,5,True,25,2,1,0.5,0.3333333333333333,4.0,0,0,,,0.0,12,4,0.3333333333333333,0.47058823529411764,16.0,23,11,0.4782608695652174,0.2857142857142857,44.0,201,5,1,0.2,0.2727272727272727,0.4975124378109453,5,5,1.0,0.0,2.487562189054726,61,23,0.3770491803278688,0.2222222222222222,11.442786069651742,181,155,0.856353591160221,0.04470588235294118,77.11442786069652,1.0,1,0.0,1,,0,0.0,2,0.5,4,0.2,5,0.2727272727272727,11,0.0,13,baking,F-same,,,True,main-baking-F-same-r0,False,stop,313,197,25
movement-closure-v1,c008,8,8,conversation:c008:0,c008:turn:8,8,False,3,3,True,27,2,0,0.0,1.0,0.0,1,1,1.0,0.0,3.7037037037037037,14,5,0.35714285714285715,0.42105263157894735,18.51851851851852,25,10,0.4,0.4,37.03703703703704,189,4,0,0.0,0.5,0.0,5,5,1.0,0.0,2.6455026455026456,56,29,0.5178571428571429,0.14705882352941177,15.343915343915343,164,149,0.9085365853658537,0.023668639053254437,78.83597883597884,,0,0.0,1,0.0,1,,0,0.6,5,0.0,4,0.1,10,0.0,12,baking,F-same,,,True,main-baking-F-same-r0,False,stop,283,186,27
movement-closure-v1,c008,8,8,conversation:c008:0,c008:turn:8,8,False,5,5,True,27,2,0,0.0,1.0,0.0,1,1,1.0,0.0,3.7037037037037037,14,5,0.35714285714285715,0.42105263157894735,18.51851851851852,25,10,0.4,0.4,37.03703703703704,189,4,0,0.0,0.5,0.0,5,5,1.0,0.0,2.6455026455026456,56,27,0.48214285714285715,0.14705882352941177,14.285714285714286,164,147,0.8963414634146342,0.023668639053254437,77.77777777777777,,0,0.0,1,0.0,1,,0,0.6,5,0.0,4,0.1,10,0.0,11,baking,F-same,,,True,main-baking-F-same-r0,False,stop,283,186,27
movement-closure-v1,c009,1,1,conversation:c009:0,c009:turn:1,1,False,3,0,False,33,0,,,,,0,,,,,19,,,,,31,,,,,255,4,,,,,10,,,,,90,,,,,241,,,,,,,,,,,,,,,,,,,,,baking,S-rephrased,,,False,main-baking-S-rephrased-r0,False,stop,345,252,33
movement-closure-v1,c009,1,1,conversation:c009:0,c009:turn:1,1,False,5,0,False,33,0,,,,,0,,,,,19,,,,,31,,,,,255,4,,,,,10,,,,,90,,,,,241,,,,,,,,,,,,,,,,,,,,,baking,S-rephrased,,,False,main-baking-S-rephrased-r0,False,stop,345,252,33
movement-closure-v1,c009,2,2,conversation:c009:0,c009:turn:2,2,False,3,1,False,25,0,0,,,0.0,2,2,1.0,0.0,8.0,12,10,0.8333333333333334,0.06896551724137931,40.0,23,23,1.0,0.0,92.0,249,6,5,0.8333333333333334,0.1111111111111111,2.0080321285140563,10,10,1.0,0.0,4.016064257028113,90,54,0.6,0.25,21.686746987951807,225,212,0.9422222222222222,0.02869757174392936,85.14056224899599,,0,,,0.0,2,,,0.4,10,,,0.043478260869565216,23,,,baking,S-rephrased,,,False,main-baking-S-rephrased-r0,False,stop,363,251,25
movement-closure-v1,c009,2,2,conversation:c009:0,c009:turn:2,2,False,5,1,False,25,0,0,,,0.0,2,2,1.0,0.0,8.0,12,10,0.8333333333333334,0.06896551724137931,40.0,23,23,1.0,0.0,92.0,249,6,5,0.8333333333333334,0.1111111111111111,2.0080321285140563,10,10,1.0,0.0,4.016064257028113,90,54,0.6,0.25,21.686746987951807,225,212,0.9422222222222222,0.02869757174392936,85.14056224899599,,0,,,0.0,2,,,0.4,10,,,0.043478260869565216,23,,,baking,S-rephrased,,,False,main-baking-S-rephrased-r0,False,stop,363,251,25
movement-closure-v1,c009,3,3,conversation:c009:0,c009:turn:3,3,False,3,2,False,27,0,0,,,0.0,2,2,1.0,0.0,7.407407407407407,16,11,0.6875,0.09375,40.74074074074074,25,25,1.0,0.0,92.5925925925926,283,4,2,0.5,0.25,0.7067137809187279,10,10,1.0,0.0,3.5335689045936394,102,48,0.47058823529411764,0.2972972972972973,16.96113074204947,275,217,0.7890909090909091,0.07276507276507277,76.67844522968198,,0,,0,0.0,2,0.0,2,0.09090909090909091,11,0.2,10,0.0,25,0.0,23,baking,S-rephrased,,,False,main-baking-S-rephrased-r0,False,stop,418,286,27
movement-closure-v1,c009,3,3,conversation:c009:0,c009:turn:3,3,False,5,2,False,27,0,0,,,0.0,2,2,1.0,0.0,7.407407407407407,16,11,0.6875,0.09375,40.74074074074074,25,25,1.0,0.0,92.5925925925926,283,4,2,0.5,0.25,0.7067137809187279,10,10,1.0,0.0,3.5335689045936394,102,48,0.47058823529411764,0.2972972972972973,16.96113074204947,275,217,0.7890909090909091,0.07276507276507277,76.67844522968198,,0,,0,0.0,2,0.0,2,0.09090909090909091,11,0.2,10,0.0,25,0.0,23,baking,S-rephrased,,,False,main-baking-S-rephrased-r0,False,stop,418,286,27
movement-closure-v1,c009,4,4,conversation:c009:0,c009:turn:4,4,False,3,3,True,29,0,0,,,0.0,3,3,1.0,0.0,10.344827586206897,15,9,0.6,0.1724137931034483,31.03448275862069,27,26,0.9629629629629629,0.02040816326530612,89.65517241379311,300,11,6,0.5454545454545454,0.3076923076923077,2.0,16,16,1.0,0.0,5.333333333333333,94,42,0.44680851063829785,0.2564102564102564,14.0,270,218,0.8074074074074075,0.06451612903225806,72.66666666666667,,0,,0,0.0,3,0.0,2,0.2222222222222222,9,0.2727272727272727,11,0.0,26,0.0,25,baking,S-rephrased,,,False,main-baking-S-rephrased-r0,False,stop,498,298,29
movement-closure-v1,c009,4,4,conversation:c009:0,c009:turn:4,4,False,5,3,False,29,0,0,,,0.0,3,3,1.0,0.0,10.344827586206897,15,9,0.6,0.1724137931034483,31.03448275862069,27,26,0.9629629629629629,0.02040816326530612,89.65517241379311,300,11,6,0.5454545454545454,0.3076923076923077,2.0,16,16,1.0,0.0,5.333333333333333,94,42,0.44680851063829785,0.2564102564102564,14.0,270,218,0.8074074074074075,0.06451612903225806,72.66666666666667,,0,,0,0.0,3,0.0,2,0.2222222222222222,9,0.2727272727272727,11,0.0,26,0.0,25,baking,S-rephrased,,,False,main-baking-S-rephrased-r0,False,stop,498,298,29
movement-closure-v1,c009,5,5,conversation:c009:0,c009:turn:5,5,False,3,3,True,26,0,0,,,0.0,2,2,1.0,0.0,7.6923076923076925,15,11,0.7333333333333333,0.08,42.30769230769231,24,24,1.0,0.0,92.3076923076923,328,4,0,0.0,0.36363636363636365,0.0,19,18,0.9473684210526315,0.029411764705882353,5.487804878048781,119,43,0.36134453781512604,0.33125,13.109756097560975,303,231,0.7623762376237624,0.09142857142857143,70.42682926829268,,0,,0,0.0,2,0.0,3,0.36363636363636365,11,0.3333333333333333,9,0.16666666666666666,24,0.038461538461538464,26,baking,S-rephrased,,,False,main-baking-S-rephrased-r0,False,stop,521,328,26
movement-closure-v1,c009,5,5,conversation:c009:0,c009:turn:5,5,False,5,4,False,26,0,0,,,0.0,2,2,1.0,0.0,7.6923076923076925,15,10,0.6666666666666666,0.08,38.46153846153846,24,24,1.0,0.0,92.3076923076923,328,4,0,0.0,0.36363636363636365,0.0,19,18,0.9473684210526315,0.029411764705882353,5.487804878048781,119,40,0.33613445378151263,0.33125,12.195121951219512,303,229,0.7557755775577558,0.09142857142857143,69.8170731707317,,0,,0,0.0,2,0.0,3,0.4,10,0.3333333333333333,9,0.16666666666666666,24,0.038461538461538464,26,baking,S-rephrased,,,False,main-baking-S-rephrased-r0,False,stop,521,328,26
movement-closure-v1,c009,6,6,conversation:c009:0,c009:turn:6,6,False,3,3,True,26,0,0,,,0.0,3,3,1.0,0.0,11.538461538461538,16,9,0.5625,0.18518518518518517,34.61538461538461,24,24,1.0,0.0,92.3076923076923,247,6,2,0.3333333333333333,0.42857142857142855,0.8097165991902834,7,7,1.0,0.0,2.834008097165992,90,34,0.37777777777777777,0.34306569343065696,13.765182186234817,236,183,0.7754237288135594,0.08583690987124463,74.08906882591093,,0,,0,0.0,3,0.0,2,0.2222222222222222,9,0.09090909090909091,11,0.0,24,0.0,24,baking,S-rephrased,,,False,main-baking-S-rephrased-r0,False,stop,392,241,26
movement-closure-v1,c009,6,6,conversation:c009:0,c009:turn:6,6,False,5,5,True,26,0,0,,,0.0,3,3,1.0,0.0,11.538461538461538,16,7,0.4375,0.18518518518518517,26.923076923076923,24,24,1.0,0.0,92.3076923076923,247,6,2,0.3333333333333333,0.42857142857142855,0.8097165991902834,7,7,1.0,0.0,2.834008097165992,90,30,0.3333333333333333,0.34306569343065696,12.145748987854251,236,182,0.7711864406779662,0.08583690987124463,73.6842105263158,,0,,0,0.0,3,0.0,2,0.2857142857142857,7,0.1,10,0.0,24,0.0,24,baking,S-rephrased,,,False,main-baking-S-rephrased-r0,False,stop,392,241,26
movement-closure-v1,c009,7,7,conversation:c009:0,c009:turn:7,7,False,3,3,True,22,0,0,,,0.0,0,0,,0.0,0.0,13,12,0.9230769230769231,0.037037037037037035,54.54545454545455,20,20,1.0,0.0,90.9090909090909,171,0,0,,0.0,0.0,12,12,1.0,0.0,7.017543859649122,64,21,0.328125,0.29411764705882354,12.280701754385966,155,104,0.6709677419354839,0.12034383954154727,60.8187134502924,,0,,0,,0,0.0,3,0.16666666666666666,12,0.0,9,0.05,20,0.0,24,baking,S-rephrased,,,False,main-baking-S-rephrased-r0,False,stop,264,169,22
movement-closure-v1,c009,7,7,conversation:c009:0,c009:turn:7,7,False,5,5,True,22,0,0,,,0.0,0,0,,0.0,0.0,13,11,0.8461538461538461,0.08695652173913043,50.0,20,20,1.0,0.0,90.9090909090909,171,0,0,,0.0,0.0,12,12,1.0,0.0,7.017543859649122,64,20,0.3125,0.29411764705882354,11.695906432748538,155,97,0.6258064516129033,0.12034383954154727,56.72514619883041,,0,,0,,0,0.0,3,0.09090909090909091,11,0.0,7,0.05,20,0.0,24,baking,S-rephrased,,,False,main-baking-S-rephrased-r0,False,stop,264,169,22
movement-closure-v1,c009,8,8,conversation:c009:0,c009:turn:8,8,False,3,3,True,33,0,0,,,0.0,4,4,1.0,0.0,12.121212121212121,18,14,0.7777777777777778,0.06451612903225806,42.42424242424242,31,31,1.0,0.0,93.93939393939394,216,2,0,0.0,0.5,0.0,9,8,0.8888888888888888,0.06666666666666667,3.7037037037037037,70,11,0.15714285714285714,0.425531914893617,5.092592592592593,189,113,0.5978835978835979,0.16216216216216217,52.31481481481482,,0,,0,0.0,4,,0,0.35714285714285715,14,0.16666666666666666,12,0.0,31,0.05,20,baking,S-rephrased,,,False,main-baking-S-rephrased-r0,False,stop,340,212,33
movement-closure-v1,c009,8,8,conversation:c009:0,c009:turn:8,8,False,5,5,True,33,0,0,,,0.0,4,4,1.0,0.0,12.121212121212121,18,10,0.5555555555555556,0.13793103448275862,30.303030303030305,31,30,0.967741935483871,0.017543859649122806,90.9090909090909,216,2,0,0.0,0.5,0.0,9,8,0.8888888888888888,0.06666666666666667,3.7037037037037037,70,9,0.12857142857142856,0.425531914893617,4.166666666666667,189,107,0.5661375661375662,0.16216216216216217,49.53703703703704,,0,,0,0.0,4,,0,0.4,10,0.09090909090909091,11,0.0,30,0.05,20,baking,S-rephrased,,,False,main-baking-S-rephrased-r0,False,stop,340,212,33
movement-closure-v1,c009,9,9,conversation:c009:0,c009:turn:9,9,False,3,3,True,27,0,0,,,0.0,4,4,1.0,0.0,14.814814814814815,17,10,0.5882352941176471,0.13793103448275862,37.03703703703704,25,24,0.96,0.01818181818181818,88.88888888888889,246,2,0,0.0,1.0,0.0,20,17,0.85,0.06666666666666667,6.9105691056910565,91,38,0.4175824175824176,0.35294117647058826,15.447154471544716,233,172,0.7381974248927039,0.11494252873563218,69.91869918699187,,0,,0,0.0,4,0.0,4,0.4,10,0.42857142857142855,14,0.125,24,0.0,31,baking,S-rephrased,,,False,main-baking-S-rephrased-r0,False,stop,379,250,27
movement-closure-v1,c009,9,9,conversation:c009:0,c009:turn:9,9,False,5,5,True,27,0,0,,,0.0,4,4,1.0,0.0,14.814814814814815,17,9,0.5294117647058824,0.13793103448275862,33.333333333333336,25,24,0.96,0.01818181818181818,88.88888888888889,246,2,0,0.0,1.0,0.0,20,17,0.85,0.06666666666666667,6.9105691056910565,91,30,0.32967032967032966,0.35294117647058826,12.195121951219512,233,167,0.7167381974248928,0.11494252873563218,67.88617886178862,,0,,0,0.0,4,0.0,4,0.3333333333333333,9,0.4,10,0.125,24,0.0,30,baking,S-rephrased,,,False,main-baking-S-rephrased-r0,False,stop,379,250,27
movement-closure-v1,c009,10,10,conversation:c009:0,c009:turn:10,10,False,3,3,True,29,0,0,,,0.0,3,3,1.0,0.0,10.344827586206897,16,12,0.75,0.0967741935483871,41.37931034482759,27,26,0.9629629629629629,0.0196078431372549,89.65517241379311,217,2,2,1.0,0.0,0.9216589861751152,8,7,0.875,0.05263157894736842,3.225806451612903,77,24,0.3116883116883117,0.344,11.059907834101383,195,149,0.764102564102564,0.09743589743589744,68.66359447004608,,0,,0,0.0,3,0.0,4,0.16666666666666666,12,0.2,10,0.038461538461538464,26,0.0,24,baking,S-rephrased,,,False,main-baking-S-rephrased-r0,False,stop,361,211,27
movement-closure-v1,c009,10,10,conversation:c009:0,c009:turn:10,10,False,5,5,True,29,0,0,,,0.0,3,3,1.0,0.0,10.344827586206897,16,12,0.75,0.0967741935483871,41.37931034482759,27,26,0.9629629629629629,0.0196078431372549,89.65517241379311,217,2,1,0.5,0.2,0.4608294930875576,8,6,0.75,0.05263157894736842,2.7649769585253456,77,18,0.23376623376623376,0.344,8.294930875576037,195,138,0.7076923076923077,0.09743589743589744,63.59447004608295,,0,,0,0.0,3,0.0,4,0.16666666666666666,12,0.2222222222222222,9,0.038461538461538464,26,0.0,24,baking,S-rephrased,,,False,main-baking-S-rephrased-r0,False,stop,361,211,27
movement-closure-v1,c201,1,1,conversation:c201:0,c201:turn:1,1,False,3,0,False,32,0,,,,,2,,,,,18,,,,,30,,,,,377,3,,,,,19,,,,,123,,,,,359,,,,,,,,,,,,,,,,,,,,,network,F-new,,,True,main-network-F-new-r1,False,stop,570,368,30
movement-closure-v1,c201,1,1,conversation:c201:0,c201:turn:1,1,False,5,0,False,32,0,,,,,2,,,,,18,,,,,30,,,,,377,3,,,,,19,,,,,123,,,,,359,,,,,,,,,,,,,,,,,,,,,network,F-new,,,True,main-network-F-new-r1,False,stop,570,368,30
movement-closure-v1,c201,2,2,conversation:c201:0,c201:turn:2,2,False,3,1,False,22,0,0,,,0.0,0,0,,0.0,0.0,14,12,0.8571428571428571,0.06666666666666667,54.54545454545455,20,20,1.0,0.0,90.9090909090909,349,2,0,0.0,0.6666666666666666,0.0,10,10,1.0,0.0,2.865329512893983,102,60,0.5882352941176471,0.22950819672131148,17.191977077363898,329,291,0.8844984802431611,0.05846153846153846,83.3810888252149,,0,,,,0,,,0.3333333333333333,12,,,0.0,20,,,network,F-new,,,True,main-network-F-new-r1,False,stop,582,360,22
movement-closure-v1,c201,2,2,conversation:c201:0,c201:turn:2,2,False,5,1,False,22,0,0,,,0.0,0,0,,0.0,0.0,14,12,0.8571428571428571,0.06666666666666667,54.54545454545455,20,20,1.0,0.0,90.9090909090909,349,2,0,0.0,0.6666666666666666,0.0,10,10,1.0,0.0,2.865329512893983,102,60,0.5882352941176471,0.22950819672131148,17.191977077363898,329,291,0.8844984802431611,0.05846153846153846,83.3810888252149,,0,,,,0,,,0.3333333333333333,12,,,0.0,20,,,network,F-new,,,True,main-network-F-new-r1,False,stop,582,360,22
movement-closure-v1,c201,3,3,conversation:c201:0,c201:turn:3,3,False,3,2,False,19,2,2,1.0,0.0,10.526315789473685,0,0,,,0.0,9,9,1.0,0.0,47.36842105263158,17,17,1.0,0.0,89.47368421052632,342,6,4,0.6666666666666666,0.3333333333333333,1.1695906432748537,16,16,1.0,0.0,4.678362573099415,98,60,0.6122448979591837,0.1834319526627219,17.54385964912281,297,276,0.9292929292929293,0.027914614121510674,80.70175438596492,0.0,2,,0,,0,,0,0.8888888888888888,9,0.0,12,0.0,17,0.0,20,network,F-new,,,True,main-network-F-new-r1,False,stop,517,334,19
movement-closure-v1,c201,3,3,conversation:c201:0,c201:turn:3,3,False,5,2,False,19,2,2,1.0,0.0,10.526315789473685,0,0,,,0.0,9,9,1.0,0.0,47.36842105263158,17,17,1.0,0.0,89.47368421052632,342,6,4,0.6666666666666666,0.3333333333333333,1.1695906432748537,16,16,1.0,0.0,4.678362573099415,98,60,0.6122448979591837,0.1834319526627219,17.54385964912281,297,276,0.9292929292929293,0.027914614121510674,80.70175438596492,0.0,2,,0,,0,,0,0.8888888888888888,9,0.0,12,0.0,17,0.0,20,network,F-new,,,True,main-network-F-new-r1,False,stop,517,334,19
movement-closure-v1,c201,4,4,conversation:c201:0,c201:turn:4,4,False,3,3,True,24,1,0,0.0,0.5,0.0,1,1,1.0,0.0,4.166666666666667,12,6,0.5,0.13043478260869565,25.0,22,22,1.0,0.0,91.66666666666667,226,6,1,0.16666666666666666,0.7142857142857143,0.4424778761061947,7,7,1.0,0.0,3.0973451327433628,74,37,0.5,0.18620689655172415,16.371681415929203,207,191,0.9227053140096618,0.02857142857142857,84.51327433628319,,0,0.0,2,0.0,1,,0,0.5,6,0.4444444444444444,9,0.13636363636363635,22,0.0,17,network,F-new,,,True,main-network-F-new-r1,False,stop,358,221,24
movement-closure-v1,c201,4,4,conversation:c201:0,c201:turn:4,4,False,5,3,False,24,1,0,0.0,0.5,0.0,1,1,1.0,0.0,4.166666666666667,12,6,0.5,0.13043478260869565,25.0,22,22,1.0,0.0,91.66666666666667,226,6,1,0.16666666666666666,0.7142857142857143,0.4424778761061947,7,7,1.0,0.0,3.0973451327433628,74,37,0.5,0.18620689655172415,16.371681415929203,207,191,0.9227053140096618,0.02857142857142857,84.51327433628319,,0,0.0,2,0.0,1,,0,0.5,6,0.4444444444444444,9,0.13636363636363635,22,0.0,17,network,F-new,,,True,main-network-F-new-r1,False,stop,358,221,24
movement-closure-v1,c201,5,5,conversation:c201:0,c201:turn:5,5,False,3,3,True,20,0,0,,,0.0,0,0,,,0.0,13,12,0.9230769230769231,0.038461538461538464,60.0,18,18,1.0,0.0,90.0,312,4,2,0.5,0.5,0.6410256410256411,14,14,1.0,0.0,4.487179487179487,79,41,0.5189873417721519,0.17532467532467533,13.14102564102564,265,241,0.909433962264151,0.025906735751295335,77.24358974358974,,0,,0,,0,0.0,1,0.6666666666666666,12,0.0,6,0.1111111111111111,18,0.0,22,network,F-new,,,True,main-network-F-new-r1,False,stop,509,314,20
movement-closure-v1,c201,5,5,conversation:c201:0,c201:turn:5,5,False,5,4,False,20,0,0,,,0.0,0,0,,,0.0,13,12,0.9230769230769231,0.038461538461538464,60.0,18,18,1.0,0.0,90.0,312,4,1,0.25,0.75,0.32051282051282054,14,14,1.0,0.0,4.487179487179487,79,39,0.4936708860759494,0.17532467532467533,12.5,265,237,0.8943396226415095,0.025906735751295335,75.96153846153847,,0,,0,,0,0.0,1,0.6666666666666666,12,0.0,6,0.1111111111111111,18,0.0,22,network,F-new,,,True,main-network-F-new-r1,False,stop,509,314,20
movement-closure-v1,c201,6,6,conversation:c201:0,c201:turn:6,6,False,3,3,True,20,0,0,,,0.0,0,0,,,0.0,13,10,0.7692307692307693,0.08333333333333333,50.0,18,17,0.9444444444444444,0.02857142857142857,85.0,294,3,0,0.0,0.75,0.0,7,7,1.0,0.0,2.380952380952381,64,30,0.46875,0.20168067226890757,10.204081632653061,234,190,0.811965811965812,0.08008658008658008,64.62585034013605,,0,,0,,0,,0,0.6,10,0.08333333333333333,12,0.17647058823529413,17,0.0,18,network,F-new,,,True,main-network-F-new-r1,False,stop,506,302,20
movement-closure-v1,c201,6,6,conversation:c201:0,c201:turn:6,6,False,5,5,True,20,0,0,,,0.0,0,0,,,0.0,13,10,0.7692307692307693,0.08333333333333333,50.0,18,17,0.9444444444444444,0.02857142857142857,85.0,294,3,0,0.0,1.0,0.0,7,7,1.0,0.0,2.380952380952381,64,23,0.359375,0.20168067226890757,7.8231292517006805,234,190,0.811965811965812,0.08008658008658008,64.62585034013605,,0,,0,,0,,0,0.6,10,0.08333333333333333,12,0.17647058823529413,17,0.0,18,network,F-new,,,True,main-network-F-new-r1,False,stop,506,302,20
movement-closure-v1,c201,7,7,conversation:c201:0,c201:turn:7,7,False,3,3,True,19,0,0,,,0.0,0,0,,,0.0,12,8,0.6666666666666666,0.19047619047619047,42.10526315789474,17,10,0.5882352941176471,0.25,52.63157894736842,324,3,0,0.0,1.0,0.0,4,4,1.0,0.0,1.2345679012345678,69,40,0.5797101449275363,0.16666666666666666,12.345679012345679,236,206,0.8728813559322034,0.06334841628959276,63.58024691358025,,0,,0,,0,,0,0.75,8,0.4,10,0.2,10,0.11764705882352941,17,network,F-new,,,True,main-network-F-new-r1,False,stop,513,329,19
movement-closure-v1,c201,7,7,conversation:c201:0,c201:turn:7,7,False,5,5,True,19,0,0,,,0.0,0,0,,,0.0,12,8,0.6666666666666666,0.19047619047619047,42.10526315789474,17,10,0.5882352941176471,0.25,52.63157894736842,324,3,0,0.0,1.0,0.0,4,4,1.0,0.0,1.2345679012345678,69,34,0.4927536231884058,0.16666666666666666,10.493827160493828,236,203,0.8601694915254238,0.06334841628959276,62.65432098765432,,0,,0,,0,,0,0.75,8,0.4,10,0.2,10,0.11764705882352941,17,network,F-new,,,True,main-network-F-new-r1,False,stop,513,329,19
movement-closure-v1,c201,8,8,conversation:c201:0,c201:turn:8,8,False,3,3,True,18,2,2,1.0,0.0,11.11111111111111,0,0,,,0.0,8,7,0.875,0.05263157894736842,38.888888888888886,16,15,0.9375,0.03125,83.33333333333333,323,7,4,0.5714285714285714,0.42857142857142855,1.238390092879257,6,6,1.0,0.0,1.8575851393188854,60,26,0.43333333333333335,0.22857142857142856,8.04953560371517,228,178,0.7807017543859649,0.0765661252900232,55.10835913312693,1.0,2,,0,,0,,0,0.7142857142857143,7,0.25,8,0.6,15,0.0,10,network,F-new,,,True,main-network-F-new-r1,False,stop,583,333,18
movement-closure-v1,c201,8,8,conversation:c201:0,c201:turn:8,8,False,5,5,True,18,2,2,1.0,0.0,11.11111111111111,0,0,,,0.0,8,7,0.875,0.05263157894736842,38.888888888888886,16,15,0.9375,0.03125,83.33333333333333,323,7,4,0.5714285714285714,0.42857142857142855,1.238390092879257,6,6,1.0,0.0,1.8575851393188854,60,23,0.38333333333333336,0.22857142857142856,7.120743034055727,228,176,0.7719298245614035,0.0765661252900232,54.4891640866873,1.0,2,,0,,0,,0,0.7142857142857143,7,0.25,8,0.6,15,0.0,10,network,F-new,,,True,main-network-F-new-r1,False,stop,583,333,18
movement-closure-v1,c201,9,9,conversation:c201:0,c201:turn:9,9,False,3,3,True,26,0,0,,,0.0,2,2,1.0,0.0,7.6923076923076925,12,11,0.9166666666666666,0.041666666666666664,42.30769230769231,24,24,1.0,0.0,92.3076923076923,272,2,0,0.0,0.6666666666666666,0.0,11,11,1.0,0.0,4.044117647058823,62,44,0.7096774193548387,0.10909090909090909,16.176470588235293,214,204,0.9532710280373832,0.015873015873015872,75.0,,0,0.5,2,1.0,2,,0,0.5454545454545454,11,0.0,7,0.4166666666666667,24,0.0,15,network,F-new,,,True,main-network-F-new-r1,False,stop,460,277,25
movement-closure-v1,c201,9,9,conversation:c201:0,c201:turn:9,9,False,5,5,True,26,0,0,,,0.0,2,2,1.0,0.0,7.6923076923076925,12,11,0.9166666666666666,0.041666666666666664,42.30769230769231,24,24,1.0,0.0,92.3076923076923,272,2,0,0.0,0.6666666666666666,0.0,11,11,1.0,0.0,4.044117647058823,62,41,0.6612903225806451,0.10909090909090909,15.073529411764707,214,203,0.9485981308411215,0.015873015873015872,74.63235294117646,,0,0.5,2,1.0,2,,0,0.5454545454545454,11,0.0,7,0.4166666666666667,24,0.0,15,network,F-new,,,True,main-network-F-new-r1,False,stop,460,277,25
movement-closure-v1,c201,10,10,conversation:c201:0,c201:turn:10,10,False,3,3,True,27,0,0,,,0.0,1,1,1.0,0.0,3.7037037037037037,13,3,0.23076923076923078,0.6666666666666666,11.11111111111111,25,15,0.6,0.2564102564102564,55.55555555555556,207,4,2,0.5,0.5,0.966183574879227,8,8,1.0,0.0,3.864734299516908,67,21,0.31343283582089554,0.3870967741935484,10.144927536231885,187,130,0.6951871657754011,0.15561959654178675,62.80193236714976,,0,,0,0.0,1,0.0,2,0.0,3,0.8181818181818182,11,0.2,15,0.3333333333333333,24,network,F-new,,,True,main-network-F-new-r1,False,stop,342,209,26
movement-closure-v1,c201,10,10,conversation:c201:0,c201:turn:10,10,False,5,5,True,27,0,0,,,0.0,1,1,1.0,0.0,3.7037037037037037,13,3,0.23076923076923078,0.6666666666666666,11.11111111111111,25,15,0.6,0.2564102564102564,55.55555555555556,207,4,2,0.5,0.5,0.966183574879227,8,8,1.0,0.0,3.864734299516908,67,21,0.31343283582089554,0.3870967741935484,10.144927536231885,187,130,0.6951871657754011,0.15561959654178675,62.80193236714976,,0,,0,0.0,1,0.0,2,0.0,3,0.8181818181818182,11,0.2,15,0.3333333333333333,24,network,F-new,,,True,main-network-F-new-r1,False,stop,342,209,26
movement-closure-v1,c202,1,1,conversation:c202:0,c202:turn:1,1,False,3,0,False,32,0,,,,,2,,,,,18,,,,,30,,,,,444,3,,,,,18,,,,,131,,,,,417,,,,,,,,,,,,,,,,,,,,,network,F-same,,,True,main-network-F-same-r2,False,stop,665,439,30
movement-closure-v1,c202,1,1,conversation:c202:0,c202:turn:1,1,False,5,0,False,32,0,,,,,2,,,,,18,,,,,30,,,,,444,3,,,,,18,,,,,131,,,,,417,,,,,,,,,,,,,,,,,,,,,network,F-same,,,True,main-network-F-same-r2,False,stop,665,439,30
movement-closure-v1,c202,2,2,conversation:c202:0,c202:turn:2,2,False,3,1,False,27,2,2,1.0,0.0,7.407407407407407,2,2,1.0,0.0,7.407407407407407,15,10,0.6666666666666666,0.17857142857142858,37.03703703703704,25,24,0.96,0.018518518518518517,88.88888888888889,435,5,2,0.4,0.6,0.45977011494252873,13,12,0.9230769230769231,0.03333333333333333,2.7586206896551726,126,75,0.5952380952380952,0.24757281553398058,17.24137931034483,397,364,0.9168765743073047,0.04225352112676056,83.67816091954023,1.0,2,,,0.0,2,,,0.5,10,,,0.20833333333333334,24,,,network,F-same,,,True,main-network-F-same-r2,False,stop,663,435,26
movement-closure-v1,c202,2,2,conversation:c202:0,c202:turn:2,2,False,5,1,False,27,2,2,1.0,0.0,7.407407407407407,2,2,1.0,0.0,7.407407407407407,15,10,0.6666666666666666,0.17857142857142858,37.03703703703704,25,24,0.96,0.018518518518518517,88.88888888888889,435,5,2,0.4,0.6,0.45977011494252873,13,12,0.9230769230769231,0.03333333333333333,2.7586206896551726,126,75,0.5952380952380952,0.24757281553398058,17.24137931034483,397,364,0.9168765743073047,0.04225352112676056,83.67816091954023,1.0,2,,,0.0,2,,,0.5,10,,,0.20833333333333334,24,,,network,F-same,,,True,main-network-F-same-r2,False,stop,663,435,26
movement-closure-v1,c202,3,3,conversation:c202:0,c202:turn:3,3,False,3,2,False,31,2,1,0.5,0.3333333333333333,3.225806451612903,2,2,1.0,0.0,6.451612903225806,16,7,0.4375,0.4090909090909091,22.580645161290324,29,22,0.7586206896551724,0.14893617021276595,70.96774193548387,392,5,0,0.0,1.0,0.0,11,9,0.8181818181818182,0.09090909090909091,2.295918367346939,111,35,0.3153153153153153,0.41916167664670656,8.928571428571429,350,262,0.7485714285714286,0.1199400299850075,66.83673469387755,0.0,1,1.0,2,0.0,2,0.0,2,0.2857142857142857,7,0.7,10,0.09090909090909091,22,0.20833333333333334,24,network,F-same,,,True,main-network-F-same-r2,False,stop,626,388,27
movement-closure-v1,c202,3,3,conversation:c202:0,c202:turn:3,3,False,5,2,False,31,2,1,0.5,0.3333333333333333,3.225806451612903,2,2,1.0,0.0,6.451612903225806,16,7,0.4375,0.4090909090909091,22.580645161290324,29,22,0.7586206896551724,0.14893617021276595,70.96774193548387,392,5,0,0.0,1.0,0.0,11,9,0.8181818181818182,0.09090909090909091,2.295918367346939,111,35,0.3153153153153153,0.41916167664670656,8.928571428571429,350,262,0.7485714285714286,0.1199400299850075,66.83673469387755,0.0,1,1.0,2,0.0,2,0.0,2,0.2857142857142857,7,0.7,10,0.09090909090909091,22,0.20833333333333334,24,network,F-same,,,True,main-network-F-same-r2,False,stop,626,388,27
movement-closure-v1,c202,4,4,conversation:c202:0,c202:turn:4,4,False,3,3,True,26,2,1,0.5,0.3333333333333333,3.8461538461538463,1,0,0.0,0.5,0.0,14,3,0.21428571428571427,0.5263157894736842,11.538461538461538,24,9,0.375,0.2926829268292683,34.61538461538461,273,5,2,0.4,0.42857142857142855,0.7326007326007326,11,9,0.8181818181818182,0.047619047619047616,3.2967032967032965,79,18,0.22784810126582278,0.37681159420289856,6.593406593406593,232,167,0.7198275862068966,0.08785046728971962,61.172161172161175,1.0,1,0.0,1,,0,0.0,2,0.6666666666666666,3,0.5714285714285714,7,0.1111111111111111,9,0.2727272727272727,22,network,F-same,,,True,main-network-F-same-r2,False,stop,463,266,25
movement-closure-v1,c202,4,4,conversation:c202:0,c202:turn:4,4,False,5,3,False,26,2,1,0.5,0.3333333333333333,3.8461538461538463,1,0,0.0,0.5,0.0,14,3,0.21428571428571427,0.5263157894736842,11.538461538461538,24,9,0.375,0.2926829268292683,34.61538461538461,273,5,2,0.4,0.42857142857142855,0.7326007326007326,11,9,0.8181818181818182,0.047619047619047616,3.2967032967032965,79,18,0.22784810126582278,0.37681159420289856,6.593406593406593,232,167,0.7198275862068966,0.08785046728971962,61.172161172161175,1.0,1,0.0,1,,0,0.0,2,0.6666666666666666,3,0.5714285714285714,7,0.1111111111111111,9,0.2727272727272727,22,network,F-same,,,True,main-network-F-same-r2,False,stop,463,266,25
movement-closure-v1,c202,5,5,conversation:c202:0,c202:turn:5,5,False,3,3,True,26,2,1,0.5,0.3333333333333333,3.8461538461538463,1,1,1.0,0.0,3.8461538461538463,14,3,0.21428571428571427,0.5789473684210527,11.538461538461538,24,9,0.375,0.2926829268292683,34.61538461538461,220,6,2,0.3333333333333333,0.5714285714285714,0.9090909090909091,11,11,1.0,0.0,5.0,59,23,0.3898305084745763,0.24324324324324326,10.454545454545455,187,156,0.8342245989304813,0.05012531328320802,70.9090909090909,1.0,1,1.0,1,0.0,1,,0,0.3333333333333333,3,0.3333333333333333,3,0.3333333333333333,9,0.3333333333333333,9,network,F-same,,,True,main-network-F-same-r2,False,stop,395,223,25
movement-closure-v1,c202,5,5,conversation:c202:0,c202:turn:5,5,False,5,4,False,26,2,1,0.5,0.3333333333333333,3.8461538461538463,1,1,1.0,0.0,3.8461538461538463,14,3,0.21428571428571427,0.5789473684210527,11.538461538461538,24,9,0.375,0.2926829268292683,34.61538461538461,220,6,2,0.3333333333333333,0.5714285714285714,0.9090909090909091,11,11,1.0,0.0,5.0,59,23,0.3898305084745763,0.24324324324324326,10.454545454545455,187,156,0.8342245989304813,0.05012531328320802,70.9090909090909,1.0,1,1.0,1,0.0,1,,0,0.3333333333333333,3,0.3333333333333333,3,0.3333333333333333,9,0.3333333333333333,9,network,F-same,,,True,main-network-F-same-r2,False,stop,395,223,25
movement-closure-v1,c202,6,6,conversation:c202:0,c202:turn:6,6,False,3,3,True,28,3,1,0.3333333333333333,0.6666666666666666,3.5714285714285716,0,0,,0.0,0.0,15,8,0.5333333333333333,0.3181818181818182,28.571428571428573,26,17,0.6538461538461539,0.1702127659574468,60.714285714285715,258,5,1,0.2,0.5714285714285714,0.3875968992248062,8,8,1.0,0.0,3.10077519379845,58,22,0.3793103448275862,0.25806451612903225,8.527131782945736,226,186,0.8230088495575221,0.07272727272727272,72.09302325581395,1.0,1,1.0,1,,0,0.0,1,0.375,8,0.3333333333333333,3,0.29411764705882354,17,0.1111111111111111,9,network,F-same,,,True,main-network-F-same-r2,False,stop,472,260,28
movement-closure-v1,c202,6,6,conversation:c202:0,c202:turn:6,6,False,5,5,True,28,3,1,0.3333333333333333,0.6666666666666666,3.5714285714285716,0,0,,0.0,0.0,15,7,0.4666666666666667,0.3181818181818182,25.0,26,17,0.6538461538461539,0.1702127659574468,60.714285714285715,258,5,1,0.2,0.5714285714285714,0.3875968992248062,8,8,1.0,0.0,3.10077519379845,58,20,0.3448275862068966,0.25806451612903225,7.751937984496124,226,185,0.8185840707964602,0.07272727272727272,71.70542635658914,1.0,1,1.0,1,,0,0.0,1,0.2857142857142857,7,0.3333333333333333,3,0.29411764705882354,17,0.1111111111111111,9,network,F-same,,,True,main-network-F-same-r2,False,stop,472,260,28
movement-closure-v1,c202,7,7,conversation:c202:0,c202:turn:7,7,False,3,3,True,34,2,0,0.0,1.0,0.0,0,0,,,0.0,18,4,0.2222222222222222,0.5,11.764705882352942,32,22,0.6875,0.16,64.70588235294117,296,5,1,0.2,0.6666666666666666,0.33783783783783783,1,1,1.0,0.0,0.33783783783783783,82,33,0.4024390243902439,0.32075471698113206,11.14864864864865,248,199,0.8024193548387096,0.0896551724137931,67.22972972972973,,0,0.0,1,,0,,0,0.75,4,0.625,8,0.22727272727272727,22,0.058823529411764705,17,network,F-same,,,True,main-network-F-same-r2,False,stop,558,296,33
movement-closure-v1,c202,7,7,conversation:c202:0,c202:turn:7,7,False,5,5,True,34,2,0,0.0,1.0,0.0,0,0,,,0.0,18,4,0.2222222222222222,0.5,11.764705882352942,32,22,0.6875,0.16,64.70588235294117,296,5,0,0.0,0.6666666666666666,0.0,1,1,1.0,0.0,0.33783783783783783,82,24,0.2926829268292683,0.32075471698113206,8.108108108108109,248,189,0.7620967741935484,0.0896551724137931,63.851351351351354,,0,0.0,1,,0,,0,0.75,4,0.5714285714285714,7,0.22727272727272727,22,0.058823529411764705,17,network,F-same,,,True,main-network-F-same-r2,False,stop,558,296,33
movement-closure-v1,c202,8,8,conversation:c202:0,c202:turn:8,8,False,3,3,True,31,3,1,0.3333333333333333,0.6666666666666666,3.225806451612903,0,0,,,0.0,17,4,0.23529411764705882,0.5909090909090909,12.903225806451612,29,14,0.4827586206896552,0.25,45.16129032258065,236,0,0,,0.0,0.0,2,2,1.0,0.0,0.847457627118644,36,8,0.2222222222222222,0.22916666666666666,3.389830508474576,146,103,0.7054794520547946,0.09141274238227147,43.644067796610166,0.0,1,,0,,0,,0,0.25,4,0.5,4,0.0,14,0.0,22,network,F-same,,,True,main-network-F-same-r2,False,stop,440,235,30
movement-closure-v1,c202,8,8,conversation:c202:0,c202:turn:8,8,False,5,5,True,31,3,1,0.3333333333333333,0.6666666666666666,3.225806451612903,0,0,,,0.0,17,2,0.11764705882352941,0.5909090909090909,6.451612903225806,29,13,0.4482758620689655,0.25,41.935483870967744,236,0,0,,0.0,0.0,2,2,1.0,0.0,0.847457627118644,36,8,0.2222222222222222,0.22916666666666666,3.389830508474576,146,103,0.7054794520547946,0.09141274238227147,43.644067796610166,0.0,1,,0,,0,,0,0.0,2,0.5,4,0.0,13,0.0,22,network,F-same,,,True,main-network-F-same-r2,False,stop,440,235,30
movement-closure-v1,c202,9,9,conversation:c202:0,c202:turn:9,9,False,3,3,True,31,2,1,0.5,0.3333333333333333,3.225806451612903,0,0,,,0.0,16,1,0.0625,0.7368421052631579,3.225806451612903,29,9,0.3103448275862069,0.38095238095238093,29.032258064516128,145,2,0,0.0,0.4,0.0,0,0,,0.0,0.0,26,0,0.0,0.5897435897435898,0.0,74,25,0.33783783783783783,0.22905027932960895,17.24137931034483,0.0,1,0.0,1,,0,,0,0.0,1,0.25,4,0.0,9,0.0,14,network,F-same,,,True,main-network-F-same-r2,False,stop,268,145,30
movement-closure-v1,c202,9,9,conversation:c202:0,c202:turn:9,9,False,5,5,True,31,2,1,0.5,0.3333333333333333,3.225806451612903,0,0,,,0.0,16,1,0.0625,0.7368421052631579,3.225806451612903,29,9,0.3103448275862069,0.38095238095238093,29.032258064516128,145,2,0,0.0,0.4,0.0,0,0,,0.0,0.0,26,0,0.0,0.5897435897435898,0.0,74,25,0.33783783783783783,0.22905027932960895,17.24137931034483,0.0,1,0.0,1,,0,,0,0.0,1,0.0,2,0.0,9,0.0,13,network,F-same,,,True,main-network-F-same-r2,False,stop,268,145,30
movement-closure-v1,c202,10,10,conversation:c202:0,c202:turn:10,10,False,3,3,True,32,2,1,0.5,0.3333333333333333,3.125,0,0,,,0.0,19,5,0.2631578947368421,0.6666666666666666,15.625,30,9,0.3,0.5526315789473685,28.125,183,2,0,0.0,1.0,0.0,0,0,,,0.0,22,0,0.0,0.8461538461538461,0.0,61,2,0.03278688524590164,0.7532467532467533,1.092896174863388,0.0,1,0.0,1,,0,,0,0.0,5,0.0,1,0.0,9,0.0,9,network,F-same,,,True,main-network-F-same-r2,False,stop,346,183,31
movement-closure-v1,c202,10,10,conversation:c202:0,c202:turn:10,10,False,5,5,True,32,2,1,0.5,0.3333333333333333,3.125,0,0,,,0.0,19,5,0.2631578947368421,0.6666666666666666,15.625,30,9,0.3,0.5526315789473685,28.125,183,2,0,0.0,1.0,0.0,0,0,,,0.0,22,0,0.0,0.8461538461538461,0.0,61,2,0.03278688524590164,0.7532467532467533,1.092896174863388,0.0,1,0.0,1,,0,,0,0.0,5,0.0,1,0.0,9,0.0,9,network,F-same,,,True,main-network-F-same-r2,False,stop,346,183,31
